"Id";"ValgId";"AdrKom";"ValgstedKode";"Kreds Nr";"Valgsted Id";"RefValgId";"RefValgstedKode";"RefValgstedId";"RefAdrKom";"RefKredsNr";"Personer";"TotalPersoner";"Divergens";"Multi";"Fejl";"DivergensGruppe";"DivergensGruppePersoner";"OrgGruppe";"GeoId"
"1";"285";"101";"30";"6";"9791";"285";"30";"9791";"101";"6";"11312";"11312";"0";"1";"0";"101030";"11312";"101030";"101030"
"2";"285";"740";"30";"78";"9659";"285";"30";"9659";"740";"78";"3015";"3015";"0";"1";"0";"740030";"3015";"740030";"740030"
"3";"285";"400";"9";"27";"9440";"285";"9";"9440";"400";"27";"2501";"2501";"0";"1";"0";"400009";"2501";"400009";"400009"
"4";"285";"270";"7";"23";"8588";"285";"7";"8588";"270";"23";"1431";"1431";"0";"1";"0";"270007";"1431";"270007";"270007"
"5";"285";"730";"37";"68";"9907";"285";"37";"9907";"730";"68";"835";"835";"0";"1";"0";"730037";"835";"730037";"730037"
"6";"285";"390";"3";"31";"9450";"285";"3";"9450";"390";"31";"2962";"2962";"0";"1";"0";"390003";"2962";"390003";"390003"
"7";"285";"727";"5";"70";"9079";"285";"5";"9079";"727";"70";"1773";"1773";"0";"1";"0";"727005";"1773";"727005";"727005"
"8";"285";"791";"14";"76";"9559";"285";"14";"9559";"791";"76";"2732";"2732";"0";"1";"0";"791014";"2732";"791014";"791014"
"9";"285";"540";"3";"49";"9600";"285";"3";"9600";"540";"49";"2592";"2592";"0";"1";"0";"540003";"2592";"540003";"540003"
"10";"285";"153";"3";"18";"9908";"285";"3";"9908";"153";"18";"3362";"3362";"0";"1";"0";"153003";"3362";"153003";"153003"
"11";"285";"550";"17";"51";"8896";"285";"17";"8896";"550";"51";"1755";"1755";"0";"1";"0";"550017";"1755";"550017";"550017"
"12";"285";"860";"12";"85";"9222";"285";"12";"9222";"860";"85";"1950";"1950";"0";"1";"0";"860012";"1950";"860012";"860012"
"13";"285";"390";"12";"31";"9458";"285";"12";"9458";"390";"31";"3567";"3567";"0";"1";"0";"390012";"3567";"390012";"390012"
"14";"285";"573";"14";"54";"8927";"285";"14";"8927";"573";"54";"796";"796";"0";"1";"0";"573014";"796";"573014";"573014"
"15";"285";"615";"5";"71";"9877";"285";"5";"9877";"615";"71";"4795";"4795";"0";"1";"0";"615005";"4795";"615005";"615005"
"16";"285";"751";"1";"62";"9565";"285";"1";"9565";"751";"62";"14629";"14629";"0";"1";"0";"751001";"14629";"751001";"751001"
"17";"285";"657";"25";"81";"9579";"285";"25";"9579";"657";"81";"1031";"1031";"0";"1";"0";"657025";"1031";"657025";"657025"
"18";"285";"860";"27";"85";"9234";"285";"27";"9234";"860";"85";"1106";"1106";"0";"1";"0";"860027";"1106";"860027";"860027"
"19";"285";"165";"2";"19";"8540";"285";"2";"8540";"165";"19";"3688";"3688";"0";"1";"0";"165002";"3688";"165002";"165002"
"20";"285";"773";"18";"87";"9286";"285";"18";"9286";"773";"87";"7871";"7871";"0";"1";"0";"773018";"7871";"773018";"773018"
"21";"285";"175";"6";"16";"10062";"285";"6";"10062";"175";"16";"5078";"5078";"0";"1";"0";"175006";"5078";"175006";"175006"
"22";"285";"615";"12";"71";"9093";"285";"12";"9093";"615";"71";"3108";"3108";"0";"1";"0";"615012";"3108";"615012";"615012"
"23";"285";"575";"12";"55";"9501";"285";"12";"9501";"575";"55";"408";"408";"0";"1";"0";"575012";"408";"575012";"575012"
"24";"285";"147";"5";"11";"9817";"285";"5";"9817";"147";"11";"11895";"11895";"0";"1";"0";"147005";"11895";"147005";"147005"
"25";"285";"851";"32";"90";"9345";"285";"32";"9345";"851";"90";"3448";"3448";"0";"1";"0";"851032";"3448";"851032";"851032"
"26";"285";"766";"23";"72";"9117";"285";"23";"9117";"766";"72";"676";"676";"0";"1";"0";"766023";"676";"766023";"766023"
"27";"285";"706";"2";"66";"8986";"285";"2";"8986";"706";"66";"3367";"3367";"0";"1";"0";"706002";"3367";"706002";"706002"
"28";"285";"223";"1";"22";"8572";"285";"1";"8572";"223";"22";"5123";"5123";"0";"1";"0";"223001";"5123";"223001";"223001"
"29";"285";"326";"3";"38";"9471";"285";"3";"9471";"326";"38";"3423";"3423";"0";"1";"0";"326003";"3423";"326003";"326003"
"30";"285";"370";"1";"32";"9967";"285";"1";"9967";"370";"32";"3807";"3807";"0";"1";"0";"370001";"3807";"370001";"370001"
"31";"285";"820";"14";"88";"9754";"285";"14";"9754";"820";"88";"707";"707";"0";"1";"0";"820014";"707";"820014";"820014"
"32";"285";"316";"15";"37";"9597";"285";"15";"9597";"316";"37";"813";"813";"0";"1";"0";"316015";"813";"316015";"316015"
"33";"285";"851";"24";"91";"9353";"285";"24";"9353";"851";"91";"5907";"5907";"0";"1";"0";"851024";"5907";"851024";"851024"
"34";"285";"791";"2";"75";"9547";"285";"2";"9547";"791";"75";"2667";"2667";"0";"1";"0";"791002";"2667";"791002";"791002"
"35";"285";"269";"5";"35";"8703";"285";"5";"8703";"269";"35";"7854";"7854";"0";"1";"0";"269005";"7854";"269005";"269005"
"36";"285";"766";"5";"72";"9101";"285";"5";"9101";"766";"72";"514";"514";"0";"1";"0";"766005";"514";"766005";"766005"
"37";"285";"730";"30";"67";"9054";"285";"30";"9054";"730";"67";"3248";"3248";"0";"1";"0";"730030";"3248";"730030";"730030"
"38";"285";"259";"12";"34";"8684";"285";"12";"8684";"259";"34";"4917";"4917";"0";"1";"0";"259012";"4917";"259012";"259012"
"39";"285";"810";"6";"86";"9241";"285";"6";"9241";"810";"86";"1564";"1564";"0";"1";"0";"810006";"1564";"810006";"810006"
"40";"285";"330";"20";"40";"8770";"285";"20";"8770";"330";"40";"4660";"4660";"0";"1";"0";"330020";"4660";"330020";"330020"
"41";"285";"665";"1";"73";"9120";"285";"1";"9120";"665";"73";"5816";"5816";"0";"1";"0";"665001";"5816";"665001";"665001"
"42";"285";"860";"20";"85";"9229";"285";"20";"9229";"860";"85";"967";"967";"0";"1";"0";"860020";"967";"860020";"860020"
"43";"285";"161";"4";"20";"8559";"285";"4";"8559";"161";"20";"3656";"3656";"0";"1";"0";"161004";"3656";"161004";"161004"
"44";"285";"661";"1";"82";"9538";"285";"1";"9538";"661";"82";"14940";"14940";"0";"1";"0";"661001";"14940";"661001";"661001"
"45";"285";"350";"12";"34";"8698";"285";"12";"8698";"350";"34";"2485";"2485";"0";"1";"0";"350012";"2485";"350012";"350012"
"46";"285";"661";"6";"82";"9169";"285";"6";"9169";"661";"82";"4541";"4541";"0";"1";"0";"661006";"4541";"661006";"661006"
"47";"285";"851";"52";"91";"9355";"285";"52";"9355";"851";"91";"1735";"1735";"0";"1";"0";"851052";"1735";"851052";"851052"
"48";"285";"265";"1";"36";"8704";"285";"1";"8704";"265";"36";"4718";"4718";"0";"1";"0";"265001";"4718";"265001";"265001"
"49";"285";"316";"2";"37";"9584";"285";"2";"9584";"316";"37";"8189";"8189";"0";"1";"0";"316002";"8189";"316002";"316002"
"50";"285";"482";"10";"47";"9490";"285";"10";"9490";"482";"47";"1047";"1047";"0";"1";"0";"482010";"1047";"482010";"482010"
"51";"285";"430";"7";"48";"9846";"285";"7";"9846";"430";"48";"6847";"6847";"0";"1";"0";"430007";"6847";"430007";"430007"
"52";"285";"230";"3";"26";"9743";"285";"3";"9743";"230";"26";"5249";"5249";"0";"1";"0";"230003";"5249";"230003";"230003"
"53";"285";"550";"16";"51";"8895";"285";"16";"8895";"550";"51";"694";"694";"0";"1";"0";"550016";"694";"550016";"550016"
"54";"285";"760";"2";"83";"9174";"285";"2";"9174";"760";"83";"1264";"1264";"0";"1";"0";"760002";"1264";"760002";"760002"
"55";"285";"376";"3";"30";"8629";"285";"3";"8629";"376";"30";"3194";"3194";"0";"1";"0";"376003";"3194";"376003";"376003"
"56";"285";"760";"13";"83";"9179";"285";"13";"9179";"760";"83";"750";"750";"0";"1";"0";"760013";"750";"760013";"760013"
"57";"285";"779";"10";"74";"9141";"285";"10";"9141";"779";"74";"1245";"1245";"0";"1";"0";"779010";"1245";"779010";"779010"
"58";"285";"326";"4";"38";"9472";"285";"4";"9472";"326";"38";"2494";"2494";"0";"1";"0";"326004";"2494";"326004";"326004"
"59";"285";"185";"3";"12";"8491";"285";"3";"8491";"185";"12";"5325";"5325";"0";"1";"0";"185003";"5325";"185003";"185003"
"60";"285";"250";"3";"24";"10028";"285";"3";"10028";"250";"24";"5252";"5252";"0";"1";"0";"250003";"5252";"250003";"250003"
"61";"285";"860";"26";"85";"9233";"285";"26";"9233";"860";"85";"1306";"1306";"0";"1";"0";"860026";"1306";"860026";"860026"
"62";"285";"851";"46";"92";"9362";"285";"46";"9362";"851";"92";"1163";"1163";"0";"1";"0";"851046";"1163";"851046";"851046"
"63";"285";"730";"28";"68";"9905";"285";"28";"9905";"730";"68";"4330";"4330";"0";"1";"0";"730028";"4330";"730028";"730028"
"64";"285";"270";"8";"23";"8589";"285";"8";"8589";"270";"23";"6814";"6814";"0";"1";"0";"270008";"6814";"270008";"270008"
"65";"285";"550";"71";"51";"8907";"285";"71";"8907";"550";"51";"617";"617";"0";"1";"0";"550071";"617";"550071";"550071"
"66";"285";"787";"27";"87";"9312";"285";"27";"9312";"787";"87";"929";"929";"0";"1";"0";"787027";"929";"787027";"787027"
"67";"285";"707";"2";"66";"9041";"285";"2";"9041";"707";"66";"155";"155";"0";"1";"0";"707002";"155";"707002";"707002"
"68";"285";"430";"4";"48";"8869";"285";"4";"8869";"430";"48";"882";"882";"0";"1";"0";"430004";"882";"430004";"430004"
"69";"285";"787";"2";"87";"9288";"285";"2";"9288";"787";"87";"1014";"1014";"0";"1";"0";"787002";"1014";"787002";"787002"
"70";"285";"390";"4";"31";"9451";"285";"4";"9451";"390";"31";"2573";"2573";"0";"1";"0";"390004";"2573";"390004";"390004"
"71";"285";"657";"11";"80";"9662";"285";"11";"9662";"657";"80";"653";"653";"0";"1";"0";"657011";"653";"657011";"657011"
"72";"285";"657";"28";"81";"9671";"285";"28";"9671";"657";"81";"446";"446";"0";"1";"0";"657028";"446";"657028";"657028"
"73";"285";"630";"33";"56";"10021";"285";"33";"10021";"630";"56";"2134";"2134";"0";"1";"0";"630033";"2134";"630033";"630033"
"74";"285";"851";"18";"91";"9351";"285";"18";"9351";"851";"91";"5070";"5070";"0";"1";"0";"851018";"5070";"851018";"851018"
"75";"285";"740";"7";"77";"9640";"285";"7";"9640";"740";"77";"4585";"4585";"0";"1";"0";"740007";"4585";"740007";"740007"
"76";"285";"540";"4";"49";"9601";"285";"4";"9601";"540";"49";"1904";"1904";"0";"1";"0";"540004";"1904";"540004";"540004"
"77";"285";"849";"4";"86";"9252";"285";"4";"9252";"849";"86";"987";"987";"0";"1";"0";"849004";"987";"849004";"849004"
"78";"285";"751";"42";"64";"9019";"285";"42";"9019";"751";"64";"11424";"11424";"0";"1";"0";"751042";"11424";"751042";"751042"
"79";"285";"330";"21";"40";"8771";"285";"21";"8771";"330";"40";"5348";"5348";"0";"1";"0";"330021";"5348";"330021";"330021"
"80";"285";"561";"15";"52";"9853";"285";"15";"9853";"561";"52";"5606";"5606";"0";"1";"0";"561015";"5606";"561015";"561015"
"81";"285";"580";"9";"50";"9623";"285";"9";"9623";"580";"50";"1818";"1818";"0";"1";"0";"580009";"1818";"580009";"580009"
"82";"285";"480";"9";"45";"8837";"285";"9";"8837";"480";"45";"1217";"1217";"0";"1";"0";"480009";"1217";"480009";"480009"
"83";"285";"851";"31";"90";"9344";"285";"31";"9344";"851";"90";"6291";"6291";"0";"1";"0";"851031";"6291";"851031";"851031"
"84";"285";"190";"5";"25";"8605";"285";"5";"8605";"190";"25";"4343";"4343";"0";"1";"0";"190005";"4343";"190005";"190005"
"85";"285";"840";"6";"88";"9326";"285";"6";"9326";"840";"88";"1116";"1116";"0";"1";"0";"840006";"1116";"840006";"840006"
"86";"285";"480";"10";"45";"8838";"285";"10";"8838";"480";"45";"1160";"1160";"0";"1";"0";"480010";"1160";"480010";"480010"
"87";"285";"550";"3";"51";"8888";"285";"3";"8888";"550";"51";"444";"444";"0";"1";"0";"550003";"444";"550003";"550003"
"88";"285";"820";"13";"88";"9753";"285";"13";"9753";"820";"88";"936";"936";"0";"1";"0";"820013";"936";"820013";"820013"
"89";"285";"665";"3";"73";"9122";"285";"3";"9122";"665";"73";"2113";"2113";"0";"1";"0";"665003";"2113";"665003";"665003"
"90";"285";"147";"4";"10";"9816";"285";"4";"9816";"147";"10";"11564";"11564";"0";"1";"0";"147004";"11564";"147004";"147004"
"91";"285";"101";"8";"2";"9770";"285";"8";"9770";"101";"2";"15781";"15781";"0";"1";"0";"101008";"15781";"101008";"101008"
"92";"285";"376";"4";"30";"8630";"285";"4";"8630";"376";"30";"3706";"3706";"0";"1";"0";"376004";"3706";"376004";"376004"
"93";"285";"450";"2";"46";"8842";"285";"2";"8842";"450";"46";"7733";"7733";"0";"1";"0";"450002";"7733";"450002";"450002"
"94";"285";"561";"8";"53";"9856";"285";"8";"9856";"561";"53";"1756";"1756";"0";"1";"0";"561008";"1756";"561008";"561008"
"95";"285";"430";"2";"48";"8867";"285";"2";"8867";"430";"48";"1156";"1156";"0";"1";"0";"430002";"1156";"430002";"430002"
"96";"285";"151";"9";"20";"8554";"285";"9";"8554";"151";"20";"3457";"3457";"0";"1";"0";"151009";"3457";"151009";"151009"
"97";"285";"621";"14";"60";"9400";"285";"14";"9400";"621";"60";"5726";"5726";"0";"1";"0";"621014";"5726";"621014";"621014"
"98";"285";"101";"17";"4";"9778";"285";"17";"9778";"101";"4";"17201";"17201";"0";"1";"0";"101017";"17201";"101017";"101017"
"99";"285";"810";"50";"86";"9245";"285";"50";"9245";"810";"86";"1615";"1615";"0";"1";"0";"810050";"1615";"810050";"810050"
"100";"285";"851";"47";"91";"9893";"285";"47";"9893";"851";"91";"5284";"5284";"0";"1";"0";"851047";"5284";"851047";"851047"
"101";"285";"573";"15";"54";"8928";"285";"15";"8928";"573";"54";"1339";"1339";"0";"1";"0";"573015";"1339";"573015";"573015"
"102";"285";"479";"5";"47";"8852";"285";"5";"8852";"479";"47";"3345";"3345";"0";"1";"0";"479005";"3345";"479005";"479005"
"103";"285";"787";"26";"87";"9311";"285";"26";"9311";"787";"87";"1441";"1441";"0";"1";"0";"787026";"1441";"787026";"787026"
"104";"285";"751";"62";"63";"9994";"285";"62";"9994";"751";"63";"3542";"3542";"0";"1";"0";"751062";"3542";"751062";"751062"
"105";"285";"326";"5";"38";"9473";"285";"5";"9473";"326";"38";"1442";"1442";"0";"1";"0";"326005";"1442";"326005";"326005"
"106";"285";"390";"13";"31";"9459";"285";"13";"9459";"390";"31";"927";"927";"0";"1";"0";"390013";"927";"390013";"390013"
"107";"285";"510";"18";"61";"9714";"285";"18";"9714";"510";"61";"1313";"1313";"0";"1";"0";"510018";"1313";"510018";"510018"
"108";"285";"607";"5";"58";"8969";"285";"5";"8969";"607";"58";"4619";"4619";"0";"1";"0";"607005";"4619";"607005";"607005"
"109";"285";"326";"14";"38";"9933";"285";"14";"9933";"326";"38";"1336";"1336";"0";"1";"0";"326014";"1336";"326014";"326014"
"110";"285";"573";"22";"54";"8931";"285";"22";"8931";"573";"54";"1000";"1000";"0";"1";"0";"573022";"1000";"573022";"573022"
"111";"285";"240";"4";"25";"8611";"285";"4";"8611";"240";"25";"1637";"1637";"0";"1";"0";"240004";"1637";"240004";"240004"
"112";"285";"173";"1";"14";"8505";"285";"1";"8505";"173";"14";"6157";"6157";"0";"1";"0";"173001";"6157";"173001";"173001"
"113";"285";"791";"15";"76";"9560";"285";"15";"9560";"791";"76";"2673";"2673";"0";"1";"0";"791015";"2673";"791015";"791015"
"114";"285";"265";"2";"36";"8705";"285";"2";"8705";"265";"36";"4675";"4675";"0";"1";"0";"265002";"4675";"265002";"265002"
"115";"285";"756";"10";"79";"10011";"285";"10";"10011";"756";"79";"2459";"2459";"0";"1";"0";"756010";"2459";"756010";"756010"
"116";"285";"260";"1";"24";"9963";"285";"1";"9963";"260";"24";"8760";"8760";"0";"1";"0";"260001";"8760";"260001";"260001"
"117";"285";"479";"21";"47";"8863";"285";"21";"8863";"479";"47";"1017";"1017";"0";"1";"0";"479021";"1017";"479021";"479021"
"118";"285";"860";"13";"85";"9223";"285";"13";"9223";"860";"85";"1730";"1730";"0";"1";"0";"860013";"1730";"860013";"860013"
"119";"285";"185";"4";"12";"8492";"285";"4";"8492";"185";"12";"4355";"4355";"0";"1";"0";"185004";"4355";"185004";"185004"
"120";"285";"540";"16";"49";"9613";"285";"16";"9613";"540";"49";"6622";"6622";"0";"1";"0";"540016";"6622";"540016";"540016"
"121";"285";"766";"21";"72";"9115";"285";"21";"9115";"766";"72";"2588";"2588";"0";"1";"0";"766021";"2588";"766021";"766021"
"122";"285";"370";"7";"32";"8649";"285";"7";"8649";"370";"32";"1382";"1382";"0";"1";"0";"370007";"1382";"370007";"370007"
"123";"285";"580";"8";"50";"9622";"285";"8";"9622";"580";"50";"2034";"2034";"0";"1";"0";"580008";"2034";"580008";"580008"
"124";"285";"791";"13";"76";"9558";"285";"13";"9558";"791";"76";"10564";"10564";"0";"1";"0";"791013";"10564";"791013";"791013"
"125";"285";"813";"11";"84";"9203";"285";"11";"9203";"813";"84";"1669";"1669";"0";"1";"0";"813011";"1669";"813011";"813011"
"126";"285";"727";"4";"70";"9078";"285";"4";"9078";"727";"70";"1167";"1167";"0";"1";"0";"727004";"1167";"727004";"727004"
"127";"285";"167";"2";"17";"8524";"285";"2";"8524";"167";"17";"3649";"3649";"0";"1";"0";"167002";"3649";"167002";"167002"
"128";"285";"101";"31";"7";"9792";"285";"31";"9792";"101";"7";"4189";"4189";"0";"1";"0";"101031";"4189";"101031";"101031"
"129";"285";"390";"1";"31";"9448";"285";"1";"9448";"390";"31";"4943";"4943";"0";"1";"0";"390001";"4943";"390001";"390001"
"130";"285";"185";"6";"12";"8494";"285";"6";"8494";"185";"12";"9032";"9032";"0";"1";"0";"185006";"9032";"185006";"185006"
"131";"285";"540";"17";"49";"9614";"285";"17";"9614";"540";"49";"727";"727";"0";"1";"0";"540017";"727";"540017";"540017"
"132";"285";"167";"1";"17";"8523";"285";"1";"8523";"167";"17";"4787";"4787";"0";"1";"0";"167001";"4787";"167001";"167001"
"133";"285";"760";"22";"83";"9184";"285";"22";"9184";"760";"83";"1397";"1397";"0";"1";"0";"760022";"1397";"760022";"760022"
"134";"285";"157";"2";"13";"8496";"285";"2";"8496";"157";"13";"4871";"4871";"0";"1";"0";"157002";"4871";"157002";"157002"
"135";"285";"326";"13";"38";"9932";"285";"13";"9932";"326";"38";"2824";"2824";"0";"1";"0";"326013";"2824";"326013";"326013"
"136";"285";"813";"10";"84";"9202";"285";"10";"9202";"813";"84";"1433";"1433";"0";"1";"0";"813010";"1433";"813010";"813010"
"137";"285";"250";"4";"24";"8595";"285";"4";"8595";"250";"24";"6731";"6731";"0";"1";"0";"250004";"6731";"250004";"250004"
"138";"285";"760";"28";"83";"9188";"285";"28";"9188";"760";"83";"986";"986";"0";"1";"0";"760028";"986";"760028";"760028"
"139";"285";"461";"31";"43";"9977";"285";"31";"9977";"461";"43";"2688";"2688";"0";"1";"0";"461031";"2688";"461031";"461031"
"140";"285";"787";"25";"87";"9310";"285";"25";"9310";"787";"87";"1401";"1401";"0";"1";"0";"787025";"1401";"787025";"787025"
"141";"285";"430";"3";"48";"8868";"285";"3";"8868";"430";"48";"1593";"1593";"0";"1";"0";"430003";"1593";"430003";"430003"
"142";"285";"779";"11";"74";"9142";"285";"11";"9142";"779";"74";"1530";"1530";"0";"1";"0";"779011";"1530";"779011";"779011"
"143";"285";"820";"6";"88";"9750";"285";"6";"9750";"820";"88";"867";"867";"0";"1";"0";"820006";"867";"820006";"820006"
"144";"285";"190";"4";"25";"8604";"285";"4";"8604";"190";"25";"1246";"1246";"0";"1";"0";"190004";"1246";"190004";"190004"
"145";"285";"147";"6";"11";"9818";"285";"6";"9818";"147";"11";"10162";"10162";"0";"1";"0";"147006";"10162";"147006";"147006"
"146";"285";"665";"2";"73";"9121";"285";"2";"9121";"665";"73";"2504";"2504";"0";"1";"0";"665002";"2504";"665002";"665002"
"147";"285";"330";"19";"40";"8769";"285";"19";"8769";"330";"40";"6222";"6222";"0";"1";"0";"330019";"6222";"330019";"330019"
"148";"285";"376";"5";"30";"8631";"285";"5";"8631";"376";"30";"2143";"2143";"0";"1";"0";"376005";"2143";"376005";"376005"
"149";"285";"540";"2";"49";"9599";"285";"2";"9599";"540";"49";"1997";"1997";"0";"1";"0";"540002";"1997";"540002";"540002"
"150";"285";"450";"13";"46";"9952";"285";"13";"9952";"450";"46";"886";"886";"0";"1";"0";"450013";"886";"450013";"450013"
"151";"285";"730";"16";"68";"9058";"285";"16";"9058";"730";"68";"954";"954";"0";"1";"0";"730016";"954";"730016";"730016"
"152";"285";"561";"3";"52";"10042";"285";"3";"10042";"561";"52";"2454";"2454";"0";"1";"0";"561003";"2454";"561003";"561003"
"153";"285";"480";"11";"45";"8839";"285";"11";"8839";"480";"45";"2271";"2271";"0";"1";"0";"480011";"2271";"480011";"480011"
"154";"285";"550";"4";"51";"8889";"285";"4";"8889";"550";"51";"1426";"1426";"0";"1";"0";"550004";"1426";"550004";"550004"
"155";"285";"746";"10";"70";"9681";"285";"10";"9681";"746";"70";"3691";"3691";"0";"1";"0";"746010";"3691";"746010";"746010"
"156";"285";"607";"6";"58";"9866";"285";"6";"9866";"607";"58";"8869";"8869";"0";"1";"0";"607006";"8869";"607006";"607006"
"157";"285";"580";"7";"50";"9621";"285";"7";"9621";"580";"50";"1620";"1620";"0";"1";"0";"580007";"1620";"580007";"580007"
"158";"285";"615";"6";"71";"9088";"285";"6";"9088";"615";"71";"7833";"7833";"0";"1";"0";"615006";"7833";"615006";"615006"
"159";"285";"101";"7";"2";"9769";"285";"7";"9769";"101";"2";"11459";"11459";"0";"1";"0";"101007";"11459";"101007";"101007"
"160";"285";"390";"2";"31";"9449";"285";"2";"9449";"390";"31";"3953";"3953";"0";"1";"0";"390002";"3953";"390002";"390002"
"161";"285";"661";"7";"82";"9170";"285";"7";"9170";"661";"82";"1519";"1519";"0";"1";"0";"661007";"1519";"661007";"661007"
"162";"285";"860";"7";"85";"9219";"285";"7";"9219";"860";"85";"1445";"1445";"0";"1";"0";"860007";"1445";"860007";"860007"
"163";"285";"561";"24";"53";"9861";"285";"24";"9861";"561";"53";"3009";"3009";"0";"1";"0";"561024";"3009";"561024";"561024"
"164";"285";"173";"2";"14";"8506";"285";"2";"8506";"173";"14";"5146";"5146";"0";"1";"0";"173002";"5146";"173002";"173002"
"165";"285";"727";"3";"70";"9077";"285";"3";"9077";"727";"70";"1509";"1509";"0";"1";"0";"727003";"1509";"727003";"727003"
"166";"285";"240";"5";"25";"8612";"285";"5";"8612";"240";"25";"3015";"3015";"0";"1";"0";"240005";"3015";"240005";"240005"
"167";"285";"265";"3";"36";"8706";"285";"3";"8706";"265";"36";"6584";"6584";"0";"1";"0";"265003";"6584";"265003";"265003"
"168";"285";"400";"8";"27";"9439";"285";"8";"9439";"400";"27";"12655";"12655";"0";"1";"0";"400008";"12655";"400008";"400008"
"169";"285";"259";"13";"34";"8685";"285";"13";"8685";"259";"34";"2954";"2954";"0";"1";"0";"259013";"2954";"259013";"259013"
"170";"285";"766";"22";"72";"9116";"285";"22";"9116";"766";"72";"1303";"1303";"0";"1";"0";"766022";"1303";"766022";"766022"
"171";"285";"773";"5";"87";"9273";"285";"5";"9273";"773";"87";"445";"445";"0";"1";"0";"773005";"445";"773005";"773005"
"172";"285";"730";"10";"67";"10001";"285";"10";"10001";"730";"67";"1210";"1210";"0";"1";"0";"730010";"1210";"730010";"730010"
"173";"285";"185";"5";"12";"8493";"285";"5";"8493";"185";"12";"4017";"4017";"0";"1";"0";"185005";"4017";"185005";"185005"
"174";"285";"561";"32";"53";"9862";"285";"32";"9862";"561";"53";"1674";"1674";"0";"1";"0";"561032";"1674";"561032";"561032"
"175";"285";"330";"8";"40";"8761";"285";"8";"8761";"330";"40";"2807";"2807";"0";"1";"0";"330008";"2807";"330008";"330008"
"176";"285";"580";"6";"50";"9620";"285";"6";"9620";"580";"50";"604";"604";"0";"1";"0";"580006";"604";"580006";"580006"
"177";"285";"657";"22";"81";"9670";"285";"22";"9670";"657";"81";"785";"785";"0";"1";"0";"657022";"785";"657022";"657022"
"178";"285";"846";"8";"89";"10013";"285";"8";"10013";"846";"89";"1779";"1779";"0";"1";"0";"846008";"1779";"846008";"846008"
"179";"285";"740";"9";"77";"9642";"285";"9";"9642";"740";"77";"1061";"1061";"0";"1";"0";"740009";"1061";"740009";"740009"
"180";"285";"779";"12";"74";"9143";"285";"12";"9143";"779";"74";"1171";"1171";"0";"1";"0";"779012";"1171";"779012";"779012"
"181";"285";"101";"56";"1";"10057";"285";"56";"10057";"101";"1";"8943";"8943";"0";"1";"0";"101056";"8943";"101056";"101056"
"182";"285";"510";"34";"61";"8995";"285";"34";"8995";"510";"61";"498";"498";"0";"1";"0";"510034";"498";"510034";"510034"
"183";"285";"573";"23";"54";"8932";"285";"23";"8932";"573";"54";"1270";"1270";"0";"1";"0";"573023";"1270";"573023";"573023"
"184";"285";"376";"17";"30";"8643";"285";"17";"8643";"376";"30";"2468";"2468";"0";"1";"0";"376017";"2468";"376017";"376017"
"185";"285";"756";"9";"79";"10010";"285";"9";"10010";"756";"79";"3108";"3108";"0";"1";"0";"756009";"3108";"756009";"756009"
"186";"285";"746";"11";"70";"9677";"285";"11";"9677";"746";"70";"1615";"1615";"0";"1";"0";"746011";"1615";"746011";"746011"
"187";"285";"161";"2";"20";"8557";"285";"2";"8557";"161";"20";"2816";"2816";"0";"1";"0";"161002";"2816";"161002";"161002"
"188";"285";"326";"12";"38";"9931";"285";"12";"9931";"326";"38";"3346";"3346";"0";"1";"0";"326012";"3346";"326012";"326012"
"189";"285";"479";"25";"47";"8865";"285";"25";"8865";"479";"47";"1280";"1280";"0";"1";"0";"479025";"1280";"479025";"479025"
"190";"285";"730";"15";"67";"9873";"285";"15";"9873";"730";"67";"710";"710";"0";"1";"0";"730015";"710";"730015";"730015"
"191";"285";"217";"11";"21";"10037";"285";"11";"10037";"217";"21";"5419";"5419";"0";"1";"0";"217011";"5419";"217011";"217011"
"192";"285";"260";"2";"24";"9964";"285";"2";"9964";"260";"24";"4321";"4321";"0";"1";"0";"260002";"4321";"260002";"260002"
"193";"285";"756";"3";"79";"9150";"285";"3";"9150";"756";"79";"2019";"2019";"0";"1";"0";"756003";"2019";"756003";"756003"
"194";"285";"370";"3";"32";"8647";"285";"3";"8647";"370";"32";"1793";"1793";"0";"1";"0";"370003";"1793";"370003";"370003"
"195";"285";"615";"20";"71";"9938";"285";"20";"9938";"615";"71";"533";"533";"0";"1";"0";"615020";"533";"615020";"615020"
"196";"285";"773";"4";"87";"9272";"285";"4";"9272";"773";"87";"512";"512";"0";"1";"0";"773004";"512";"773004";"773004"
"197";"285";"561";"38";"53";"9864";"285";"38";"9864";"561";"53";"1573";"1573";"0";"1";"0";"561038";"1573";"561038";"561038"
"198";"285";"326";"6";"38";"9474";"285";"6";"9474";"326";"38";"504";"504";"0";"1";"0";"326006";"504";"326006";"326006"
"199";"285";"813";"9";"84";"9201";"285";"9";"9201";"813";"84";"5957";"5957";"0";"1";"0";"813009";"5957";"813009";"813009"
"200";"285";"450";"9";"46";"8848";"285";"9";"8848";"450";"46";"720";"720";"0";"1";"0";"450009";"720";"450009";"450009"
"201";"285";"461";"4";"41";"8777";"285";"4";"8777";"461";"41";"8408";"8408";"0";"1";"0";"461004";"8408";"461004";"461004"
"202";"285";"370";"20";"32";"9904";"285";"20";"9904";"370";"32";"3905";"3905";"0";"1";"0";"370020";"3905";"370020";"370020"
"203";"285";"710";"11";"69";"9073";"285";"11";"9073";"710";"69";"1605";"1605";"0";"1";"0";"710011";"1605";"710011";"710011"
"204";"285";"223";"4";"22";"8575";"285";"4";"8575";"223";"22";"338";"338";"0";"1";"0";"223004";"338";"223004";"223004"
"205";"285";"787";"16";"87";"9302";"285";"16";"9302";"787";"87";"936";"936";"0";"1";"0";"787016";"936";"787016";"787016"
"206";"285";"621";"15";"60";"9716";"285";"15";"9716";"621";"60";"6020";"6020";"0";"1";"0";"621015";"6020";"621015";"621015"
"207";"285";"240";"6";"25";"8613";"285";"6";"8613";"240";"25";"1360";"1360";"0";"1";"0";"240006";"1360";"240006";"240006"
"208";"285";"147";"3";"10";"9815";"285";"3";"9815";"147";"10";"12367";"12367";"0";"1";"0";"147003";"12367";"147003";"147003"
"209";"285";"510";"25";"61";"8987";"285";"25";"8987";"510";"61";"1063";"1063";"0";"1";"0";"510025";"1063";"510025";"510025"
"210";"285";"210";"1";"22";"8566";"285";"1";"8566";"210";"22";"5326";"5326";"0";"1";"0";"210001";"5326";"210001";"210001"
"211";"285";"860";"8";"85";"9220";"285";"8";"9220";"860";"85";"1446";"1446";"0";"1";"0";"860008";"1446";"860008";"860008"
"212";"285";"840";"7";"88";"9327";"285";"7";"9327";"840";"88";"1648";"1648";"0";"1";"0";"840007";"1648";"840007";"840007"
"213";"285";"101";"6";"1";"9768";"285";"6";"9768";"101";"1";"11159";"11159";"0";"1";"0";"101006";"11159";"101006";"101006"
"214";"285";"751";"56";"64";"9998";"285";"56";"9998";"751";"64";"1601";"1601";"0";"1";"0";"751056";"1601";"751056";"751056"
"215";"285";"661";"5";"82";"10012";"285";"5";"10012";"661";"82";"11106";"11106";"0";"1";"0";"661005";"11106";"661005";"661005"
"216";"285";"561";"4";"52";"9851";"285";"4";"9851";"561";"52";"3801";"3801";"0";"1";"0";"561004";"3801";"561004";"561004"
"217";"285";"846";"9";"89";"9336";"285";"9";"9336";"846";"89";"1844";"1844";"0";"1";"0";"846009";"1844";"846009";"846009"
"218";"285";"461";"9";"41";"8780";"285";"9";"8780";"461";"41";"3003";"3003";"0";"1";"0";"461009";"3003";"461009";"461009"
"219";"285";"101";"55";"9";"9916";"285";"55";"9916";"101";"9";"16123";"16123";"0";"1";"0";"101055";"16123";"101055";"101055"
"220";"285";"710";"12";"69";"9074";"285";"12";"9074";"710";"69";"2343";"2343";"0";"1";"0";"710012";"2343";"710012";"710012"
"221";"285";"849";"7";"86";"9255";"285";"7";"9255";"849";"86";"535";"535";"0";"1";"0";"849007";"535";"849007";"849007"
"222";"285";"751";"31";"63";"9012";"285";"31";"9012";"751";"63";"557";"557";"0";"1";"0";"751031";"557";"751031";"751031"
"223";"285";"787";"3";"87";"9289";"285";"3";"9289";"787";"87";"806";"806";"0";"1";"0";"787003";"806";"787003";"787003"
"224";"285";"773";"3";"87";"9271";"285";"3";"9271";"773";"87";"424";"424";"0";"1";"0";"773003";"424";"773003";"773003"
"225";"285";"630";"11";"57";"9986";"285";"11";"9986";"630";"57";"3966";"3966";"0";"1";"0";"630011";"3966";"630011";"630011"
"226";"285";"573";"10";"54";"8925";"285";"10";"8925";"573";"54";"1084";"1084";"0";"1";"0";"573010";"1084";"573010";"573010"
"227";"285";"101";"16";"4";"9777";"285";"16";"9777";"101";"4";"13467";"13467";"0";"1";"0";"101016";"13467";"101016";"101016"
"228";"285";"370";"2";"32";"8646";"285";"2";"8646";"370";"32";"877";"877";"0";"1";"0";"370002";"877";"370002";"370002"
"229";"285";"479";"4";"47";"10102";"285";"4";"10102";"479";"47";"878";"878";"0";"1";"0";"479004";"878";"479004";"479004"
"230";"285";"810";"34";"86";"9243";"285";"34";"9243";"810";"86";"647";"647";"0";"1";"0";"810034";"647";"810034";"810034"
"231";"285";"756";"8";"79";"10009";"285";"8";"10009";"756";"79";"991";"991";"0";"1";"0";"756008";"991";"756008";"756008"
"232";"285";"270";"9";"23";"8590";"285";"9";"8590";"270";"23";"839";"839";"0";"1";"0";"270009";"839";"270009";"270009"
"233";"285";"360";"11";"29";"8620";"285";"11";"8620";"360";"29";"1753";"1753";"0";"1";"0";"360011";"1753";"360011";"360011"
"234";"285";"190";"3";"25";"8603";"285";"3";"8603";"190";"25";"3815";"3815";"0";"1";"0";"190003";"3815";"190003";"190003"
"235";"285";"151";"10";"20";"8555";"285";"10";"8555";"151";"20";"2339";"2339";"0";"1";"0";"151010";"2339";"151010";"151010"
"236";"285";"791";"16";"76";"9561";"285";"16";"9561";"791";"76";"2961";"2961";"0";"1";"0";"791016";"2961";"791016";"791016"
"237";"285";"550";"2";"51";"8887";"285";"2";"8887";"550";"51";"616";"616";"0";"1";"0";"550002";"616";"550002";"550002"
"238";"285";"510";"24";"61";"9401";"285";"24";"9401";"510";"61";"1165";"1165";"0";"1";"0";"510024";"1165";"510024";"510024"
"239";"285";"316";"1";"37";"9583";"285";"1";"9583";"316";"37";"8591";"8591";"0";"1";"0";"316001";"8591";"316001";"316001"
"240";"285";"615";"21";"71";"9919";"285";"21";"9919";"615";"71";"2189";"2189";"0";"1";"0";"615021";"2189";"615021";"615021"
"241";"285";"630";"4";"57";"8959";"285";"4";"8959";"630";"57";"1892";"1892";"0";"1";"0";"630004";"1892";"630004";"630004"
"242";"285";"657";"16";"81";"9691";"285";"16";"9691";"657";"81";"882";"882";"0";"1";"0";"657016";"882";"657016";"657016"
"243";"285";"510";"8";"61";"9711";"285";"8";"9711";"510";"61";"3495";"3495";"0";"1";"0";"510008";"3495";"510008";"510008"
"244";"285";"430";"8";"48";"8871";"285";"8";"8871";"430";"48";"1654";"1654";"0";"1";"0";"430008";"1654";"430008";"430008"
"245";"285";"779";"13";"74";"9144";"285";"13";"9144";"779";"74";"1781";"1781";"0";"1";"0";"779013";"1781";"779013";"779013"
"246";"285";"240";"7";"25";"8614";"285";"7";"8614";"240";"25";"5655";"5655";"0";"1";"0";"240007";"5655";"240007";"240007"
"247";"285";"330";"7";"40";"8760";"285";"7";"8760";"330";"40";"2061";"2061";"0";"1";"0";"330007";"2061";"330007";"330007"
"248";"285";"161";"3";"20";"8558";"285";"3";"8558";"161";"20";"4945";"4945";"0";"1";"0";"161003";"4945";"161003";"161003"
"249";"285";"210";"7";"22";"8570";"285";"7";"8570";"210";"22";"3452";"3452";"0";"1";"0";"210007";"3452";"210007";"210007"
"250";"285";"707";"5";"66";"9525";"285";"5";"9525";"707";"66";"3426";"3426";"0";"1";"0";"707005";"3426";"707005";"707005"
"251";"285";"510";"26";"61";"8988";"285";"26";"8988";"510";"61";"2939";"2939";"0";"1";"0";"510026";"2939";"510026";"510026"
"252";"285";"740";"32";"78";"9661";"285";"32";"9661";"740";"78";"2749";"2749";"0";"1";"0";"740032";"2749";"740032";"740032"
"253";"285";"157";"1";"13";"8495";"285";"1";"8495";"157";"13";"5890";"5890";"0";"1";"0";"157001";"5890";"157001";"157001"
"254";"285";"510";"33";"61";"8994";"285";"33";"8994";"510";"61";"941";"941";"0";"1";"0";"510033";"941";"510033";"510033"
"255";"285";"710";"3";"69";"9530";"285";"3";"9530";"710";"69";"1727";"1727";"0";"1";"0";"710003";"1727";"710003";"710003"
"256";"285";"153";"4";"18";"9580";"285";"4";"9580";"153";"18";"6310";"6310";"0";"1";"0";"153004";"6310";"153004";"153004"
"257";"285";"430";"20";"48";"8883";"285";"20";"8883";"430";"48";"3013";"3013";"0";"1";"0";"430020";"3013";"430020";"430020"
"258";"285";"787";"17";"87";"9303";"285";"17";"9303";"787";"87";"1626";"1626";"0";"1";"0";"787017";"1626";"787017";"787017"
"259";"285";"101";"5";"1";"9767";"285";"5";"9767";"101";"1";"12911";"12911";"0";"1";"0";"101005";"12911";"101005";"101005"
"260";"285";"259";"11";"34";"8683";"285";"11";"8683";"259";"34";"2709";"2709";"0";"1";"0";"259011";"2709";"259011";"259011"
"261";"285";"190";"2";"25";"8602";"285";"2";"8602";"190";"25";"2756";"2756";"0";"1";"0";"190002";"2756";"190002";"190002"
"262";"285";"210";"3";"22";"8568";"285";"3";"8568";"210";"22";"3815";"3815";"0";"1";"0";"210003";"3815";"210003";"210003"
"263";"285";"840";"9";"88";"9329";"285";"9";"9329";"840";"88";"698";"698";"0";"1";"0";"840009";"698";"840009";"840009"
"264";"285";"390";"11";"31";"8644";"285";"11";"8644";"390";"31";"989";"989";"0";"1";"0";"390011";"989";"390011";"390011"
"265";"285";"773";"17";"87";"9285";"285";"17";"9285";"773";"87";"718";"718";"0";"1";"0";"773017";"718";"773017";"773017"
"266";"285";"773";"2";"87";"9270";"285";"2";"9270";"773";"87";"631";"631";"0";"1";"0";"773002";"631";"773002";"773002"
"267";"285";"223";"2";"22";"8573";"285";"2";"8573";"223";"22";"5102";"5102";"0";"1";"0";"223002";"5102";"223002";"223002"
"268";"285";"326";"11";"38";"9930";"285";"11";"9930";"326";"38";"1090";"1090";"0";"1";"0";"326011";"1090";"326011";"326011"
"269";"285";"167";"3";"17";"9959";"285";"3";"9959";"167";"17";"4709";"4709";"0";"1";"0";"167003";"4709";"167003";"167003"
"270";"285";"813";"8";"84";"9200";"285";"8";"9200";"813";"84";"8393";"8393";"0";"1";"0";"813008";"8393";"813008";"813008"
"271";"285";"217";"10";"21";"10036";"285";"10";"10036";"217";"21";"3920";"3920";"0";"1";"0";"217010";"3920";"217010";"217010"
"272";"285";"727";"6";"70";"9080";"285";"6";"9080";"727";"70";"1007";"1007";"0";"1";"0";"727006";"1007";"727006";"727006"
"273";"285";"550";"61";"51";"8906";"285";"61";"8906";"550";"51";"3096";"3096";"0";"1";"0";"550061";"3096";"550061";"550061"
"274";"285";"766";"3";"72";"9099";"285";"3";"9099";"766";"72";"1662";"1662";"0";"1";"0";"766003";"1662";"766003";"766003"
"275";"285";"760";"3";"83";"9175";"285";"3";"9175";"760";"83";"518";"518";"0";"1";"0";"760003";"518";"760003";"760003"
"276";"285";"219";"8";"23";"9729";"285";"8";"9729";"219";"23";"814";"814";"0";"1";"0";"219008";"814";"219008";"219008"
"277";"285";"330";"22";"40";"8772";"285";"22";"8772";"330";"40";"7207";"7207";"0";"1";"0";"330022";"7207";"330022";"330022"
"278";"285";"101";"29";"6";"9790";"285";"29";"9790";"101";"6";"4995";"4995";"0";"1";"0";"101029";"4995";"101029";"101029"
"279";"285";"760";"33";"83";"9887";"285";"33";"9887";"760";"83";"1875";"1875";"0";"1";"0";"760033";"1875";"760033";"760033"
"280";"285";"461";"18";"42";"8785";"285";"18";"8785";"461";"42";"4572";"4572";"0";"1";"0";"461018";"4572";"461018";"461018"
"281";"285";"330";"15";"40";"8767";"285";"15";"8767";"330";"40";"2401";"2401";"0";"1";"0";"330015";"2401";"330015";"330015"
"282";"285";"860";"22";"85";"9231";"285";"22";"9231";"860";"85";"3196";"3196";"0";"1";"0";"860022";"3196";"860022";"860022"
"283";"285";"813";"22";"84";"9214";"285";"22";"9214";"813";"84";"634";"634";"0";"1";"0";"813022";"634";"813022";"813022"
"284";"285";"710";"4";"69";"9067";"285";"4";"9067";"710";"69";"5712";"5712";"0";"1";"0";"710004";"5712";"710004";"710004"
"285";"285";"420";"18";"44";"8812";"285";"18";"8812";"420";"44";"1300";"1300";"0";"1";"0";"420018";"1300";"420018";"420018"
"286";"285";"265";"20";"36";"8721";"285";"20";"8721";"265";"36";"1226";"1226";"0";"1";"0";"265020";"1226";"265020";"265020"
"287";"285";"573";"19";"54";"8930";"285";"19";"8930";"573";"54";"576";"576";"0";"1";"0";"573019";"576";"573019";"573019"
"288";"285";"151";"8";"20";"9824";"285";"8";"9824";"151";"20";"4380";"4380";"0";"1";"0";"151008";"4380";"151008";"151008"
"289";"285";"573";"24";"54";"8933";"285";"24";"8933";"573";"54";"548";"548";"0";"1";"0";"573024";"548";"573024";"573024"
"290";"285";"330";"6";"40";"8759";"285";"6";"8759";"330";"40";"5817";"5817";"0";"1";"0";"330006";"5817";"330006";"330006"
"291";"285";"173";"10";"14";"8513";"285";"10";"8513";"173";"14";"5378";"5378";"0";"1";"0";"173010";"5378";"173010";"173010"
"292";"285";"787";"5";"87";"9291";"285";"5";"9291";"787";"87";"590";"590";"0";"1";"0";"787005";"590";"787005";"787005"
"293";"285";"707";"3";"66";"9042";"285";"3";"9042";"707";"66";"2161";"2161";"0";"1";"0";"707003";"2161";"707003";"707003"
"294";"285";"849";"5";"86";"9253";"285";"5";"9253";"849";"86";"952";"952";"0";"1";"0";"849005";"952";"849005";"849005"
"295";"285";"740";"31";"78";"9660";"285";"31";"9660";"740";"78";"8222";"8222";"0";"1";"0";"740031";"8222";"740031";"740031"
"296";"285";"740";"8";"77";"9641";"285";"8";"9641";"740";"77";"1021";"1021";"0";"1";"0";"740008";"1021";"740008";"740008"
"297";"285";"360";"3";"29";"8619";"285";"3";"8619";"360";"29";"2144";"2144";"0";"1";"0";"360003";"2144";"360003";"360003"
"298";"285";"155";"4";"12";"8488";"285";"4";"8488";"155";"12";"7135";"7135";"0";"1";"0";"155004";"7135";"155004";"155004"
"299";"285";"550";"7";"51";"8890";"285";"7";"8890";"550";"51";"533";"533";"0";"1";"0";"550007";"533";"550007";"550007"
"300";"285";"250";"6";"24";"10063";"285";"6";"10063";"250";"24";"6327";"6327";"0";"1";"0";"250006";"6327";"250006";"250006"
"301";"285";"766";"4";"72";"9100";"285";"4";"9100";"766";"72";"1359";"1359";"0";"1";"0";"766004";"1359";"766004";"766004"
"302";"285";"630";"14";"57";"10024";"285";"14";"10024";"630";"57";"2532";"2532";"0";"1";"0";"630014";"2532";"630014";"630014"
"303";"285";"575";"10";"55";"9499";"285";"10";"9499";"575";"55";"593";"593";"0";"1";"0";"575010";"593";"575010";"575010"
"304";"285";"773";"16";"87";"9284";"285";"16";"9284";"773";"87";"643";"643";"0";"1";"0";"773016";"643";"773016";"773016"
"305";"285";"269";"1";"35";"8701";"285";"1";"8701";"269";"35";"3844";"3844";"0";"1";"0";"269001";"3844";"269001";"269001"
"306";"285";"167";"4";"17";"8526";"285";"4";"8526";"167";"17";"4844";"4844";"0";"1";"0";"167004";"4844";"167004";"167004"
"307";"285";"223";"3";"22";"8574";"285";"3";"8574";"223";"22";"3606";"3606";"0";"1";"0";"223003";"3606";"223003";"223003"
"308";"285";"101";"28";"6";"9789";"285";"28";"9789";"101";"6";"8516";"8516";"0";"1";"0";"101028";"8516";"101028";"101028"
"309";"285";"787";"18";"87";"9304";"285";"18";"9304";"787";"87";"849";"849";"0";"1";"0";"787018";"849";"787018";"787018"
"310";"285";"851";"3";"92";"9356";"285";"3";"9356";"851";"92";"6443";"6443";"0";"1";"0";"851003";"6443";"851003";"851003"
"311";"285";"860";"11";"85";"9221";"285";"11";"9221";"860";"85";"3530";"3530";"0";"1";"0";"860011";"3530";"860011";"860011"
"312";"285";"550";"15";"51";"8894";"285";"15";"8894";"550";"51";"634";"634";"0";"1";"0";"550015";"634";"550015";"550015"
"313";"285";"751";"53";"64";"9997";"285";"53";"9997";"751";"64";"2822";"2822";"0";"1";"0";"751053";"2822";"751053";"751053"
"314";"285";"849";"6";"86";"9254";"285";"6";"9254";"849";"86";"765";"765";"0";"1";"0";"849006";"765";"849006";"849006"
"315";"285";"575";"11";"55";"9500";"285";"11";"9500";"575";"55";"1416";"1416";"0";"1";"0";"575011";"1416";"575011";"575011"
"316";"285";"461";"28";"43";"9976";"285";"28";"9976";"461";"43";"4475";"4475";"0";"1";"0";"461028";"4475";"461028";"461028"
"317";"285";"550";"8";"51";"8891";"285";"8";"8891";"550";"51";"871";"871";"0";"1";"0";"550008";"871";"550008";"550008"
"318";"285";"510";"35";"61";"8996";"285";"35";"8996";"510";"61";"689";"689";"0";"1";"0";"510035";"689";"510035";"510035"
"319";"285";"169";"10";"19";"8549";"285";"10";"8549";"169";"19";"6156";"6156";"0";"1";"0";"169010";"6156";"169010";"169010"
"320";"285";"159";"1";"15";"8515";"285";"1";"8515";"159";"15";"5253";"5253";"0";"1";"0";"159001";"5253";"159001";"159001"
"321";"285";"860";"21";"85";"9230";"285";"21";"9230";"860";"85";"2631";"2631";"0";"1";"0";"860021";"2631";"860021";"860021"
"322";"285";"760";"9";"83";"9884";"285";"9";"9884";"760";"83";"1098";"1098";"0";"1";"0";"760009";"1098";"760009";"760009"
"323";"285";"316";"3";"37";"9585";"285";"3";"9585";"316";"37";"5556";"5556";"0";"1";"0";"316003";"5556";"316003";"316003"
"324";"285";"840";"8";"88";"9328";"285";"8";"9328";"840";"88";"1332";"1332";"0";"1";"0";"840008";"1332";"840008";"840008"
"325";"285";"787";"4";"87";"9290";"285";"4";"9290";"787";"87";"769";"769";"0";"1";"0";"787004";"769";"787004";"787004"
"326";"285";"561";"23";"52";"10043";"285";"23";"10043";"561";"52";"2951";"2951";"0";"1";"0";"561023";"2951";"561023";"561023"
"327";"285";"173";"9";"14";"8512";"285";"9";"8512";"173";"14";"2270";"2270";"0";"1";"0";"173009";"2270";"173009";"173009"
"328";"285";"751";"33";"63";"9993";"285";"33";"9993";"751";"63";"3160";"3160";"0";"1";"0";"751033";"3160";"751033";"751033"
"329";"285";"210";"2";"22";"8567";"285";"2";"8567";"210";"22";"3561";"3561";"0";"1";"0";"210002";"3561";"210002";"210002"
"330";"285";"573";"18";"54";"8929";"285";"18";"8929";"573";"54";"2901";"2901";"0";"1";"0";"573018";"2901";"573018";"573018"
"331";"285";"766";"7";"72";"9633";"285";"7";"9633";"766";"72";"3657";"3657";"0";"1";"0";"766007";"3657";"766007";"766007"
"332";"285";"161";"5";"20";"8560";"285";"5";"8560";"161";"20";"1492";"1492";"0";"1";"0";"161005";"1492";"161005";"161005"
"333";"285";"730";"29";"67";"9053";"285";"29";"9053";"730";"67";"5594";"5594";"0";"1";"0";"730029";"5594";"730029";"730029"
"334";"285";"410";"10";"45";"8827";"285";"10";"8827";"410";"45";"2182";"2182";"0";"1";"0";"410010";"2182";"410010";"410010"
"335";"285";"756";"6";"79";"10007";"285";"6";"10007";"756";"79";"827";"827";"0";"1";"0";"756006";"827";"756006";"756006"
"336";"285";"320";"6";"33";"8669";"285";"6";"8669";"320";"33";"3244";"3244";"0";"1";"0";"320006";"3244";"320006";"320006"
"337";"285";"530";"1";"55";"8941";"285";"1";"8941";"530";"55";"5392";"5392";"0";"1";"0";"530001";"5392";"530001";"530001"
"338";"285";"219";"7";"23";"9728";"285";"7";"9728";"219";"23";"1616";"1616";"0";"1";"0";"219007";"1616";"219007";"219007"
"339";"285";"240";"3";"25";"8610";"285";"3";"8610";"240";"25";"5634";"5634";"0";"1";"0";"240003";"5634";"240003";"240003"
"340";"285";"580";"3";"50";"9617";"285";"3";"9617";"580";"50";"5470";"5470";"0";"1";"0";"580003";"5470";"580003";"580003"
"341";"285";"510";"16";"61";"8980";"285";"16";"8980";"510";"61";"395";"395";"0";"1";"0";"510016";"395";"510016";"510016"
"342";"285";"820";"3";"88";"9315";"285";"3";"9315";"820";"88";"741";"741";"0";"1";"0";"820003";"741";"820003";"820003"
"343";"285";"740";"6";"77";"9639";"285";"6";"9639";"740";"77";"5794";"5794";"0";"1";"0";"740006";"5794";"740006";"740006"
"344";"285";"561";"16";"53";"9858";"285";"16";"9858";"561";"53";"6150";"6150";"0";"1";"0";"561016";"6150";"561016";"561016"
"345";"285";"779";"9";"74";"9140";"285";"9";"9140";"779";"74";"758";"758";"0";"1";"0";"779009";"758";"779009";"779009"
"346";"285";"766";"8";"72";"9103";"285";"8";"9103";"766";"72";"612";"612";"0";"1";"0";"766008";"612";"766008";"766008"
"347";"285";"510";"31";"61";"8992";"285";"31";"8992";"510";"61";"456";"456";"0";"1";"0";"510031";"456";"510031";"510031"
"348";"285";"482";"6";"47";"9487";"285";"6";"9487";"482";"47";"165";"165";"0";"1";"0";"482006";"165";"482006";"482006"
"349";"285";"751";"13";"62";"9005";"285";"13";"9005";"751";"62";"4358";"4358";"0";"1";"0";"751013";"4358";"751013";"751013"
"350";"285";"101";"59";"6";"10060";"285";"59";"10060";"101";"6";"6790";"6790";"0";"1";"0";"101059";"6790";"101059";"101059"
"351";"285";"849";"18";"86";"9265";"285";"18";"9265";"849";"86";"2728";"2728";"0";"1";"0";"849018";"2728";"849018";"849018"
"352";"285";"751";"66";"62";"9006";"285";"66";"9006";"751";"62";"4933";"4933";"0";"1";"0";"751066";"4933";"751066";"751066"
"353";"285";"766";"17";"72";"9111";"285";"17";"9111";"766";"72";"1274";"1274";"0";"1";"0";"766017";"1274";"766017";"766017"
"354";"285";"657";"29";"81";"9666";"285";"29";"9666";"657";"81";"1300";"1300";"0";"1";"0";"657029";"1300";"657029";"657029"
"355";"285";"787";"1";"87";"9287";"285";"1";"9287";"787";"87";"7885";"7885";"0";"1";"0";"787001";"7885";"787001";"787001"
"356";"285";"185";"2";"12";"8490";"285";"2";"8490";"185";"12";"5560";"5560";"0";"1";"0";"185002";"5560";"185002";"185002"
"357";"285";"773";"1";"87";"9269";"285";"1";"9269";"773";"87";"859";"859";"0";"1";"0";"773001";"859";"773001";"773001"
"358";"285";"849";"9";"86";"9257";"285";"9";"9257";"849";"86";"1160";"1160";"0";"1";"0";"849009";"1160";"849009";"849009"
"359";"285";"101";"18";"4";"9779";"285";"18";"9779";"101";"4";"9261";"9261";"0";"1";"0";"101018";"9261";"101018";"101018"
"360";"285";"573";"8";"54";"8923";"285";"8";"8923";"573";"54";"885";"885";"0";"1";"0";"573008";"885";"573008";"573008"
"361";"285";"510";"4";"61";"8974";"285";"4";"8974";"510";"61";"316";"316";"0";"1";"0";"510004";"316";"510004";"510004"
"362";"285";"430";"16";"48";"8879";"285";"16";"8879";"430";"48";"863";"863";"0";"1";"0";"430016";"863";"430016";"430016"
"363";"285";"860";"6";"85";"9218";"285";"6";"9218";"860";"85";"1432";"1432";"0";"1";"0";"860006";"1432";"860006";"860006"
"364";"285";"813";"6";"84";"9198";"285";"6";"9198";"813";"84";"2050";"2050";"0";"1";"0";"813006";"2050";"813006";"813006"
"365";"285";"730";"32";"68";"9063";"285";"32";"9063";"730";"68";"3484";"3484";"0";"1";"0";"730032";"3484";"730032";"730032"
"366";"285";"259";"7";"34";"8679";"285";"7";"8679";"259";"34";"2722";"2722";"0";"1";"0";"259007";"2722";"259007";"259007"
"367";"285";"657";"20";"81";"9664";"285";"20";"9664";"657";"81";"436";"436";"0";"1";"0";"657020";"436";"657020";"657020"
"368";"285";"773";"13";"87";"9281";"285";"13";"9281";"773";"87";"724";"724";"0";"1";"0";"773013";"724";"773013";"773013"
"369";"285";"480";"8";"45";"8836";"285";"8";"8836";"480";"45";"1027";"1027";"0";"1";"0";"480008";"1027";"480008";"480008"
"370";"285";"190";"7";"25";"8607";"285";"7";"8607";"190";"25";"5015";"5015";"0";"1";"0";"190007";"5015";"190007";"190007"
"371";"285";"219";"5";"23";"8581";"285";"5";"8581";"219";"23";"1915";"1915";"0";"1";"0";"219005";"1915";"219005";"219005"
"372";"285";"760";"10";"83";"9177";"285";"10";"9177";"760";"83";"2915";"2915";"0";"1";"0";"760010";"2915";"760010";"760010"
"373";"285";"615";"11";"71";"9092";"285";"11";"9092";"615";"71";"5180";"5180";"0";"1";"0";"615011";"5180";"615011";"615011"
"374";"285";"730";"4";"68";"9057";"285";"4";"9057";"730";"68";"691";"691";"0";"1";"0";"730004";"691";"730004";"730004"
"375";"285";"370";"27";"32";"8660";"285";"27";"8660";"370";"32";"5048";"5048";"0";"1";"0";"370027";"5048";"370027";"370027"
"376";"285";"350";"6";"34";"8694";"285";"6";"8694";"350";"34";"3789";"3789";"0";"1";"0";"350006";"3789";"350006";"350006"
"377";"285";"440";"2";"46";"9478";"285";"2";"9478";"440";"46";"5683";"5683";"0";"1";"0";"440002";"5683";"440002";"440002"
"378";"285";"340";"2";"39";"8748";"285";"2";"8748";"340";"39";"1677";"1677";"0";"1";"0";"340002";"1677";"340002";"340002"
"379";"285";"101";"19";"4";"9780";"285";"19";"9780";"101";"4";"10588";"10588";"0";"1";"0";"101019";"10588";"101019";"101019"
"380";"285";"849";"19";"86";"9266";"285";"19";"9266";"849";"86";"2383";"2383";"0";"1";"0";"849019";"2383";"849019";"849019"
"381";"285";"573";"13";"54";"8926";"285";"13";"8926";"573";"54";"1936";"1936";"0";"1";"0";"573013";"1936";"573013";"573013"
"382";"285";"813";"19";"84";"9211";"285";"19";"9211";"813";"84";"834";"834";"0";"1";"0";"813019";"834";"813019";"813019"
"383";"285";"101";"1";"1";"9764";"285";"1";"9764";"101";"1";"12567";"12567";"0";"1";"0";"101001";"12567";"101001";"101001"
"384";"285";"336";"3";"33";"9465";"285";"3";"9465";"336";"33";"5224";"5224";"0";"1";"0";"336003";"5224";"336003";"336003"
"385";"285";"101";"58";"5";"10059";"285";"58";"10059";"101";"5";"12033";"12033";"0";"1";"0";"101058";"12033";"101058";"101058"
"386";"285";"851";"35";"90";"9347";"285";"35";"9347";"851";"90";"4639";"4639";"0";"1";"0";"851035";"4639";"851035";"851035"
"387";"285";"159";"2";"15";"9922";"285";"2";"9922";"159";"15";"7064";"7064";"0";"1";"0";"159002";"7064";"159002";"159002"
"388";"285";"320";"7";"33";"8670";"285";"7";"8670";"320";"33";"3333";"3333";"0";"1";"0";"320007";"3333";"320007";"320007"
"389";"285";"756";"7";"79";"10008";"285";"7";"10008";"756";"79";"13694";"13694";"0";"1";"0";"756007";"13694";"756007";"756007"
"390";"285";"710";"9";"69";"9071";"285";"9";"9071";"710";"69";"3252";"3252";"0";"1";"0";"710009";"3252";"710009";"710009"
"391";"285";"630";"1";"57";"8956";"285";"1";"8956";"630";"57";"2648";"2648";"0";"1";"0";"630001";"2648";"630001";"630001"
"392";"285";"510";"5";"61";"9708";"285";"5";"9708";"510";"61";"2841";"2841";"0";"1";"0";"510005";"2841";"510005";"510005"
"393";"285";"101";"9";"2";"9771";"285";"9";"9771";"101";"2";"17725";"17725";"0";"1";"0";"101009";"17725";"101009";"101009"
"394";"285";"840";"10";"88";"9330";"285";"10";"9330";"840";"88";"1238";"1238";"0";"1";"0";"840010";"1238";"840010";"840010"
"395";"285";"159";"9";"15";"9928";"285";"9";"9928";"159";"15";"3838";"3838";"0";"1";"0";"159009";"3838";"159009";"159009"
"396";"285";"787";"13";"87";"9299";"285";"13";"9299";"787";"87";"324";"324";"0";"1";"0";"787013";"324";"787013";"787013"
"397";"285";"851";"15";"91";"9892";"285";"15";"9892";"851";"91";"7503";"7503";"0";"1";"0";"851015";"7503";"851015";"851015"
"398";"285";"661";"2";"82";"9165";"285";"2";"9165";"661";"82";"3959";"3959";"0";"1";"0";"661002";"3959";"661002";"661002"
"399";"285";"190";"6";"25";"8606";"285";"6";"8606";"190";"25";"6701";"6701";"0";"1";"0";"190006";"6701";"190006";"190006"
"400";"285";"360";"8";"29";"9364";"285";"8";"9364";"360";"29";"893";"893";"0";"1";"0";"360008";"893";"360008";"360008"
"401";"285";"540";"15";"49";"9612";"285";"15";"9612";"540";"49";"4060";"4060";"0";"1";"0";"540015";"4060";"540015";"540015"
"402";"285";"550";"27";"51";"8903";"285";"27";"8903";"550";"51";"852";"852";"0";"1";"0";"550027";"852";"550027";"550027"
"403";"285";"740";"18";"77";"9651";"285";"18";"9651";"740";"77";"1419";"1419";"0";"1";"0";"740018";"1419";"740018";"740018"
"404";"285";"479";"10";"47";"8856";"285";"10";"8856";"479";"47";"2974";"2974";"0";"1";"0";"479010";"2974";"479010";"479010"
"405";"285";"376";"14";"30";"8640";"285";"14";"8640";"376";"30";"1348";"1348";"0";"1";"0";"376014";"1348";"376014";"376014"
"406";"285";"820";"2";"88";"9314";"285";"2";"9314";"820";"88";"4231";"4231";"0";"1";"0";"820002";"4231";"820002";"820002"
"407";"285";"461";"33";"43";"8795";"285";"33";"8795";"461";"43";"4249";"4249";"0";"1";"0";"461033";"4249";"461033";"461033"
"408";"285";"219";"4";"23";"8580";"285";"4";"8580";"219";"23";"1234";"1234";"0";"1";"0";"219004";"1234";"219004";"219004"
"409";"285";"751";"18";"63";"9008";"285";"18";"9008";"751";"63";"5633";"5633";"0";"1";"0";"751018";"5633";"751018";"751018"
"410";"285";"450";"3";"46";"9979";"285";"3";"9979";"450";"46";"5706";"5706";"0";"1";"0";"450003";"5706";"450003";"450003"
"411";"285";"370";"29";"32";"9970";"285";"29";"9970";"370";"32";"703";"703";"0";"1";"0";"370029";"703";"370029";"370029"
"412";"285";"657";"21";"81";"9665";"285";"21";"9665";"657";"81";"766";"766";"0";"1";"0";"657021";"766";"657021";"657021"
"413";"285";"430";"17";"48";"8880";"285";"17";"8880";"430";"48";"1813";"1813";"0";"1";"0";"430017";"1813";"430017";"430017"
"414";"285";"461";"17";"42";"9975";"285";"17";"9975";"461";"42";"5092";"5092";"0";"1";"0";"461017";"5092";"461017";"461017"
"415";"285";"573";"9";"54";"8924";"285";"9";"8924";"573";"54";"1111";"1111";"0";"1";"0";"573009";"1111";"573009";"573009"
"416";"285";"306";"7";"38";"8728";"285";"7";"8728";"306";"38";"6335";"6335";"0";"1";"0";"306007";"6335";"306007";"306007"
"417";"285";"316";"7";"37";"9589";"285";"7";"9589";"316";"37";"4054";"4054";"0";"1";"0";"316007";"4054";"316007";"316007"
"418";"285";"730";"31";"68";"9062";"285";"31";"9062";"730";"68";"6629";"6629";"0";"1";"0";"730031";"6629";"730031";"730031"
"419";"285";"710";"10";"69";"9072";"285";"10";"9072";"710";"69";"2929";"2929";"0";"1";"0";"710010";"2929";"710010";"710010"
"420";"285";"849";"8";"86";"9256";"285";"8";"9256";"849";"86";"2443";"2443";"0";"1";"0";"849008";"2443";"849008";"849008"
"421";"285";"461";"1";"41";"9707";"285";"1";"9707";"461";"41";"11118";"11118";"0";"1";"0";"461001";"11118";"461001";"461001"
"422";"285";"746";"6";"70";"9674";"285";"6";"9674";"746";"70";"8142";"8142";"0";"1";"0";"746006";"8142";"746006";"746006"
"423";"285";"630";"29";"56";"10020";"285";"29";"10020";"630";"56";"1284";"1284";"0";"1";"0";"630029";"1284";"630029";"630029"
"424";"285";"860";"19";"85";"9228";"285";"19";"9228";"860";"85";"3549";"3549";"0";"1";"0";"860019";"3549";"860019";"860019"
"425";"285";"157";"4";"13";"8498";"285";"4";"8498";"157";"13";"6087";"6087";"0";"1";"0";"157004";"6087";"157004";"157004"
"426";"285";"101";"2";"1";"9765";"285";"2";"9765";"101";"1";"6862";"6862";"0";"1";"0";"101002";"6862";"101002";"101002"
"427";"285";"480";"12";"45";"9391";"285";"12";"9391";"480";"45";"1222";"1222";"0";"1";"0";"480012";"1222";"480012";"480012"
"428";"285";"510";"30";"61";"8991";"285";"30";"8991";"510";"61";"1197";"1197";"0";"1";"0";"510030";"1197";"510030";"510030"
"429";"285";"187";"3";"18";"8539";"285";"3";"8539";"187";"18";"4468";"4468";"0";"1";"0";"187003";"4468";"187003";"187003"
"430";"285";"810";"70";"86";"9247";"285";"70";"9247";"810";"86";"2977";"2977";"0";"1";"0";"810070";"2977";"810070";"810070"
"431";"285";"360";"27";"29";"8623";"285";"27";"8623";"360";"29";"433";"433";"0";"1";"0";"360027";"433";"360027";"360027"
"432";"285";"450";"10";"46";"9950";"285";"10";"9950";"450";"46";"1555";"1555";"0";"1";"0";"450010";"1555";"450010";"450010"
"433";"285";"550";"21";"51";"8899";"285";"21";"8899";"550";"51";"583";"583";"0";"1";"0";"550021";"583";"550021";"550021"
"434";"285";"376";"13";"30";"8639";"285";"13";"8639";"376";"30";"4770";"4770";"0";"1";"0";"376013";"4770";"376013";"376013"
"435";"285";"410";"11";"45";"8828";"285";"11";"8828";"410";"45";"1302";"1302";"0";"1";"0";"410011";"1302";"410011";"410011"
"436";"285";"479";"14";"47";"8858";"285";"14";"8858";"479";"47";"1106";"1106";"0";"1";"0";"479014";"1106";"479014";"479014"
"437";"285";"400";"7";"27";"9438";"285";"7";"9438";"400";"27";"2128";"2128";"0";"1";"0";"400007";"2128";"400007";"400007"
"438";"285";"329";"6";"39";"8739";"285";"6";"8739";"329";"39";"5036";"5036";"0";"1";"0";"329006";"5036";"329006";"329006"
"439";"285";"510";"32";"61";"8993";"285";"32";"8993";"510";"61";"682";"682";"0";"1";"0";"510032";"682";"510032";"510032"
"440";"285";"265";"11";"36";"8714";"285";"11";"8714";"265";"36";"2817";"2817";"0";"1";"0";"265011";"2817";"265011";"265011"
"441";"285";"825";"15";"84";"9888";"285";"15";"9888";"825";"84";"1747";"1747";"0";"1";"0";"825015";"1747";"825015";"825015"
"442";"285";"810";"80";"86";"9248";"285";"80";"9248";"810";"86";"907";"907";"0";"1";"0";"810080";"907";"810080";"810080"
"443";"285";"751";"55";"64";"9024";"285";"55";"9024";"751";"64";"929";"929";"0";"1";"0";"751055";"929";"751055";"751055"
"444";"285";"575";"8";"55";"9497";"285";"8";"9497";"575";"55";"749";"749";"0";"1";"0";"575008";"749";"575008";"575008"
"445";"285";"561";"11";"52";"10052";"285";"11";"10052";"561";"52";"3348";"3348";"0";"1";"0";"561011";"3348";"561011";"561011"
"446";"285";"787";"14";"87";"9300";"285";"14";"9300";"787";"87";"468";"468";"0";"1";"0";"787014";"468";"787014";"787014"
"447";"285";"410";"9";"45";"8826";"285";"9";"8826";"410";"45";"2224";"2224";"0";"1";"0";"410009";"2224";"410009";"410009"
"448";"285";"479";"9";"47";"8855";"285";"9";"8855";"479";"47";"2152";"2152";"0";"1";"0";"479009";"2152";"479009";"479009"
"449";"285";"360";"37";"29";"8626";"285";"37";"8626";"360";"29";"1380";"1380";"0";"1";"0";"360037";"1380";"360037";"360037"
"450";"285";"163";"2";"16";"9821";"285";"2";"9821";"163";"16";"6844";"6844";"0";"1";"0";"163002";"6844";"163002";"163002"
"451";"285";"860";"1";"85";"9215";"285";"1";"9215";"860";"85";"1588";"1588";"0";"1";"0";"860001";"1588";"860001";"860001"
"452";"285";"849";"10";"86";"9258";"285";"10";"9258";"849";"86";"503";"503";"0";"1";"0";"849010";"503";"849010";"849010"
"453";"285";"730";"26";"67";"10003";"285";"26";"10003";"730";"67";"4740";"4740";"0";"1";"0";"730026";"4740";"730026";"730026"
"454";"285";"575";"7";"55";"9496";"285";"7";"9496";"575";"55";"2804";"2804";"0";"1";"0";"575007";"2804";"575007";"575007"
"455";"285";"573";"7";"54";"8922";"285";"7";"8922";"573";"54";"1235";"1235";"0";"1";"0";"573007";"1235";"573007";"573007"
"456";"285";"420";"9";"44";"8803";"285";"9";"8803";"420";"44";"823";"823";"0";"1";"0";"420009";"823";"420009";"420009"
"457";"285";"561";"2";"52";"8908";"285";"2";"8908";"561";"52";"11145";"11145";"0";"1";"0";"561002";"11145";"561002";"561002"
"458";"285";"461";"32";"43";"8794";"285";"32";"8794";"461";"43";"743";"743";"0";"1";"0";"461032";"743";"461032";"461032"
"459";"285";"730";"24";"68";"10004";"285";"24";"10004";"730";"68";"4832";"4832";"0";"1";"0";"730024";"4832";"730024";"730024"
"460";"285";"561";"20";"53";"9860";"285";"20";"9860";"561";"53";"2738";"2738";"0";"1";"0";"561020";"2738";"561020";"561020"
"461";"285";"630";"2";"57";"8957";"285";"2";"8957";"630";"57";"5437";"5437";"0";"1";"0";"630002";"5437";"630002";"630002"
"462";"285";"461";"12";"42";"10041";"285";"12";"10041";"461";"42";"9380";"9380";"0";"1";"0";"461012";"9380";"461012";"461012"
"463";"285";"810";"2";"86";"9237";"285";"2";"9237";"810";"86";"1556";"1556";"0";"1";"0";"810002";"1556";"810002";"810002"
"464";"285";"161";"1";"20";"8556";"285";"1";"8556";"161";"20";"2574";"2574";"0";"1";"0";"161001";"2574";"161001";"161001"
"465";"285";"510";"6";"61";"9709";"285";"6";"9709";"510";"61";"2615";"2615";"0";"1";"0";"510006";"2615";"510006";"510006"
"466";"285";"101";"57";"2";"10058";"285";"57";"10058";"101";"2";"9378";"9378";"0";"1";"0";"101057";"9378";"101057";"101057"
"467";"285";"840";"11";"88";"9331";"285";"11";"9331";"840";"88";"711";"711";"0";"1";"0";"840011";"711";"840011";"840011"
"468";"285";"461";"26";"43";"9949";"285";"26";"9949";"461";"43";"8395";"8395";"0";"1";"0";"461026";"8395";"461026";"461026"
"469";"285";"157";"3";"13";"8497";"285";"3";"8497";"157";"13";"5520";"5520";"0";"1";"0";"157003";"5520";"157003";"157003"
"470";"285";"360";"36";"29";"8625";"285";"36";"8625";"360";"29";"2671";"2671";"0";"1";"0";"360036";"2671";"360036";"360036"
"471";"285";"482";"5";"47";"9486";"285";"5";"9486";"482";"47";"4483";"4483";"0";"1";"0";"482005";"4483";"482005";"482005"
"472";"285";"270";"3";"23";"8584";"285";"3";"8584";"270";"23";"502";"502";"0";"1";"0";"270003";"502";"270003";"270003"
"473";"285";"740";"5";"77";"9638";"285";"5";"9638";"740";"77";"1091";"1091";"0";"1";"0";"740005";"1091";"740005";"740005"
"474";"285";"420";"8";"44";"8802";"285";"8";"8802";"420";"44";"2556";"2556";"0";"1";"0";"420008";"2556";"420008";"420008"
"475";"285";"370";"28";"32";"10026";"285";"28";"10026";"370";"32";"4114";"4114";"0";"1";"0";"370028";"4114";"370028";"370028"
"476";"285";"615";"10";"71";"9091";"285";"10";"9091";"615";"71";"2960";"2960";"0";"1";"0";"615010";"2960";"615010";"615010"
"477";"285";"787";"15";"87";"9301";"285";"15";"9301";"787";"87";"902";"902";"0";"1";"0";"787015";"902";"787015";"787015"
"478";"285";"101";"32";"7";"9793";"285";"32";"9793";"101";"7";"4462";"4462";"0";"1";"0";"101032";"4462";"101032";"101032"
"479";"285";"461";"19";"42";"9840";"285";"19";"9840";"461";"42";"3860";"3860";"0";"1";"0";"461019";"3860";"461019";"461019"
"480";"285";"219";"14";"23";"9734";"285";"14";"9734";"219";"23";"1106";"1106";"0";"1";"0";"219014";"1106";"219014";"219014"
"481";"285";"561";"35";"53";"8916";"285";"35";"8916";"561";"53";"60";"60";"0";"1";"0";"561035";"60";"561035";"561035"
"482";"285";"740";"21";"78";"9652";"285";"21";"9652";"740";"78";"4007";"4007";"0";"1";"0";"740021";"4007";"740021";"740021"
"483";"285";"791";"11";"76";"9556";"285";"11";"9556";"791";"76";"1892";"1892";"0";"1";"0";"791011";"1892";"791011";"791011"
"484";"285";"751";"8";"63";"9016";"285";"8";"9016";"751";"63";"10668";"10668";"0";"1";"0";"751008";"10668";"751008";"751008"
"485";"285";"727";"2";"70";"9076";"285";"2";"9076";"727";"70";"432";"432";"0";"1";"0";"727002";"432";"727002";"727002"
"486";"285";"219";"13";"23";"9733";"285";"13";"9733";"219";"23";"1230";"1230";"0";"1";"0";"219013";"1230";"219013";"219013"
"487";"285";"370";"26";"32";"9835";"285";"26";"9835";"370";"32";"2858";"2858";"0";"1";"0";"370026";"2858";"370026";"370026"
"488";"285";"550";"14";"51";"8893";"285";"14";"8893";"550";"51";"1013";"1013";"0";"1";"0";"550014";"1013";"550014";"550014"
"489";"285";"101";"33";"7";"9794";"285";"33";"9794";"101";"7";"8054";"8054";"0";"1";"0";"101033";"8054";"101033";"101033"
"490";"285";"540";"12";"49";"9609";"285";"12";"9609";"540";"49";"4734";"4734";"0";"1";"0";"540012";"4734";"540012";"540012"
"491";"285";"630";"3";"57";"8958";"285";"3";"8958";"630";"57";"2023";"2023";"0";"1";"0";"630003";"2023";"630003";"630003"
"492";"285";"370";"24";"32";"10016";"285";"24";"10016";"370";"32";"5347";"5347";"0";"1";"0";"370024";"5347";"370024";"370024"
"493";"285";"101";"48";"8";"9806";"285";"48";"9806";"101";"8";"8987";"8987";"0";"1";"0";"101048";"8987";"101048";"101048"
"494";"285";"820";"12";"88";"9320";"285";"12";"9320";"820";"88";"1210";"1210";"0";"1";"0";"820012";"1210";"820012";"820012"
"495";"285";"671";"4";"73";"9131";"285";"4";"9131";"671";"73";"1872";"1872";"0";"1";"0";"671004";"1872";"671004";"671004"
"496";"285";"330";"2";"40";"8755";"285";"2";"8755";"330";"40";"1226";"1226";"0";"1";"0";"330002";"1226";"330002";"330002"
"497";"285";"330";"16";"40";"10031";"285";"16";"10031";"330";"40";"511";"511";"0";"1";"0";"330016";"511";"330016";"330016"
"498";"285";"510";"7";"61";"9710";"285";"7";"9710";"510";"61";"3662";"3662";"0";"1";"0";"510007";"3662";"510007";"510007"
"499";"285";"740";"3";"77";"9636";"285";"3";"9636";"740";"77";"1848";"1848";"0";"1";"0";"740003";"1848";"740003";"740003"
"500";"285";"860";"18";"85";"9227";"285";"18";"9227";"860";"85";"5324";"5324";"0";"1";"0";"860018";"5324";"860018";"860018"
"501";"285";"661";"4";"82";"9167";"285";"4";"9167";"661";"82";"3600";"3600";"0";"1";"0";"661004";"3600";"661004";"661004"
"502";"285";"306";"8";"38";"8729";"285";"8";"8729";"306";"38";"2571";"2571";"0";"1";"0";"306008";"2571";"306008";"306008"
"503";"285";"461";"16";"42";"8783";"285";"16";"8783";"461";"42";"3121";"3121";"0";"1";"0";"461016";"3121";"461016";"461016"
"504";"285";"360";"14";"29";"9363";"285";"14";"9363";"360";"29";"66";"66";"0";"1";"0";"360014";"66";"360014";"360014"
"505";"285";"766";"2";"72";"9098";"285";"2";"9098";"766";"72";"3368";"3368";"0";"1";"0";"766002";"3368";"766002";"766002"
"506";"285";"480";"6";"45";"8834";"285";"6";"8834";"480";"45";"4405";"4405";"0";"1";"0";"480006";"4405";"480006";"480006"
"507";"285";"773";"15";"87";"9283";"285";"15";"9283";"773";"87";"604";"604";"0";"1";"0";"773015";"604";"773015";"773015"
"508";"285";"259";"10";"34";"8682";"285";"10";"8682";"259";"34";"4068";"4068";"0";"1";"0";"259010";"4068";"259010";"259010"
"509";"285";"760";"1";"83";"9882";"285";"1";"9882";"760";"83";"4151";"4151";"0";"1";"0";"760001";"4151";"760001";"760001"
"510";"285";"217";"7";"21";"9827";"285";"7";"9827";"217";"21";"1490";"1490";"0";"1";"0";"217007";"1490";"217007";"217007"
"511";"285";"707";"10";"66";"9738";"285";"10";"9738";"707";"66";"1484";"1484";"0";"1";"0";"707010";"1484";"707010";"707010"
"512";"285";"316";"6";"37";"9588";"285";"6";"9588";"316";"37";"1953";"1953";"0";"1";"0";"316006";"1953";"316006";"316006"
"513";"285";"175";"7";"16";"9958";"285";"7";"9958";"175";"16";"1719";"1719";"0";"1";"0";"175007";"1719";"175007";"175007"
"514";"285";"630";"31";"56";"9516";"285";"31";"9516";"630";"56";"1983";"1983";"0";"1";"0";"630031";"1983";"630031";"630031"
"515";"285";"730";"8";"67";"9540";"285";"8";"9540";"730";"67";"2116";"2116";"0";"1";"0";"730008";"2116";"730008";"730008"
"516";"285";"573";"5";"54";"10079";"285";"5";"10079";"573";"54";"651";"651";"0";"1";"0";"573005";"651";"573005";"573005"
"517";"285";"173";"3";"14";"8507";"285";"3";"8507";"173";"14";"5454";"5454";"0";"1";"0";"173003";"5454";"173003";"173003"
"518";"285";"326";"10";"38";"9477";"285";"10";"9477";"326";"38";"1457";"1457";"0";"1";"0";"326010";"1457";"326010";"326010"
"519";"285";"630";"23";"56";"8954";"285";"23";"8954";"630";"56";"1283";"1283";"0";"1";"0";"630023";"1283";"630023";"630023"
"520";"285";"270";"4";"23";"8585";"285";"4";"8585";"270";"23";"4051";"4051";"0";"1";"0";"270004";"4051";"270004";"270004"
"521";"285";"316";"5";"37";"9587";"285";"5";"9587";"316";"37";"3696";"3696";"0";"1";"0";"316005";"3696";"316005";"316005"
"522";"285";"580";"17";"50";"9631";"285";"17";"9631";"580";"50";"3335";"3335";"0";"1";"0";"580017";"3335";"580017";"580017"
"523";"285";"175";"1";"16";"8517";"285";"1";"8517";"175";"16";"3443";"3443";"0";"1";"0";"175001";"3443";"175001";"175001"
"524";"285";"159";"8";"15";"9927";"285";"8";"9927";"159";"15";"4726";"4726";"0";"1";"0";"159008";"4726";"159008";"159008"
"525";"285";"607";"3";"58";"8967";"285";"3";"8967";"607";"58";"7842";"7842";"0";"1";"0";"607003";"7842";"607003";"607003"
"526";"285";"330";"3";"40";"8756";"285";"3";"8756";"330";"40";"1364";"1364";"0";"1";"0";"330003";"1364";"330003";"330003"
"527";"285";"851";"27";"90";"9343";"285";"27";"9343";"851";"90";"7057";"7057";"0";"1";"0";"851027";"7057";"851027";"851027"
"528";"285";"810";"3";"86";"9238";"285";"3";"9238";"810";"86";"4200";"4200";"0";"1";"0";"810003";"4200";"810003";"810003"
"529";"285";"157";"5";"13";"8499";"285";"5";"8499";"157";"13";"5684";"5684";"0";"1";"0";"157005";"5684";"157005";"157005"
"530";"285";"665";"4";"73";"9123";"285";"4";"9123";"665";"73";"2151";"2151";"0";"1";"0";"665004";"2151";"665004";"665004"
"531";"285";"657";"6";"80";"9684";"285";"6";"9684";"657";"80";"777";"777";"0";"1";"0";"657006";"777";"657006";"657006"
"532";"285";"430";"18";"48";"8881";"285";"18";"8881";"430";"48";"1919";"1919";"0";"1";"0";"430018";"1919";"430018";"430018"
"533";"285";"540";"1";"49";"9598";"285";"1";"9598";"540";"49";"4150";"4150";"0";"1";"0";"540001";"4150";"540001";"540001"
"534";"285";"480";"5";"45";"8833";"285";"5";"8833";"480";"45";"1619";"1619";"0";"1";"0";"480005";"1619";"480005";"480005"
"535";"285";"430";"19";"48";"8882";"285";"19";"8882";"430";"48";"1845";"1845";"0";"1";"0";"430019";"1845";"430019";"430019"
"536";"285";"740";"4";"77";"9637";"285";"4";"9637";"740";"77";"1633";"1633";"0";"1";"0";"740004";"1633";"740004";"740004"
"537";"285";"846";"22";"89";"9341";"285";"22";"9341";"846";"89";"1851";"1851";"0";"1";"0";"846022";"1851";"846022";"846022"
"538";"285";"580";"5";"50";"9619";"285";"5";"9619";"580";"50";"1575";"1575";"0";"1";"0";"580005";"1575";"580005";"580005"
"539";"285";"510";"29";"61";"8990";"285";"29";"8990";"510";"61";"870";"870";"0";"1";"0";"510029";"870";"510029";"510029"
"540";"285";"657";"30";"81";"9693";"285";"30";"9693";"657";"81";"981";"981";"0";"1";"0";"657030";"981";"657030";"657030"
"541";"285";"607";"4";"58";"8968";"285";"4";"8968";"607";"58";"716";"716";"0";"1";"0";"607004";"716";"607004";"607004"
"542";"285";"163";"1";"16";"9940";"285";"1";"9940";"163";"16";"8404";"8404";"0";"1";"0";"163001";"8404";"163001";"163001"
"543";"285";"751";"28";"63";"10045";"285";"28";"10045";"751";"63";"8378";"8378";"0";"1";"0";"751028";"8378";"751028";"751028"
"544";"285";"101";"34";"7";"9795";"285";"34";"9795";"101";"7";"9320";"9320";"0";"1";"0";"101034";"9320";"101034";"101034"
"545";"285";"167";"8";"17";"9929";"285";"8";"9929";"167";"17";"5681";"5681";"0";"1";"0";"167008";"5681";"167008";"167008"
"546";"285";"787";"24";"87";"9309";"285";"24";"9309";"787";"87";"2718";"2718";"0";"1";"0";"787024";"2718";"787024";"787024"
"547";"285";"573";"6";"54";"8921";"285";"6";"8921";"573";"54";"716";"716";"0";"1";"0";"573006";"716";"573006";"573006"
"548";"285";"450";"6";"46";"8846";"285";"6";"8846";"450";"46";"2393";"2393";"0";"1";"0";"450006";"2393";"450006";"450006"
"549";"285";"173";"4";"14";"8508";"285";"4";"8508";"173";"14";"5473";"5473";"0";"1";"0";"173004";"5473";"173004";"173004"
"550";"285";"730";"17";"68";"9542";"285";"17";"9542";"730";"68";"1099";"1099";"0";"1";"0";"730017";"1099";"730017";"730017"
"551";"285";"766";"20";"72";"9114";"285";"20";"9114";"766";"72";"1583";"1583";"0";"1";"0";"766020";"1583";"766020";"766020"
"552";"285";"657";"23";"81";"9696";"285";"23";"9696";"657";"81";"4218";"4218";"0";"1";"0";"657023";"4218";"657023";"657023"
"553";"285";"727";"1";"70";"9075";"285";"1";"9075";"727";"70";"10684";"10684";"0";"1";"0";"727001";"10684";"727001";"727001"
"554";"285";"430";"1";"48";"8866";"285";"1";"8866";"430";"48";"1303";"1303";"0";"1";"0";"430001";"1303";"430001";"430001"
"555";"285";"575";"9";"55";"9498";"285";"9";"9498";"575";"55";"2059";"2059";"0";"1";"0";"575009";"2059";"575009";"575009"
"556";"285";"746";"5";"70";"9679";"285";"5";"9679";"746";"70";"2759";"2759";"0";"1";"0";"746005";"2759";"746005";"746005"
"557";"285";"265";"21";"36";"9390";"285";"21";"9390";"265";"36";"4372";"4372";"0";"1";"0";"265021";"4372";"265021";"265021"
"558";"285";"270";"5";"23";"8586";"285";"5";"8586";"270";"23";"1879";"1879";"0";"1";"0";"270005";"1879";"270005";"270005"
"559";"285";"410";"8";"45";"8825";"285";"8";"8825";"410";"45";"2534";"2534";"0";"1";"0";"410008";"2534";"410008";"410008"
"560";"285";"630";"24";"56";"8955";"285";"24";"8955";"630";"56";"3434";"3434";"0";"1";"0";"630024";"3434";"630024";"630024"
"561";"285";"630";"32";"56";"9517";"285";"32";"9517";"630";"56";"6858";"6858";"0";"1";"0";"630032";"6858";"630032";"630032"
"562";"285";"657";"19";"81";"9683";"285";"19";"9683";"657";"81";"768";"768";"0";"1";"0";"657019";"768";"657019";"657019"
"563";"285";"751";"11";"62";"9003";"285";"11";"9003";"751";"62";"4664";"4664";"0";"1";"0";"751011";"4664";"751011";"751011"
"564";"285";"773";"14";"87";"9282";"285";"14";"9282";"773";"87";"773";"773";"0";"1";"0";"773014";"773";"773014";"773014"
"565";"285";"791";"12";"76";"9557";"285";"12";"9557";"791";"76";"3723";"3723";"0";"1";"0";"791012";"3723";"791012";"791012"
"566";"285";"376";"1";"30";"8627";"285";"1";"8627";"376";"30";"4294";"4294";"0";"1";"0";"376001";"4294";"376001";"376001"
"567";"285";"706";"3";"66";"9539";"285";"3";"9539";"706";"66";"1965";"1965";"0";"1";"0";"706003";"1965";"706003";"706003"
"568";"285";"787";"23";"87";"9308";"285";"23";"9308";"787";"87";"1692";"1692";"0";"1";"0";"787023";"1692";"787023";"787023"
"569";"285";"813";"5";"84";"9197";"285";"5";"9197";"813";"84";"1261";"1261";"0";"1";"0";"813005";"1261";"813005";"813005"
"570";"285";"326";"2";"38";"9470";"285";"2";"9470";"326";"38";"287";"287";"0";"1";"0";"326002";"287";"326002";"326002"
"571";"285";"147";"1";"10";"9813";"285";"1";"9813";"147";"10";"9204";"9204";"0";"1";"0";"147001";"9204";"147001";"147001"
"572";"285";"665";"6";"73";"9125";"285";"6";"9125";"665";"73";"1302";"1302";"0";"1";"0";"665006";"1302";"665006";"665006"
"573";"285";"751";"65";"65";"10047";"285";"65";"10047";"751";"65";"7132";"7132";"0";"1";"0";"751065";"7132";"751065";"751065"
"574";"285";"480";"7";"45";"8835";"285";"7";"8835";"480";"45";"1024";"1024";"0";"1";"0";"480007";"1024";"480007";"480007"
"575";"285";"810";"4";"86";"9239";"285";"4";"9239";"810";"86";"1128";"1128";"0";"1";"0";"810004";"1128";"810004";"810004"
"576";"285";"779";"17";"74";"9880";"285";"17";"9880";"779";"74";"604";"604";"0";"1";"0";"779017";"604";"779017";"779017"
"577";"285";"259";"8";"34";"8680";"285";"8";"8680";"259";"34";"1094";"1094";"0";"1";"0";"259008";"1094";"259008";"259008"
"578";"285";"461";"2";"41";"8775";"285";"2";"8775";"461";"41";"9176";"9176";"0";"1";"0";"461002";"9176";"461002";"461002"
"579";"285";"101";"11";"3";"9773";"285";"11";"9773";"101";"3";"18385";"18385";"0";"1";"0";"101011";"18385";"101011";"101011"
"580";"285";"450";"5";"46";"8845";"285";"5";"8845";"450";"46";"858";"858";"0";"1";"0";"450005";"858";"450005";"450005"
"581";"285";"766";"18";"72";"9112";"285";"18";"9112";"766";"72";"445";"445";"0";"1";"0";"766018";"445";"766018";"766018"
"582";"285";"260";"4";"24";"9966";"285";"4";"9966";"260";"24";"8858";"8858";"0";"1";"0";"260004";"8858";"260004";"260004"
"583";"285";"813";"20";"84";"9212";"285";"20";"9212";"813";"84";"674";"674";"0";"1";"0";"813020";"674";"813020";"813020"
"584";"285";"330";"25";"40";"8774";"285";"25";"8774";"330";"40";"2227";"2227";"0";"1";"0";"330025";"2227";"330025";"330025"
"585";"285";"751";"51";"65";"9034";"285";"51";"9034";"751";"65";"6968";"6968";"0";"1";"0";"751051";"6968";"751051";"751051"
"586";"285";"330";"4";"40";"8757";"285";"4";"8757";"330";"40";"1475";"1475";"0";"1";"0";"330004";"1475";"330004";"330004"
"587";"285";"185";"1";"12";"8489";"285";"1";"8489";"185";"12";"4878";"4878";"0";"1";"0";"185001";"4878";"185001";"185001"
"588";"285";"573";"28";"54";"8936";"285";"28";"8936";"573";"54";"1058";"1058";"0";"1";"0";"573028";"1058";"573028";"573028"
"589";"285";"756";"2";"79";"9149";"285";"2";"9149";"756";"79";"841";"841";"0";"1";"0";"756002";"841";"756002";"756002"
"590";"285";"320";"5";"33";"8668";"285";"5";"8668";"320";"33";"3473";"3473";"0";"1";"0";"320005";"3473";"320005";"320005"
"591";"285";"175";"2";"16";"10061";"285";"2";"10061";"175";"16";"4434";"4434";"0";"1";"0";"175002";"4434";"175002";"175002"
"592";"285";"851";"17";"91";"9915";"285";"17";"9915";"851";"91";"6700";"6700";"0";"1";"0";"851017";"6700";"851017";"851017"
"593";"285";"217";"6";"21";"10035";"285";"6";"10035";"217";"21";"1117";"1117";"0";"1";"0";"217006";"1117";"217006";"217006"
"594";"285";"657";"1";"80";"9163";"285";"1";"9163";"657";"80";"22035";"22035";"0";"1";"0";"657001";"22035";"657001";"657001"
"595";"285";"270";"6";"23";"8587";"285";"6";"8587";"270";"23";"6043";"6043";"0";"1";"0";"270006";"6043";"270006";"270006"
"596";"285";"740";"22";"78";"9653";"285";"22";"9653";"740";"78";"1664";"1664";"0";"1";"0";"740022";"1664";"740022";"740022"
"597";"285";"461";"35";"41";"9914";"285";"35";"9914";"461";"41";"7368";"7368";"0";"1";"0";"461035";"7368";"461035";"461035"
"598";"285";"751";"19";"63";"9991";"285";"19";"9991";"751";"63";"3848";"3848";"0";"1";"0";"751019";"3848";"751019";"751019"
"599";"285";"756";"5";"79";"10006";"285";"5";"10006";"756";"79";"7062";"7062";"0";"1";"0";"756005";"7062";"756005";"756005"
"600";"285";"350";"5";"34";"8693";"285";"5";"8693";"350";"34";"1032";"1032";"0";"1";"0";"350005";"1032";"350005";"350005"
"601";"285";"101";"20";"5";"9781";"285";"20";"9781";"101";"5";"7361";"7361";"0";"1";"0";"101020";"7361";"101020";"101020"
"602";"285";"851";"7";"92";"10014";"285";"7";"10014";"851";"92";"2447";"2447";"0";"1";"0";"851007";"2447";"851007";"851007"
"603";"285";"479";"11";"47";"8857";"285";"11";"8857";"479";"47";"2284";"2284";"0";"1";"0";"479011";"2284";"479011";"479011"
"604";"285";"101";"47";"8";"9805";"285";"47";"9805";"101";"8";"5950";"5950";"0";"1";"0";"101047";"5950";"101047";"101047"
"605";"285";"751";"12";"62";"9004";"285";"12";"9004";"751";"62";"4256";"4256";"0";"1";"0";"751012";"4256";"751012";"751012"
"606";"285";"219";"9";"23";"9917";"285";"9";"9917";"219";"23";"3476";"3476";"0";"1";"0";"219009";"3476";"219009";"219009"
"607";"285";"846";"18";"89";"9339";"285";"18";"9339";"846";"89";"2464";"2464";"0";"1";"0";"846018";"2464";"846018";"846018"
"608";"285";"779";"14";"74";"9756";"285";"14";"9756";"779";"74";"1401";"1401";"0";"1";"0";"779014";"1401";"779014";"779014"
"609";"285";"657";"27";"81";"9692";"285";"27";"9692";"657";"81";"3576";"3576";"0";"1";"0";"657027";"3576";"657027";"657027"
"610";"285";"851";"14";"91";"9350";"285";"14";"9350";"851";"91";"4057";"4057";"0";"1";"0";"851014";"4057";"851014";"851014"
"611";"285";"169";"13";"19";"8551";"285";"13";"8551";"169";"19";"689";"689";"0";"1";"0";"169013";"689";"169013";"169013"
"612";"285";"219";"6";"23";"9727";"285";"6";"9727";"219";"23";"4861";"4861";"0";"1";"0";"219006";"4861";"219006";"219006"
"613";"285";"253";"1";"35";"9706";"285";"1";"9706";"253";"35";"4269";"4269";"0";"1";"0";"253001";"4269";"253001";"253001"
"614";"285";"376";"15";"30";"8641";"285";"15";"8641";"376";"30";"1021";"1021";"0";"1";"0";"376015";"1021";"376015";"376015"
"615";"285";"316";"4";"37";"9586";"285";"4";"9586";"316";"37";"3336";"3336";"0";"1";"0";"316004";"3336";"316004";"316004"
"616";"285";"779";"7";"74";"9138";"285";"7";"9138";"779";"74";"783";"783";"0";"1";"0";"779007";"783";"779007";"779007"
"617";"285";"540";"14";"49";"9611";"285";"14";"9611";"540";"49";"1482";"1482";"0";"1";"0";"540014";"1482";"540014";"540014"
"618";"285";"740";"17";"77";"9650";"285";"17";"9650";"740";"77";"1032";"1032";"0";"1";"0";"740017";"1032";"740017";"740017"
"619";"285";"766";"19";"72";"9113";"285";"19";"9113";"766";"72";"649";"649";"0";"1";"0";"766019";"649";"766019";"766019"
"620";"285";"756";"1";"79";"9148";"285";"1";"9148";"756";"79";"1978";"1978";"0";"1";"0";"756001";"1978";"756001";"756001"
"621";"285";"657";"24";"81";"9686";"285";"24";"9686";"657";"81";"3867";"3867";"0";"1";"0";"657024";"3867";"657024";"657024"
"622";"285";"370";"6";"32";"9948";"285";"6";"9948";"370";"32";"2145";"2145";"0";"1";"0";"370006";"2145";"370006";"370006"
"623";"285";"510";"3";"61";"8973";"285";"3";"8973";"510";"61";"220";"220";"0";"1";"0";"510003";"220";"510003";"510003"
"624";"285";"661";"3";"82";"9166";"285";"3";"9166";"661";"82";"1801";"1801";"0";"1";"0";"661003";"1801";"661003";"661003"
"625";"285";"240";"2";"25";"8609";"285";"2";"8609";"240";"25";"8063";"8063";"0";"1";"0";"240002";"8063";"240002";"240002"
"626";"285";"550";"1";"51";"8886";"285";"1";"8886";"550";"51";"1572";"1572";"0";"1";"0";"550001";"1572";"550001";"550001"
"627";"285";"151";"6";"20";"9945";"285";"6";"9945";"151";"20";"6414";"6414";"0";"1";"0";"151006";"6414";"151006";"151006"
"628";"285";"580";"4";"50";"9618";"285";"4";"9618";"580";"50";"3912";"3912";"0";"1";"0";"580004";"3912";"580004";"580004"
"629";"285";"813";"7";"84";"9199";"285";"7";"9199";"813";"84";"5201";"5201";"0";"1";"0";"813007";"5201";"813007";"813007"
"630";"285";"101";"10";"2";"9772";"285";"10";"9772";"101";"2";"12127";"12127";"0";"1";"0";"101010";"12127";"101010";"101010"
"631";"285";"450";"4";"46";"8844";"285";"4";"8844";"450";"46";"1842";"1842";"0";"1";"0";"450004";"1842";"450004";"450004"
"632";"285";"461";"3";"41";"8776";"285";"3";"8776";"461";"41";"3444";"3444";"0";"1";"0";"461003";"3444";"461003";"461003"
"633";"285";"260";"3";"24";"9965";"285";"3";"9965";"260";"24";"3595";"3595";"0";"1";"0";"260003";"3595";"260003";"260003"
"634";"285";"665";"5";"73";"9124";"285";"5";"9124";"665";"73";"1356";"1356";"0";"1";"0";"665005";"1356";"665005";"665005"
"635";"285";"730";"9";"67";"9046";"285";"9";"9046";"730";"67";"1360";"1360";"0";"1";"0";"730009";"1360";"730009";"730009"
"636";"285";"376";"2";"30";"8628";"285";"2";"8628";"376";"30";"3379";"3379";"0";"1";"0";"376002";"3379";"376002";"376002"
"637";"285";"746";"2";"70";"9701";"285";"2";"9701";"746";"70";"4720";"4720";"0";"1";"0";"746002";"4720";"746002";"746002"
"638";"285";"240";"1";"25";"8608";"285";"1";"8608";"240";"25";"913";"913";"0";"1";"0";"240001";"913";"240001";"240001"
"639";"285";"851";"56";"90";"9349";"285";"56";"9349";"851";"90";"1714";"1714";"0";"1";"0";"851056";"1714";"851056";"851056"
"640";"285";"259";"9";"34";"8681";"285";"9";"8681";"259";"34";"4658";"4658";"0";"1";"0";"259009";"4658";"259009";"259009"
"641";"285";"810";"5";"86";"9240";"285";"5";"9240";"810";"86";"3599";"3599";"0";"1";"0";"810005";"3599";"810005";"810005"
"642";"285";"779";"8";"74";"9139";"285";"8";"9139";"779";"74";"715";"715";"0";"1";"0";"779008";"715";"779008";"779008"
"643";"285";"561";"17";"53";"9859";"285";"17";"9859";"561";"53";"1186";"1186";"0";"1";"0";"561017";"1186";"561017";"561017"
"644";"285";"360";"26";"29";"9366";"285";"26";"9366";"360";"29";"461";"461";"0";"1";"0";"360026";"461";"360026";"360026"
"645";"285";"350";"11";"34";"8697";"285";"11";"8697";"350";"34";"2454";"2454";"0";"1";"0";"350011";"2454";"350011";"350011"
"646";"285";"657";"8";"80";"9695";"285";"8";"9695";"657";"80";"1910";"1910";"0";"1";"0";"657008";"1910";"657008";"657008"
"647";"285";"376";"16";"30";"8642";"285";"16";"8642";"376";"30";"3160";"3160";"0";"1";"0";"376016";"3160";"376016";"376016"
"648";"285";"540";"13";"49";"9610";"285";"13";"9610";"540";"49";"2572";"2572";"0";"1";"0";"540013";"2572";"540013";"540013"
"649";"285";"217";"3";"21";"9825";"285";"3";"9825";"217";"21";"6425";"6425";"0";"1";"0";"217003";"6425";"217003";"217003"
"650";"285";"791";"10";"76";"9555";"285";"10";"9555";"791";"76";"2292";"2292";"0";"1";"0";"791010";"2292";"791010";"791010"
"651";"285";"360";"19";"29";"8622";"285";"19";"8622";"360";"29";"2739";"2739";"0";"1";"0";"360019";"2739";"360019";"360019"
"652";"285";"657";"2";"80";"9164";"285";"2";"9164";"657";"80";"1169";"1169";"0";"1";"0";"657002";"1169";"657002";"657002"
"653";"285";"710";"8";"69";"9531";"285";"8";"9531";"710";"69";"1381";"1381";"0";"1";"0";"710008";"1381";"710008";"710008"
"654";"285";"350";"4";"34";"8692";"285";"4";"8692";"350";"34";"1191";"1191";"0";"1";"0";"350004";"1191";"350004";"350004"
"655";"285";"420";"1";"44";"8796";"285";"1";"8796";"420";"44";"5852";"5852";"0";"1";"0";"420001";"5852";"420001";"420001"
"656";"285";"820";"7";"88";"9317";"285";"7";"9317";"820";"88";"1525";"1525";"0";"1";"0";"820007";"1525";"820007";"820007"
"657";"285";"607";"2";"58";"8966";"285";"2";"8966";"607";"58";"1295";"1295";"0";"1";"0";"607002";"1295";"607002";"607002"
"658";"285";"510";"17";"61";"8981";"285";"17";"8981";"510";"61";"394";"394";"0";"1";"0";"510017";"394";"510017";"510017"
"659";"285";"147";"2";"10";"9814";"285";"2";"9814";"147";"10";"9506";"9506";"0";"1";"0";"147002";"9506";"147002";"147002"
"660";"285";"813";"21";"84";"9213";"285";"21";"9213";"813";"84";"1684";"1684";"0";"1";"0";"813021";"1684";"813021";"813021"
"661";"285";"330";"5";"40";"8758";"285";"5";"8758";"330";"40";"6467";"6467";"0";"1";"0";"330005";"6467";"330005";"330005"
"662";"285";"580";"18";"50";"9632";"285";"18";"9632";"580";"50";"2539";"2539";"0";"1";"0";"580018";"2539";"580018";"580018"
"663";"285";"340";"8";"39";"8752";"285";"8";"8752";"340";"39";"3291";"3291";"0";"1";"0";"340008";"3291";"340008";"340008"
"664";"285";"101";"46";"8";"9804";"285";"46";"9804";"101";"8";"5943";"5943";"0";"1";"0";"101046";"5943";"101046";"101046"
"665";"285";"340";"1";"39";"8747";"285";"1";"8747";"340";"39";"4738";"4738";"0";"1";"0";"340001";"4738";"340001";"340001"
"666";"285";"740";"27";"78";"9657";"285";"27";"9657";"740";"78";"2866";"2866";"0";"1";"0";"740027";"2866";"740027";"740027"
"667";"285";"479";"19";"47";"8862";"285";"19";"8862";"479";"47";"2329";"2329";"0";"1";"0";"479019";"2329";"479019";"479019"
"668";"285";"540";"9";"49";"9606";"285";"9";"9606";"540";"49";"7381";"7381";"0";"1";"0";"540009";"7381";"540009";"540009"
"669";"285";"751";"63";"64";"10025";"285";"63";"10025";"751";"64";"10403";"10403";"0";"1";"0";"751063";"10403";"751063";"751063"
"670";"285";"400";"5";"28";"9445";"285";"5";"9445";"400";"28";"1636";"1636";"0";"1";"0";"400005";"1636";"400005";"400005"
"671";"285";"370";"12";"32";"8654";"285";"12";"8654";"370";"32";"477";"477";"0";"1";"0";"370012";"477";"370012";"370012"
"672";"285";"575";"18";"55";"9507";"285";"18";"9507";"575";"55";"1280";"1280";"0";"1";"0";"575018";"1280";"575018";"575018"
"673";"285";"101";"42";"8";"9801";"285";"42";"9801";"101";"8";"9136";"9136";"0";"1";"0";"101042";"9136";"101042";"101042"
"674";"285";"350";"1";"34";"8689";"285";"1";"8689";"350";"34";"3423";"3423";"0";"1";"0";"350001";"3423";"350001";"350001"
"675";"285";"751";"64";"63";"9995";"285";"64";"9995";"751";"63";"7234";"7234";"0";"1";"0";"751064";"7234";"751064";"751064"
"676";"285";"260";"5";"24";"10015";"285";"5";"10015";"260";"24";"2947";"2947";"0";"1";"0";"260005";"2947";"260005";"260005"
"677";"285";"740";"28";"78";"10030";"285";"28";"10030";"740";"78";"3641";"3641";"0";"1";"0";"740028";"3641";"740028";"740028"
"678";"285";"169";"9";"19";"8547";"285";"9";"8547";"169";"19";"1964";"1964";"0";"1";"0";"169009";"1964";"169009";"169009"
"679";"285";"580";"15";"50";"9629";"285";"15";"9629";"580";"50";"4263";"4263";"0";"1";"0";"580015";"4263";"580015";"580015"
"680";"285";"730";"27";"67";"9052";"285";"27";"9052";"730";"67";"4732";"4732";"0";"1";"0";"730027";"4732";"730027";"730027"
"681";"285";"813";"18";"84";"9210";"285";"18";"9210";"813";"84";"609";"609";"0";"1";"0";"813018";"609";"813018";"813018"
"682";"285";"270";"1";"23";"8582";"285";"1";"8582";"270";"23";"4864";"4864";"0";"1";"0";"270001";"4864";"270001";"270001"
"683";"285";"187";"1";"18";"8537";"285";"1";"8537";"187";"18";"4387";"4387";"0";"1";"0";"187001";"4387";"187001";"187001"
"684";"285";"730";"11";"67";"9048";"285";"11";"9048";"730";"67";"4181";"4181";"0";"1";"0";"730011";"4181";"730011";"730011"
"685";"285";"760";"35";"83";"9192";"285";"35";"9192";"760";"83";"2349";"2349";"0";"1";"0";"760035";"2349";"760035";"760035"
"686";"285";"779";"3";"74";"9134";"285";"3";"9134";"779";"74";"5511";"5511";"0";"1";"0";"779003";"5511";"779003";"779003"
"687";"285";"330";"17";"40";"8768";"285";"17";"8768";"330";"40";"224";"224";"0";"1";"0";"330017";"224";"330017";"330017"
"688";"285";"791";"8";"75";"9553";"285";"8";"9553";"791";"75";"24226";"24226";"0";"1";"0";"791008";"24226";"791008";"791008"
"689";"285";"710";"2";"69";"9066";"285";"2";"9066";"710";"69";"3091";"3091";"0";"1";"0";"710002";"3091";"710002";"710002"
"690";"285";"219";"10";"23";"9730";"285";"10";"9730";"219";"23";"5743";"5743";"0";"1";"0";"219010";"5743";"219010";"219010"
"691";"285";"630";"28";"56";"9513";"285";"28";"9513";"630";"56";"1373";"1373";"0";"1";"0";"630028";"1373";"630028";"630028"
"692";"285";"101";"51";"9";"9809";"285";"51";"9809";"101";"9";"10181";"10181";"0";"1";"0";"101051";"10181";"101051";"101051"
"693";"285";"316";"9";"37";"9591";"285";"9";"9591";"316";"37";"3225";"3225";"0";"1";"0";"316009";"3225";"316009";"316009"
"694";"285";"101";"36";"7";"9797";"285";"36";"9797";"101";"7";"9442";"9442";"0";"1";"0";"101036";"9442";"101036";"101036"
"695";"285";"420";"2";"44";"8797";"285";"2";"8797";"420";"44";"1377";"1377";"0";"1";"0";"420002";"1377";"420002";"420002"
"696";"285";"751";"26";"63";"9010";"285";"26";"9010";"751";"63";"5096";"5096";"0";"1";"0";"751026";"5096";"751026";"751026"
"697";"285";"480";"3";"45";"8831";"285";"3";"8831";"480";"45";"1403";"1403";"0";"1";"0";"480003";"1403";"480003";"480003"
"698";"285";"326";"9";"38";"9903";"285";"9";"9903";"326";"38";"4104";"4104";"0";"1";"0";"326009";"4104";"326009";"326009"
"699";"285";"630";"21";"56";"8952";"285";"21";"8952";"630";"56";"814";"814";"0";"1";"0";"630021";"814";"630021";"630021"
"700";"285";"575";"6";"55";"9495";"285";"6";"9495";"575";"55";"462";"462";"0";"1";"0";"575006";"462";"575006";"575006"
"701";"285";"665";"8";"73";"9127";"285";"8";"9127";"665";"73";"1513";"1513";"0";"1";"0";"665008";"1513";"665008";"665008"
"702";"285";"820";"11";"88";"9752";"285";"11";"9752";"820";"88";"1539";"1539";"0";"1";"0";"820011";"1539";"820011";"820011"
"703";"285";"217";"8";"21";"8564";"285";"8";"8564";"217";"21";"968";"968";"0";"1";"0";"217008";"968";"217008";"217008"
"704";"285";"101";"24";"5";"9785";"285";"24";"9785";"101";"5";"7872";"7872";"0";"1";"0";"101024";"7872";"101024";"101024"
"705";"285";"710";"14";"69";"9533";"285";"14";"9533";"710";"69";"931";"931";"0";"1";"0";"710014";"931";"710014";"710014"
"706";"285";"615";"2";"71";"9875";"285";"2";"9875";"615";"71";"5670";"5670";"0";"1";"0";"615002";"5670";"615002";"615002"
"707";"285";"575";"1";"55";"9392";"285";"1";"9392";"575";"55";"4407";"4407";"0";"1";"0";"575001";"4407";"575001";"575001"
"708";"285";"621";"10";"60";"9397";"285";"10";"9397";"621";"60";"4906";"4906";"0";"1";"0";"621010";"4906";"621010";"621010"
"709";"285";"851";"43";"92";"9360";"285";"43";"9360";"851";"92";"4675";"4675";"0";"1";"0";"851043";"4675";"851043";"851043"
"710";"285";"165";"3";"19";"9702";"285";"3";"9702";"165";"19";"3901";"3901";"0";"1";"0";"165003";"3901";"165003";"165003"
"711";"285";"376";"19";"30";"9388";"285";"19";"9388";"376";"30";"3063";"3063";"0";"1";"0";"376019";"3063";"376019";"376019"
"712";"285";"157";"9";"13";"8503";"285";"9";"8503";"157";"13";"5663";"5663";"0";"1";"0";"157009";"5663";"157009";"157009"
"713";"285";"159";"5";"15";"9924";"285";"5";"9924";"159";"15";"7465";"7465";"0";"1";"0";"159005";"7465";"159005";"159005"
"714";"285";"217";"9";"21";"8565";"285";"9";"8565";"217";"21";"4054";"4054";"0";"1";"0";"217009";"4054";"217009";"217009"
"715";"285";"480";"2";"45";"8830";"285";"2";"8830";"480";"45";"835";"835";"0";"1";"0";"480002";"835";"480002";"480002"
"716";"285";"316";"8";"37";"9590";"285";"8";"9590";"316";"37";"2907";"2907";"0";"1";"0";"316008";"2907";"316008";"316008"
"717";"285";"791";"1";"75";"9147";"285";"1";"9147";"791";"75";"2552";"2552";"0";"1";"0";"791001";"2552";"791001";"791001"
"718";"285";"253";"2";"35";"10093";"285";"2";"10093";"253";"35";"18033";"18033";"0";"1";"0";"253002";"18033";"253002";"253002"
"719";"285";"270";"2";"23";"8583";"285";"2";"8583";"270";"23";"2687";"2687";"0";"1";"0";"270002";"2687";"270002";"270002"
"720";"285";"766";"16";"72";"9110";"285";"16";"9110";"766";"72";"90";"90";"0";"1";"0";"766016";"90";"766016";"766016"
"721";"285";"390";"8";"31";"9455";"285";"8";"9455";"390";"31";"4686";"4686";"0";"1";"0";"390008";"4686";"390008";"390008"
"722";"285";"320";"1";"33";"8664";"285";"1";"8664";"320";"33";"5994";"5994";"0";"1";"0";"320001";"5994";"320001";"320001"
"723";"285";"482";"7";"47";"9488";"285";"7";"9488";"482";"47";"1465";"1465";"0";"1";"0";"482007";"1465";"482007";"482007"
"724";"285";"615";"1";"71";"9874";"285";"1";"9874";"615";"71";"5638";"5638";"0";"1";"0";"615001";"5638";"615001";"615001"
"725";"285";"306";"6";"38";"8727";"285";"6";"8727";"306";"38";"2655";"2655";"0";"1";"0";"306006";"2655";"306006";"306006"
"726";"285";"791";"9";"76";"9554";"285";"9";"9554";"791";"76";"5814";"5814";"0";"1";"0";"791009";"5814";"791009";"791009"
"727";"285";"461";"29";"43";"8791";"285";"29";"8791";"461";"43";"5176";"5176";"0";"1";"0";"461029";"5176";"461029";"461029"
"728";"285";"630";"20";"56";"8951";"285";"20";"8951";"630";"56";"876";"876";"0";"1";"0";"630020";"876";"630020";"630020"
"729";"285";"665";"7";"73";"9126";"285";"7";"9126";"665";"73";"1672";"1672";"0";"1";"0";"665007";"1672";"665007";"665007"
"730";"285";"461";"23";"43";"8787";"285";"23";"8787";"461";"43";"11021";"11021";"0";"1";"0";"461023";"11021";"461023";"461023"
"731";"285";"851";"22";"91";"9352";"285";"22";"9352";"851";"91";"4360";"4360";"0";"1";"0";"851022";"4360";"851022";"851022"
"732";"285";"751";"25";"63";"10051";"285";"25";"10051";"751";"63";"7220";"7220";"0";"1";"0";"751025";"7220";"751025";"751025"
"733";"285";"330";"24";"40";"8773";"285";"24";"8773";"330";"40";"1029";"1029";"0";"1";"0";"330024";"1029";"330024";"330024"
"734";"285";"657";"9";"80";"9578";"285";"9";"9578";"657";"80";"788";"788";"0";"1";"0";"657009";"788";"657009";"657009"
"735";"285";"410";"5";"45";"8822";"285";"5";"8822";"410";"45";"1563";"1563";"0";"1";"0";"410005";"1563";"410005";"410005"
"736";"285";"440";"1";"46";"9403";"285";"1";"9403";"440";"46";"2028";"2028";"0";"1";"0";"440001";"2028";"440001";"440001"
"737";"285";"376";"18";"30";"9387";"285";"18";"9387";"376";"30";"1638";"1638";"0";"1";"0";"376018";"1638";"376018";"376018"
"738";"285";"813";"1";"84";"9193";"285";"1";"9193";"813";"84";"6971";"6971";"0";"1";"0";"813001";"6971";"813001";"813001"
"739";"285";"510";"15";"61";"8979";"285";"15";"8979";"510";"61";"683";"683";"0";"1";"0";"510015";"683";"510015";"510015"
"740";"285";"580";"2";"50";"9616";"285";"2";"9616";"580";"50";"737";"737";"0";"1";"0";"580002";"737";"580002";"580002"
"741";"285";"730";"14";"67";"9541";"285";"14";"9541";"730";"67";"2069";"2069";"0";"1";"0";"730014";"2069";"730014";"730014"
"742";"285";"350";"2";"34";"8690";"285";"2";"8690";"350";"34";"2217";"2217";"0";"1";"0";"350002";"2217";"350002";"350002"
"743";"285";"169";"1";"19";"9960";"285";"1";"9960";"169";"19";"3236";"3236";"0";"1";"0";"169001";"3236";"169001";"169001"
"744";"285";"101";"41";"7";"9800";"285";"41";"9800";"101";"7";"11345";"11345";"0";"1";"0";"101041";"11345";"101041";"101041"
"745";"285";"370";"22";"32";"9968";"285";"22";"9968";"370";"32";"5044";"5044";"0";"1";"0";"370022";"5044";"370022";"370022"
"746";"285";"360";"1";"29";"9365";"285";"1";"9365";"360";"29";"617";"617";"0";"1";"0";"360001";"617";"360001";"360001"
"747";"285";"370";"13";"32";"8655";"285";"13";"8655";"370";"32";"564";"564";"0";"1";"0";"370013";"564";"370013";"370013"
"748";"285";"580";"16";"50";"9630";"285";"16";"9630";"580";"50";"8278";"8278";"0";"1";"0";"580016";"8278";"580016";"580016"
"749";"285";"710";"13";"69";"9532";"285";"13";"9532";"710";"69";"1033";"1033";"0";"1";"0";"710013";"1033";"710013";"710013"
"750";"285";"440";"6";"46";"9481";"285";"6";"9481";"440";"46";"3601";"3601";"0";"1";"0";"440006";"3601";"440006";"440006"
"751";"285";"230";"7";"26";"9747";"285";"7";"9747";"230";"26";"6462";"6462";"0";"1";"0";"230007";"6462";"230007";"230007"
"752";"285";"157";"8";"13";"8502";"285";"8";"8502";"157";"13";"4884";"4884";"0";"1";"0";"157008";"4884";"157008";"157008"
"753";"285";"329";"12";"39";"8744";"285";"12";"8744";"329";"39";"928";"928";"0";"1";"0";"329012";"928";"329012";"329012"
"754";"285";"760";"30";"83";"9189";"285";"30";"9189";"760";"83";"4006";"4006";"0";"1";"0";"760030";"4006";"760030";"760030"
"755";"285";"851";"10";"92";"9672";"285";"10";"9672";"851";"92";"5540";"5540";"0";"1";"0";"851010";"5540";"851010";"851010"
"756";"285";"561";"7";"52";"9982";"285";"7";"9982";"561";"52";"4108";"4108";"0";"1";"0";"561007";"4108";"561007";"561007"
"757";"285";"561";"12";"53";"9857";"285";"12";"9857";"561";"53";"2620";"2620";"0";"1";"0";"561012";"2620";"561012";"561012"
"758";"285";"153";"2";"18";"8531";"285";"2";"8531";"153";"18";"3778";"3778";"0";"1";"0";"153002";"3778";"153002";"153002"
"759";"285";"461";"13";"42";"9974";"285";"13";"9974";"461";"42";"971";"971";"0";"1";"0";"461013";"971";"461013";"461013"
"760";"285";"101";"23";"5";"9784";"285";"23";"9784";"101";"5";"7599";"7599";"0";"1";"0";"101023";"7599";"101023";"101023"
"761";"285";"420";"3";"44";"8798";"285";"3";"8798";"420";"44";"683";"683";"0";"1";"0";"420003";"683";"420003";"420003"
"762";"285";"430";"15";"48";"8878";"285";"15";"8878";"430";"48";"6473";"6473";"0";"1";"0";"430015";"6473";"430015";"430015"
"763";"285";"630";"16";"56";"10019";"285";"16";"10019";"630";"56";"2130";"2130";"0";"1";"0";"630016";"2130";"630016";"630016"
"764";"285";"159";"3";"15";"8516";"285";"3";"8516";"159";"15";"6577";"6577";"0";"1";"0";"159003";"6577";"159003";"159003"
"765";"285";"183";"5";"18";"8536";"285";"5";"8536";"183";"18";"4394";"4394";"0";"1";"0";"183005";"4394";"183005";"183005"
"766";"285";"751";"22";"64";"9996";"285";"22";"9996";"751";"64";"3482";"3482";"0";"1";"0";"751022";"3482";"751022";"751022"
"767";"285";"230";"9";"26";"9921";"285";"9";"9921";"230";"26";"3156";"3156";"0";"1";"0";"230009";"3156";"230009";"230009"
"768";"285";"773";"11";"87";"9279";"285";"11";"9279";"773";"87";"512";"512";"0";"1";"0";"773011";"512";"773011";"773011"
"769";"285";"630";"22";"56";"8953";"285";"22";"8953";"630";"56";"367";"367";"0";"1";"0";"630022";"367";"630022";"630022"
"770";"285";"810";"1";"86";"9236";"285";"1";"9236";"810";"86";"730";"730";"0";"1";"0";"810001";"730";"810001";"810001"
"771";"285";"621";"13";"60";"9715";"285";"13";"9715";"621";"60";"2586";"2586";"0";"1";"0";"621013";"2586";"621013";"621013"
"772";"285";"461";"11";"42";"10040";"285";"11";"10040";"461";"42";"11718";"11718";"0";"1";"0";"461011";"11718";"461011";"461011"
"773";"285";"730";"12";"67";"10002";"285";"12";"10002";"730";"67";"2623";"2623";"0";"1";"0";"730012";"2623";"730012";"730012"
"774";"285";"846";"2";"89";"9332";"285";"2";"9332";"846";"89";"2242";"2242";"0";"1";"0";"846002";"2242";"846002";"846002"
"775";"285";"813";"2";"84";"9194";"285";"2";"9194";"813";"84";"192";"192";"0";"1";"0";"813002";"192";"813002";"813002"
"776";"285";"175";"5";"16";"9705";"285";"5";"9705";"175";"16";"6472";"6472";"0";"1";"0";"175005";"6472";"175005";"175005"
"777";"285";"615";"15";"71";"9699";"285";"15";"9699";"615";"71";"896";"896";"0";"1";"0";"615015";"896";"615015";"615015"
"778";"285";"751";"2";"62";"8998";"285";"2";"8998";"751";"62";"6731";"6731";"0";"1";"0";"751002";"6731";"751002";"751002"
"779";"285";"849";"11";"86";"9259";"285";"11";"9259";"849";"86";"1067";"1067";"0";"1";"0";"849011";"1067";"849011";"849011"
"780";"285";"370";"32";"32";"9972";"285";"32";"9972";"370";"32";"2237";"2237";"0";"1";"0";"370032";"2237";"370032";"370032"
"781";"285";"230";"1";"26";"9742";"285";"1";"9742";"230";"26";"5566";"5566";"0";"1";"0";"230001";"5566";"230001";"230001"
"782";"285";"615";"4";"71";"9087";"285";"4";"9087";"615";"71";"203";"203";"0";"1";"0";"615004";"203";"615004";"615004"
"783";"285";"461";"24";"43";"8788";"285";"24";"8788";"461";"43";"4338";"4338";"0";"1";"0";"461024";"4338";"461024";"461024"
"784";"285";"480";"4";"45";"8832";"285";"4";"8832";"480";"45";"1063";"1063";"0";"1";"0";"480004";"1063";"480004";"480004"
"785";"285";"657";"14";"81";"9690";"285";"14";"9690";"657";"81";"638";"638";"0";"1";"0";"657014";"638";"657014";"657014"
"786";"285";"813";"17";"84";"9209";"285";"17";"9209";"813";"84";"836";"836";"0";"1";"0";"813017";"836";"813017";"813017"
"787";"285";"330";"1";"40";"8754";"285";"1";"8754";"330";"40";"1353";"1353";"0";"1";"0";"330001";"1353";"330001";"330001"
"788";"285";"461";"30";"43";"8792";"285";"30";"8792";"461";"43";"7200";"7200";"0";"1";"0";"461030";"7200";"461030";"461030"
"789";"285";"480";"13";"45";"8840";"285";"13";"8840";"480";"45";"3539";"3539";"0";"1";"0";"480013";"3539";"480013";"480013"
"790";"285";"746";"9";"70";"9676";"285";"9";"9676";"746";"70";"3658";"3658";"0";"1";"0";"746009";"3658";"746009";"746009"
"791";"285";"706";"1";"66";"9035";"285";"1";"9035";"706";"66";"7550";"7550";"0";"1";"0";"706001";"7550";"706001";"706001"
"792";"285";"846";"11";"89";"9337";"285";"11";"9337";"846";"89";"5649";"5649";"0";"1";"0";"846011";"5649";"846011";"846011"
"793";"285";"820";"4";"88";"9749";"285";"4";"9749";"820";"88";"7678";"7678";"0";"1";"0";"820004";"7678";"820004";"820004"
"794";"285";"851";"19";"91";"9669";"285";"19";"9669";"851";"91";"6480";"6480";"0";"1";"0";"851019";"6480";"851019";"851019"
"795";"285";"846";"27";"89";"9342";"285";"27";"9342";"846";"89";"8890";"8890";"0";"1";"0";"846027";"8890";"846027";"846027"
"796";"285";"510";"11";"61";"9713";"285";"11";"9713";"510";"61";"2205";"2205";"0";"1";"0";"510011";"2205";"510011";"510011"
"797";"285";"671";"2";"73";"9129";"285";"2";"9129";"671";"73";"1865";"1865";"0";"1";"0";"671002";"1865";"671002";"671002"
"798";"285";"730";"13";"67";"9050";"285";"13";"9050";"730";"67";"3340";"3340";"0";"1";"0";"730013";"3340";"730013";"730013"
"799";"285";"400";"4";"28";"9444";"285";"4";"9444";"400";"28";"3904";"3904";"0";"1";"0";"400004";"3904";"400004";"400004"
"800";"285";"370";"25";"32";"9969";"285";"25";"9969";"370";"32";"2962";"2962";"0";"1";"0";"370025";"2962";"370025";"370025"
"801";"285";"219";"3";"23";"8579";"285";"3";"8579";"219";"23";"672";"672";"0";"1";"0";"219003";"672";"219003";"219003"
"802";"285";"370";"5";"32";"8648";"285";"5";"8648";"370";"32";"835";"835";"0";"1";"0";"370005";"835";"370005";"370005"
"803";"285";"766";"1";"72";"9879";"285";"1";"9879";"766";"72";"7029";"7029";"0";"1";"0";"766001";"7029";"766001";"766001"
"804";"285";"779";"5";"74";"9136";"285";"5";"9136";"779";"74";"1161";"1161";"0";"1";"0";"779005";"1161";"779005";"779005"
"805";"285";"101";"49";"9";"9807";"285";"49";"9807";"101";"9";"7986";"7986";"0";"1";"0";"101049";"7986";"101049";"101049"
"806";"285";"440";"7";"46";"9482";"285";"7";"9482";"440";"46";"4922";"4922";"0";"1";"0";"440007";"4922";"440007";"440007"
"807";"285";"630";"7";"57";"8961";"285";"7";"8961";"630";"57";"736";"736";"0";"1";"0";"630007";"736";"630007";"630007"
"808";"285";"153";"1";"18";"8530";"285";"1";"8530";"153";"18";"3829";"3829";"0";"1";"0";"153001";"3829";"153001";"153001"
"809";"285";"306";"13";"38";"8733";"285";"13";"8733";"306";"38";"868";"868";"0";"1";"0";"306013";"868";"306013";"306013"
"810";"285";"530";"2";"55";"8942";"285";"2";"8942";"530";"55";"2019";"2019";"0";"1";"0";"530002";"2019";"530002";"530002"
"811";"285";"420";"4";"44";"8799";"285";"4";"8799";"420";"44";"691";"691";"0";"1";"0";"420004";"691";"420004";"420004"
"812";"285";"101";"40";"7";"9799";"285";"40";"9799";"101";"7";"5829";"5829";"0";"1";"0";"101040";"5829";"101040";"101040"
"813";"285";"730";"33";"68";"9543";"285";"33";"9543";"730";"68";"2036";"2036";"0";"1";"0";"730033";"2036";"730033";"730033"
"814";"285";"370";"14";"32";"8656";"285";"14";"8656";"370";"32";"2661";"2661";"0";"1";"0";"370014";"2661";"370014";"370014"
"815";"285";"760";"5";"83";"9176";"285";"5";"9176";"760";"83";"806";"806";"0";"1";"0";"760005";"806";"760005";"760005"
"816";"285";"400";"6";"28";"9446";"285";"6";"9446";"400";"28";"4874";"4874";"0";"1";"0";"400006";"4874";"400006";"400006"
"817";"285";"259";"5";"34";"8677";"285";"5";"8677";"259";"34";"4568";"4568";"0";"1";"0";"259005";"4568";"259005";"259005"
"818";"285";"760";"24";"83";"9185";"285";"24";"9185";"760";"83";"6556";"6556";"0";"1";"0";"760024";"6556";"760024";"760024"
"819";"285";"580";"1";"50";"9615";"285";"1";"9615";"580";"50";"705";"705";"0";"1";"0";"580001";"705";"580001";"580001"
"820";"285";"390";"10";"31";"9457";"285";"10";"9457";"390";"31";"1960";"1960";"0";"1";"0";"390010";"1960";"390010";"390010"
"821";"285";"615";"9";"71";"9878";"285";"9";"9878";"615";"71";"3146";"3146";"0";"1";"0";"615009";"3146";"615009";"615009"
"822";"285";"376";"12";"30";"8638";"285";"12";"8638";"376";"30";"2168";"2168";"0";"1";"0";"376012";"2168";"376012";"376012"
"823";"285";"706";"6";"66";"9038";"285";"6";"9038";"706";"66";"6400";"6400";"0";"1";"0";"706006";"6400";"706006";"706006"
"824";"285";"851";"28";"90";"10106";"285";"28";"10106";"851";"90";"6888";"6888";"0";"1";"0";"851028";"6888";"851028";"851028"
"825";"285";"779";"4";"74";"9135";"285";"4";"9135";"779";"74";"3123";"3123";"0";"1";"0";"779004";"3123";"779004";"779004"
"826";"285";"621";"3";"59";"9898";"285";"3";"9898";"621";"59";"4756";"4756";"0";"1";"0";"621003";"4756";"621003";"621003"
"827";"285";"259";"6";"34";"8678";"285";"6";"8678";"259";"34";"3579";"3579";"0";"1";"0";"259006";"3579";"259006";"259006"
"828";"285";"187";"2";"18";"8538";"285";"2";"8538";"187";"18";"3496";"3496";"0";"1";"0";"187002";"3496";"187002";"187002"
"829";"285";"791";"6";"75";"9551";"285";"6";"9551";"791";"75";"2669";"2669";"0";"1";"0";"791006";"2669";"791006";"791006"
"830";"285";"561";"6";"52";"9852";"285";"6";"9852";"561";"52";"5353";"5353";"0";"1";"0";"561006";"5353";"561006";"561006"
"831";"285";"210";"9";"22";"8520";"285";"9";"8520";"210";"22";"3180";"3180";"0";"1";"0";"210009";"3180";"210009";"210009"
"832";"285";"727";"10";"70";"9084";"285";"10";"9084";"727";"70";"109";"109";"0";"1";"0";"727010";"109";"727010";"727010"
"833";"285";"101";"50";"9";"9808";"285";"50";"9808";"101";"9";"9475";"9475";"0";"1";"0";"101050";"9475";"101050";"101050"
"834";"285";"360";"13";"29";"8621";"285";"13";"8621";"360";"29";"5542";"5542";"0";"1";"0";"360013";"5542";"360013";"360013"
"835";"285";"450";"7";"46";"9368";"285";"7";"9368";"450";"46";"375";"375";"0";"1";"0";"450007";"375";"450007";"450007"
"836";"285";"846";"3";"89";"9333";"285";"3";"9333";"846";"89";"3692";"3692";"0";"1";"0";"846003";"3692";"846003";"846003"
"837";"285";"851";"61";"90";"9668";"285";"61";"9668";"851";"90";"4098";"4098";"0";"1";"0";"851061";"4098";"851061";"851061"
"838";"285";"420";"10";"44";"10100";"285";"10";"10100";"420";"44";"789";"789";"0";"1";"0";"420010";"789";"420010";"420010"
"839";"285";"580";"14";"50";"9628";"285";"14";"9628";"580";"50";"3574";"3574";"0";"1";"0";"580014";"3574";"580014";"580014"
"840";"285";"101";"3";"1";"9766";"285";"3";"9766";"101";"1";"12576";"12576";"0";"1";"0";"101003";"12576";"101003";"101003"
"841";"285";"210";"5";"22";"9946";"285";"5";"9946";"210";"22";"7804";"7804";"0";"1";"0";"210005";"7804";"210005";"210005"
"842";"285";"573";"1";"54";"8918";"285";"1";"8918";"573";"54";"11791";"11791";"0";"1";"0";"573001";"11791";"573001";"573001"
"843";"285";"846";"4";"89";"9334";"285";"4";"9334";"846";"89";"3073";"3073";"0";"1";"0";"846004";"3073";"846004";"846004"
"844";"285";"540";"10";"49";"9607";"285";"10";"9607";"540";"49";"6527";"6527";"0";"1";"0";"540010";"6527";"540010";"540010"
"845";"285";"510";"14";"61";"8978";"285";"14";"8978";"510";"61";"2187";"2187";"0";"1";"0";"510014";"2187";"510014";"510014"
"846";"285";"320";"2";"33";"8665";"285";"2";"8665";"320";"33";"7060";"7060";"0";"1";"0";"320002";"7060";"320002";"320002"
"847";"285";"766";"15";"72";"9109";"285";"15";"9109";"766";"72";"1895";"1895";"0";"1";"0";"766015";"1895";"766015";"766015"
"848";"285";"791";"7";"75";"9552";"285";"7";"9552";"791";"75";"1753";"1753";"0";"1";"0";"791007";"1753";"791007";"791007"
"849";"285";"265";"10";"36";"8713";"285";"10";"8713";"265";"36";"6049";"6049";"0";"1";"0";"265010";"6049";"265010";"265010"
"850";"285";"773";"12";"87";"9280";"285";"12";"9280";"773";"87";"760";"760";"0";"1";"0";"773012";"760";"773012";"773012"
"851";"285";"657";"18";"81";"9689";"285";"18";"9689";"657";"81";"552";"552";"0";"1";"0";"657018";"552";"657018";"657018"
"852";"285";"849";"20";"86";"9267";"285";"20";"9267";"849";"86";"1697";"1697";"0";"1";"0";"849020";"1697";"849020";"849020"
"853";"285";"657";"5";"80";"9694";"285";"5";"9694";"657";"80";"2698";"2698";"0";"1";"0";"657005";"2698";"657005";"657005"
"854";"285";"492";"1";"48";"8885";"285";"1";"8885";"492";"48";"2518";"2518";"0";"1";"0";"492001";"2518";"492001";"492001"
"855";"285";"390";"9";"31";"9456";"285";"9";"9456";"390";"31";"1365";"1365";"0";"1";"0";"390009";"1365";"390009";"390009"
"856";"285";"851";"4";"92";"10103";"285";"4";"10103";"851";"92";"4840";"4840";"0";"1";"0";"851004";"4840";"851004";"851004"
"857";"285";"760";"25";"83";"9186";"285";"25";"9186";"760";"83";"1020";"1020";"0";"1";"0";"760025";"1020";"760025";"760025"
"858";"285";"376";"20";"30";"9389";"285";"20";"9389";"376";"30";"1270";"1270";"0";"1";"0";"376020";"1270";"376020";"376020"
"859";"285";"813";"3";"84";"9195";"285";"3";"9195";"813";"84";"1805";"1805";"0";"1";"0";"813003";"1805";"813003";"813003"
"860";"285";"217";"2";"21";"9962";"285";"2";"9962";"217";"21";"8133";"8133";"0";"1";"0";"217002";"8133";"217002";"217002"
"861";"285";"101";"14";"3";"9776";"285";"14";"9776";"101";"3";"14279";"14279";"0";"1";"0";"101014";"14279";"101014";"101014"
"862";"285";"561";"40";"53";"8917";"285";"40";"8917";"561";"53";"3117";"3117";"0";"1";"0";"561040";"3117";"561040";"561040"
"863";"285";"510";"10";"61";"9712";"285";"10";"9712";"510";"61";"2576";"2576";"0";"1";"0";"510010";"2576";"510010";"510010"
"864";"285";"671";"1";"73";"9128";"285";"1";"9128";"671";"73";"6928";"6928";"0";"1";"0";"671001";"6928";"671001";"671001"
"865";"285";"183";"4";"18";"8535";"285";"4";"8535";"183";"18";"4418";"4418";"0";"1";"0";"183004";"4418";"183004";"183004"
"866";"285";"615";"3";"71";"9876";"285";"3";"9876";"615";"71";"9994";"9994";"0";"1";"0";"615003";"9994";"615003";"615003"
"867";"285";"779";"15";"74";"9145";"285";"15";"9145";"779";"74";"1464";"1464";"0";"1";"0";"779015";"1464";"779015";"779015"
"868";"285";"101";"39";"7";"9798";"285";"39";"9798";"101";"7";"5244";"5244";"0";"1";"0";"101039";"5244";"101039";"101039"
"869";"285";"265";"9";"36";"8712";"285";"9";"8712";"265";"36";"950";"950";"0";"1";"0";"265009";"950";"265009";"265009"
"870";"285";"219";"2";"23";"8578";"285";"2";"8578";"219";"23";"5432";"5432";"0";"1";"0";"219002";"5432";"219002";"219002"
"871";"285";"329";"14";"39";"8746";"285";"14";"8746";"329";"39";"714";"714";"0";"1";"0";"329014";"714";"329014";"329014"
"872";"285";"530";"4";"55";"8944";"285";"4";"8944";"530";"55";"880";"880";"0";"1";"0";"530004";"880";"530004";"530004"
"873";"285";"760";"26";"83";"9187";"285";"26";"9187";"760";"83";"645";"645";"0";"1";"0";"760026";"645";"760026";"760026"
"874";"285";"326";"18";"38";"9937";"285";"18";"9937";"326";"38";"3550";"3550";"0";"1";"0";"326018";"3550";"326018";"326018"
"875";"285";"410";"7";"45";"8824";"285";"7";"8824";"410";"45";"1422";"1422";"0";"1";"0";"410007";"1422";"410007";"410007"
"876";"285";"265";"18";"36";"8720";"285";"18";"8720";"265";"36";"906";"906";"0";"1";"0";"265018";"906";"265018";"265018"
"877";"285";"740";"15";"77";"9648";"285";"15";"9648";"740";"77";"1331";"1331";"0";"1";"0";"740015";"1331";"740015";"740015"
"878";"285";"217";"5";"21";"8563";"285";"5";"8563";"217";"21";"5031";"5031";"0";"1";"0";"217005";"5031";"217005";"217005"
"879";"285";"510";"28";"61";"8989";"285";"28";"8989";"510";"61";"2688";"2688";"0";"1";"0";"510028";"2688";"510028";"510028"
"880";"285";"420";"14";"44";"8808";"285";"14";"8808";"420";"44";"594";"594";"0";"1";"0";"420014";"594";"420014";"420014"
"881";"285";"621";"6";"59";"9395";"285";"6";"9395";"621";"59";"3931";"3931";"0";"1";"0";"621006";"3931";"621006";"621006"
"882";"285";"510";"13";"61";"8977";"285";"13";"8977";"510";"61";"1006";"1006";"0";"1";"0";"510013";"1006";"510013";"510013"
"883";"285";"851";"38";"91";"9354";"285";"38";"9354";"851";"91";"2564";"2564";"0";"1";"0";"851038";"2564";"851038";"851038"
"884";"285";"510";"22";"61";"8985";"285";"22";"8985";"510";"61";"603";"603";"0";"1";"0";"510022";"603";"510022";"510022"
"885";"285";"510";"1";"61";"8971";"285";"1";"8971";"510";"61";"2390";"2390";"0";"1";"0";"510001";"2390";"510001";"510001"
"886";"285";"376";"11";"30";"8637";"285";"11";"8637";"376";"30";"1908";"1908";"0";"1";"0";"376011";"1908";"376011";"376011"
"887";"285";"787";"10";"87";"9296";"285";"10";"9296";"787";"87";"1683";"1683";"0";"1";"0";"787010";"1683";"787010";"787010"
"888";"285";"840";"2";"88";"9322";"285";"2";"9322";"840";"88";"3403";"3403";"0";"1";"0";"840002";"3403";"840002";"840002"
"889";"285";"217";"4";"21";"9564";"285";"4";"9564";"217";"21";"4890";"4890";"0";"1";"0";"217004";"4890";"217004";"217004"
"890";"285";"851";"12";"92";"10104";"285";"12";"10104";"851";"92";"4607";"4607";"0";"1";"0";"851012";"4607";"851012";"851012"
"891";"285";"575";"3";"55";"9492";"285";"3";"9492";"575";"55";"2925";"2925";"0";"1";"0";"575003";"2925";"575003";"575003"
"892";"285";"657";"7";"80";"9685";"285";"7";"9685";"657";"80";"4965";"4965";"0";"1";"0";"657007";"4965";"657007";"657007"
"893";"285";"751";"24";"63";"10044";"285";"24";"10044";"751";"63";"6618";"6618";"0";"1";"0";"751024";"6618";"751024";"751024"
"894";"285";"813";"15";"84";"9207";"285";"15";"9207";"813";"84";"792";"792";"0";"1";"0";"813015";"792";"813015";"813015"
"895";"285";"849";"12";"86";"9260";"285";"12";"9260";"849";"86";"1264";"1264";"0";"1";"0";"849012";"1264";"849012";"849012"
"896";"285";"621";"12";"60";"9399";"285";"12";"9399";"621";"60";"3702";"3702";"0";"1";"0";"621012";"3702";"621012";"621012"
"897";"285";"461";"25";"43";"8789";"285";"25";"8789";"461";"43";"7892";"7892";"0";"1";"0";"461025";"7892";"461025";"461025"
"898";"285";"173";"5";"14";"8514";"285";"5";"8514";"173";"14";"1181";"1181";"0";"1";"0";"173005";"1181";"173005";"173005"
"899";"285";"849";"21";"86";"9268";"285";"21";"9268";"849";"86";"1310";"1310";"0";"1";"0";"849021";"1310";"849021";"849021"
"900";"285";"573";"26";"54";"8934";"285";"26";"8934";"573";"54";"1146";"1146";"0";"1";"0";"573026";"1146";"573026";"573026"
"901";"285";"813";"4";"84";"9196";"285";"4";"9196";"813";"84";"784";"784";"0";"1";"0";"813004";"784";"813004";"813004"
"902";"285";"630";"12";"57";"8964";"285";"12";"8964";"630";"57";"3069";"3069";"0";"1";"0";"630012";"3069";"630012";"630012"
"903";"285";"766";"14";"72";"9108";"285";"14";"9108";"766";"72";"1228";"1228";"0";"1";"0";"766014";"1228";"766014";"766014"
"904";"285";"320";"3";"33";"8666";"285";"3";"8666";"320";"33";"4069";"4069";"0";"1";"0";"320003";"4069";"320003";"320003"
"905";"285";"336";"4";"33";"10017";"285";"4";"10017";"336";"33";"3544";"3544";"0";"1";"0";"336004";"3544";"336004";"336004"
"906";"285";"461";"6";"41";"8778";"285";"6";"8778";"461";"41";"2276";"2276";"0";"1";"0";"461006";"2276";"461006";"461006"
"907";"285";"787";"9";"87";"9295";"285";"9";"9295";"787";"87";"486";"486";"0";"1";"0";"787009";"486";"787009";"787009"
"908";"285";"615";"22";"71";"9939";"285";"22";"9939";"615";"71";"449";"449";"0";"1";"0";"615022";"449";"615022";"615022"
"909";"285";"813";"16";"84";"9208";"285";"16";"9208";"813";"84";"468";"468";"0";"1";"0";"813016";"468";"813016";"813016"
"910";"285";"851";"5";"92";"9357";"285";"5";"9357";"851";"92";"8993";"8993";"0";"1";"0";"851005";"8993";"851005";"851005"
"911";"285";"851";"11";"92";"9894";"285";"11";"9894";"851";"92";"5953";"5953";"0";"1";"0";"851011";"5953";"851011";"851011"
"912";"285";"671";"3";"73";"9130";"285";"3";"9130";"671";"73";"1484";"1484";"0";"1";"0";"671003";"1484";"671003";"671003"
"913";"285";"751";"50";"65";"9033";"285";"50";"9033";"751";"65";"4775";"4775";"0";"1";"0";"751050";"4775";"751050";"751050"
"914";"285";"573";"27";"54";"8935";"285";"27";"8935";"573";"54";"881";"881";"0";"1";"0";"573027";"881";"573027";"573027"
"915";"285";"101";"13";"3";"9775";"285";"13";"9775";"101";"3";"11040";"11040";"0";"1";"0";"101013";"11040";"101013";"101013"
"916";"285";"400";"3";"28";"9443";"285";"3";"9443";"400";"28";"1757";"1757";"0";"1";"0";"400003";"1757";"400003";"400003"
"917";"285";"751";"16";"63";"9868";"285";"16";"9868";"751";"63";"679";"679";"0";"1";"0";"751016";"679";"751016";"751016"
"918";"285";"740";"14";"77";"9647";"285";"14";"9647";"740";"77";"781";"781";"0";"1";"0";"740014";"781";"740014";"740014"
"919";"285";"773";"10";"87";"9278";"285";"10";"9278";"773";"87";"542";"542";"0";"1";"0";"773010";"542";"773010";"773010"
"920";"285";"621";"7";"59";"9396";"285";"7";"9396";"621";"59";"4539";"4539";"0";"1";"0";"621007";"4539";"621007";"621007"
"921";"285";"615";"19";"71";"9097";"285";"19";"9097";"615";"71";"1496";"1496";"0";"1";"0";"615019";"1496";"615019";"615019"
"922";"285";"730";"25";"68";"9061";"285";"25";"9061";"730";"68";"3249";"3249";"0";"1";"0";"730025";"3249";"730025";"730025"
"923";"285";"219";"1";"23";"8577";"285";"1";"8577";"219";"23";"8335";"8335";"0";"1";"0";"219001";"8335";"219001";"219001"
"924";"285";"265";"8";"36";"8711";"285";"8";"8711";"265";"36";"2295";"2295";"0";"1";"0";"265008";"2295";"265008";"265008"
"925";"285";"430";"22";"48";"8884";"285";"22";"8884";"430";"48";"3605";"3605";"0";"1";"0";"430022";"3605";"430022";"430022"
"926";"285";"101";"12";"3";"9774";"285";"12";"9774";"101";"3";"7303";"7303";"0";"1";"0";"101012";"7303";"101012";"101012"
"927";"285";"580";"13";"50";"9627";"285";"13";"9627";"580";"50";"1832";"1832";"0";"1";"0";"580013";"1832";"580013";"580013"
"928";"285";"219";"12";"23";"9732";"285";"12";"9732";"219";"23";"3086";"3086";"0";"1";"0";"219012";"3086";"219012";"219012"
"929";"285";"820";"8";"88";"9751";"285";"8";"9751";"820";"88";"1493";"1493";"0";"1";"0";"820008";"1493";"820008";"820008"
"930";"285";"573";"4";"54";"10078";"285";"4";"10078";"573";"54";"917";"917";"0";"1";"0";"573004";"917";"573004";"573004"
"931";"285";"779";"6";"74";"9137";"285";"6";"9137";"779";"74";"650";"650";"0";"1";"0";"779006";"650";"779006";"779006"
"932";"285";"756";"4";"79";"10005";"285";"4";"10005";"756";"79";"785";"785";"0";"1";"0";"756004";"785";"756004";"756004"
"933";"285";"320";"4";"33";"8667";"285";"4";"8667";"320";"33";"3355";"3355";"0";"1";"0";"320004";"3355";"320004";"320004"
"934";"285";"740";"29";"78";"9911";"285";"29";"9911";"740";"78";"5981";"5981";"0";"1";"0";"740029";"5981";"740029";"740029"
"935";"285";"259";"4";"34";"8676";"285";"4";"8676";"259";"34";"1723";"1723";"0";"1";"0";"259004";"1723";"259004";"259004"
"936";"285";"621";"11";"60";"9398";"285";"11";"9398";"621";"60";"3682";"3682";"0";"1";"0";"621011";"3682";"621011";"621011"
"937";"285";"250";"2";"24";"8594";"285";"2";"8594";"250";"24";"4815";"4815";"0";"1";"0";"250002";"4815";"250002";"250002"
"938";"285";"851";"36";"90";"10107";"285";"36";"10107";"851";"90";"5191";"5191";"0";"1";"0";"851036";"5191";"851036";"851036"
"939";"285";"530";"3";"55";"8943";"285";"3";"8943";"530";"55";"1762";"1762";"0";"1";"0";"530003";"1762";"530003";"530003"
"940";"285";"671";"7";"73";"9536";"285";"7";"9536";"671";"73";"2980";"2980";"0";"1";"0";"671007";"2980";"671007";"671007"
"941";"285";"706";"5";"66";"9037";"285";"5";"9037";"706";"66";"3857";"3857";"0";"1";"0";"706005";"3857";"706005";"706005"
"942";"285";"329";"5";"39";"8738";"285";"5";"8738";"329";"39";"1114";"1114";"0";"1";"0";"329005";"1114";"329005";"329005"
"943";"285";"607";"8";"58";"9867";"285";"8";"9867";"607";"58";"5612";"5612";"0";"1";"0";"607008";"5612";"607008";"607008"
"944";"285";"169";"12";"19";"8550";"285";"12";"8550";"169";"19";"4415";"4415";"0";"1";"0";"169012";"4415";"169012";"169012"
"945";"285";"450";"11";"46";"8849";"285";"11";"8849";"450";"46";"1076";"1076";"0";"1";"0";"450011";"1076";"450011";"450011"
"946";"285";"157";"7";"13";"8501";"285";"7";"8501";"157";"13";"6787";"6787";"0";"1";"0";"157007";"6787";"157007";"157007"
"947";"285";"510";"2";"61";"8972";"285";"2";"8972";"510";"61";"743";"743";"0";"1";"0";"510002";"743";"510002";"510002"
"948";"285";"575";"5";"55";"9494";"285";"5";"9494";"575";"55";"986";"986";"0";"1";"0";"575005";"986";"575005";"575005"
"949";"285";"316";"10";"37";"9592";"285";"10";"9592";"316";"37";"2631";"2631";"0";"1";"0";"316010";"2631";"316010";"316010"
"950";"285";"492";"2";"48";"9848";"285";"2";"9848";"492";"48";"1982";"1982";"0";"1";"0";"492002";"1982";"492002";"492002"
"951";"285";"540";"11";"49";"10029";"285";"11";"10029";"540";"49";"6445";"6445";"0";"1";"0";"540011";"6445";"540011";"540011"
"952";"285";"787";"11";"87";"9297";"285";"11";"9297";"787";"87";"292";"292";"0";"1";"0";"787011";"292";"787011";"787011"
"953";"285";"710";"1";"69";"9065";"285";"1";"9065";"710";"69";"4335";"4335";"0";"1";"0";"710001";"4335";"710001";"710001"
"954";"285";"376";"10";"30";"8636";"285";"10";"8636";"376";"30";"2616";"2616";"0";"1";"0";"376010";"2616";"376010";"376010"
"955";"285";"430";"21";"48";"9847";"285";"21";"9847";"430";"48";"1544";"1544";"0";"1";"0";"430021";"1544";"430021";"430021"
"956";"285";"201";"1";"26";"8617";"285";"1";"8617";"201";"26";"2580";"2580";"0";"1";"0";"201001";"2580";"201001";"201001"
"957";"285";"329";"4";"39";"8737";"285";"4";"8737";"329";"39";"4715";"4715";"0";"1";"0";"329004";"4715";"329004";"329004"
"958";"285";"482";"8";"47";"9489";"285";"8";"9489";"482";"47";"574";"574";"0";"1";"0";"482008";"574";"482008";"482008"
"959";"285";"420";"5";"44";"10097";"285";"5";"10097";"420";"44";"3453";"3453";"0";"1";"0";"420005";"3453";"420005";"420005"
"960";"285";"657";"15";"81";"9663";"285";"15";"9663";"657";"81";"1532";"1532";"0";"1";"0";"657015";"1532";"657015";"657015"
"961";"285";"420";"13";"44";"8807";"285";"13";"8807";"420";"44";"2702";"2702";"0";"1";"0";"420013";"2702";"420013";"420013"
"962";"285";"575";"19";"55";"9508";"285";"19";"9508";"575";"55";"1807";"1807";"0";"1";"0";"575019";"1807";"575019";"575019"
"963";"285";"510";"9";"61";"8975";"285";"9";"8975";"510";"61";"1157";"1157";"0";"1";"0";"510009";"1157";"510009";"510009"
"964";"285";"851";"16";"92";"9359";"285";"16";"9359";"851";"92";"8692";"8692";"0";"1";"0";"851016";"8692";"851016";"851016"
"965";"285";"370";"23";"32";"10038";"285";"23";"10038";"370";"32";"5023";"5023";"0";"1";"0";"370023";"5023";"370023";"370023"
"966";"285";"430";"14";"48";"8877";"285";"14";"8877";"430";"48";"1193";"1193";"0";"1";"0";"430014";"1193";"430014";"430014"
"967";"285";"851";"20";"91";"10105";"285";"20";"10105";"851";"91";"4389";"4389";"0";"1";"0";"851020";"4389";"851020";"851020"
"968";"285";"370";"4";"32";"10055";"285";"4";"10055";"370";"32";"2119";"2119";"0";"1";"0";"370004";"2119";"370004";"370004"
"969";"285";"751";"23";"64";"9018";"285";"23";"9018";"751";"64";"7583";"7583";"0";"1";"0";"751023";"7583";"751023";"751023"
"970";"285";"330";"13";"40";"8766";"285";"13";"8766";"330";"40";"1281";"1281";"0";"1";"0";"330013";"1281";"330013";"330013"
"971";"285";"671";"6";"73";"9535";"285";"6";"9535";"671";"73";"2023";"2023";"0";"1";"0";"671006";"2023";"671006";"671006"
"972";"285";"706";"4";"66";"9036";"285";"4";"9036";"706";"66";"2772";"2772";"0";"1";"0";"706004";"2772";"706004";"706004"
"973";"285";"336";"2";"33";"8672";"285";"2";"8672";"336";"33";"5894";"5894";"0";"1";"0";"336002";"5894";"336002";"336002"
"974";"285";"575";"17";"55";"9506";"285";"17";"9506";"575";"55";"1287";"1287";"0";"1";"0";"575017";"1287";"575017";"575017"
"975";"285";"820";"1";"88";"9313";"285";"1";"9313";"820";"88";"3193";"3193";"0";"1";"0";"820001";"3193";"820001";"820001"
"976";"285";"461";"20";"42";"8786";"285";"20";"8786";"461";"42";"3588";"3588";"0";"1";"0";"461020";"3588";"461020";"461020"
"977";"285";"329";"13";"39";"8745";"285";"13";"8745";"329";"39";"1160";"1160";"0";"1";"0";"329013";"1160";"329013";"329013"
"978";"285";"306";"4";"38";"8725";"285";"4";"8725";"306";"38";"2765";"2765";"0";"1";"0";"306004";"2765";"306004";"306004"
"979";"285";"350";"3";"34";"8691";"285";"3";"8691";"350";"34";"1411";"1411";"0";"1";"0";"350003";"1411";"350003";"350003"
"980";"285";"849";"14";"86";"9262";"285";"14";"9262";"849";"86";"1099";"1099";"0";"1";"0";"849014";"1099";"849014";"849014"
"981";"285";"479";"23";"47";"8864";"285";"23";"8864";"479";"47";"1260";"1260";"0";"1";"0";"479023";"1260";"479023";"479023"
"982";"285";"159";"6";"15";"9925";"285";"6";"9925";"159";"15";"6326";"6326";"0";"1";"0";"159006";"6326";"159006";"159006"
"983";"285";"630";"13";"57";"9987";"285";"13";"9987";"630";"57";"2635";"2635";"0";"1";"0";"630013";"2635";"630013";"630013"
"984";"285";"849";"13";"86";"9261";"285";"13";"9261";"849";"86";"3451";"3451";"0";"1";"0";"849013";"3451";"849013";"849013"
"985";"285";"740";"1";"77";"9634";"285";"1";"9634";"740";"77";"2590";"2590";"0";"1";"0";"740001";"2590";"740001";"740001"
"986";"285";"390";"17";"31";"9463";"285";"17";"9463";"390";"31";"1644";"1644";"0";"1";"0";"390017";"1644";"390017";"390017"
"987";"285";"420";"12";"44";"8806";"285";"12";"8806";"420";"44";"888";"888";"0";"1";"0";"420012";"888";"420012";"420012"
"988";"285";"101";"22";"5";"9783";"285";"22";"9783";"101";"5";"7164";"7164";"0";"1";"0";"101022";"7164";"101022";"101022"
"989";"285";"787";"12";"87";"9298";"285";"12";"9298";"787";"87";"3371";"3371";"0";"1";"0";"787012";"3371";"787012";"787012"
"990";"285";"840";"1";"88";"9321";"285";"1";"9321";"840";"88";"7728";"7728";"0";"1";"0";"840001";"7728";"840001";"840001"
"991";"285";"329";"3";"39";"8736";"285";"3";"8736";"329";"39";"615";"615";"0";"1";"0";"329003";"615";"329003";"329003"
"992";"285";"773";"9";"87";"9277";"285";"9";"9277";"773";"87";"786";"786";"0";"1";"0";"773009";"786";"773009";"773009"
"993";"285";"219";"11";"23";"9731";"285";"11";"9731";"219";"23";"1647";"1647";"0";"1";"0";"219011";"1647";"219011";"219011"
"994";"285";"101";"35";"7";"9796";"285";"35";"9796";"101";"7";"8034";"8034";"0";"1";"0";"101035";"8034";"101035";"101035"
"995";"285";"265";"17";"36";"8719";"285";"17";"8719";"265";"36";"3571";"3571";"0";"1";"0";"265017";"3571";"265017";"265017"
"996";"285";"165";"1";"19";"9703";"285";"1";"9703";"165";"19";"4556";"4556";"0";"1";"0";"165001";"4556";"165001";"165001"
"997";"285";"450";"12";"46";"8850";"285";"12";"8850";"450";"46";"983";"983";"0";"1";"0";"450012";"983";"450012";"450012"
"998";"285";"751";"45";"65";"9030";"285";"45";"9030";"751";"65";"8507";"8507";"0";"1";"0";"751045";"8507";"751045";"751045"
"999";"285";"153";"5";"18";"9577";"285";"5";"9577";"153";"18";"10732";"10732";"0";"1";"0";"153005";"10732";"153005";"153005"
"1000";"285";"575";"4";"55";"9493";"285";"4";"9493";"575";"55";"869";"869";"0";"1";"0";"575004";"869";"575004";"575004"
"1001";"285";"851";"44";"92";"9361";"285";"44";"9361";"851";"92";"3970";"3970";"0";"1";"0";"851044";"3970";"851044";"851044"
"1002";"285";"157";"6";"13";"8500";"285";"6";"8500";"157";"13";"6074";"6074";"0";"1";"0";"157006";"6074";"157006";"157006"
"1003";"285";"740";"16";"77";"9649";"285";"16";"9649";"740";"77";"2231";"2231";"0";"1";"0";"740016";"2231";"740016";"740016"
"1004";"285";"306";"5";"38";"8726";"285";"5";"8726";"306";"38";"1209";"1209";"0";"1";"0";"306005";"1209";"306005";"306005"
"1005";"285";"851";"40";"90";"9348";"285";"40";"9348";"851";"90";"7170";"7170";"0";"1";"0";"851040";"7170";"851040";"851040"
"1006";"285";"410";"6";"45";"8823";"285";"6";"8823";"410";"45";"3106";"3106";"0";"1";"0";"410006";"3106";"410006";"410006"
"1007";"285";"730";"36";"68";"9544";"285";"36";"9544";"730";"68";"3403";"3403";"0";"1";"0";"730036";"3403";"730036";"730036"
"1008";"285";"101";"21";"5";"9782";"285";"21";"9782";"101";"5";"11723";"11723";"0";"1";"0";"101021";"11723";"101021";"101021"
"1009";"285";"492";"3";"48";"9849";"285";"3";"9849";"492";"48";"1046";"1046";"0";"1";"0";"492003";"1046";"492003";"492003"
"1010";"285";"336";"1";"33";"8671";"285";"1";"8671";"336";"33";"4797";"4797";"0";"1";"0";"336001";"4797";"336001";"336001"
"1011";"285";"430";"13";"48";"8876";"285";"13";"8876";"430";"48";"1149";"1149";"0";"1";"0";"430013";"1149";"430013";"430013"
"1012";"285";"461";"36";"41";"10039";"285";"36";"10039";"461";"41";"3907";"3907";"0";"1";"0";"461036";"3907";"461036";"461036"
"1013";"285";"561";"22";"52";"9983";"285";"22";"9983";"561";"52";"2516";"2516";"0";"1";"0";"561022";"2516";"561022";"561022"
"1014";"285";"630";"30";"56";"9515";"285";"30";"9515";"630";"56";"6149";"6149";"0";"1";"0";"630030";"6149";"630030";"630030"
"1015";"285";"740";"2";"77";"9635";"285";"2";"9635";"740";"77";"2602";"2602";"0";"1";"0";"740002";"2602";"740002";"740002"
"1016";"285";"326";"1";"38";"9902";"285";"1";"9902";"326";"38";"2930";"2930";"0";"1";"0";"326001";"2930";"326001";"326001"
"1017";"285";"846";"14";"89";"9338";"285";"14";"9338";"846";"89";"999";"999";"0";"1";"0";"846014";"999";"846014";"846014"
"1018";"285";"159";"7";"15";"9926";"285";"7";"9926";"159";"15";"4255";"4255";"0";"1";"0";"159007";"4255";"159007";"159007"
"1019";"285";"420";"6";"44";"10098";"285";"6";"10098";"420";"44";"672";"672";"0";"1";"0";"420006";"672";"420006";"420006"
"1020";"285";"250";"1";"24";"10027";"285";"1";"10027";"250";"24";"6698";"6698";"0";"1";"0";"250001";"6698";"250001";"250001"
"1021";"285";"330";"11";"40";"8764";"285";"11";"8764";"330";"40";"3223";"3223";"0";"1";"0";"330011";"3223";"330011";"330011"
"1022";"285";"265";"15";"36";"8717";"285";"15";"8717";"265";"36";"2787";"2787";"0";"1";"0";"265015";"2787";"265015";"265015"
"1023";"285";"740";"12";"77";"9645";"285";"12";"9645";"740";"77";"821";"821";"0";"1";"0";"740012";"821";"740012";"740012"
"1024";"285";"766";"11";"72";"9105";"285";"11";"9105";"766";"72";"1215";"1215";"0";"1";"0";"766011";"1215";"766011";"766011"
"1025";"285";"201";"5";"26";"9833";"285";"5";"9833";"201";"26";"4494";"4494";"0";"1";"0";"201005";"4494";"201005";"201005"
"1026";"285";"330";"26";"40";"10033";"285";"26";"10033";"330";"40";"480";"480";"0";"1";"0";"330026";"480";"330026";"330026"
"1027";"285";"607";"1";"58";"9865";"285";"1";"9865";"607";"58";"11724";"11724";"0";"1";"0";"607001";"11724";"607001";"607001"
"1028";"285";"329";"11";"39";"8743";"285";"11";"8743";"329";"39";"575";"575";"0";"1";"0";"329011";"575";"329011";"329011"
"1029";"285";"265";"6";"36";"8709";"285";"6";"8709";"265";"36";"6058";"6058";"0";"1";"0";"265006";"6058";"265006";"265006"
"1030";"285";"482";"3";"47";"9485";"285";"3";"9485";"482";"47";"1024";"1024";"0";"1";"0";"482003";"1024";"482003";"482003"
"1031";"285";"420";"17";"44";"8811";"285";"17";"8811";"420";"44";"1974";"1974";"0";"1";"0";"420017";"1974";"420017";"420017"
"1032";"285";"167";"6";"17";"8528";"285";"6";"8528";"167";"17";"5491";"5491";"0";"1";"0";"167006";"5491";"167006";"167006"
"1033";"285";"657";"13";"81";"9688";"285";"13";"9688";"657";"81";"3299";"3299";"0";"1";"0";"657013";"3299";"657013";"657013"
"1034";"285";"410";"4";"45";"8821";"285";"4";"8821";"410";"45";"2622";"2622";"0";"1";"0";"410004";"2622";"410004";"410004"
"1035";"285";"461";"5";"41";"9836";"285";"5";"9836";"461";"41";"6718";"6718";"0";"1";"0";"461005";"6718";"461005";"461005"
"1036";"285";"779";"16";"74";"9757";"285";"16";"9757";"779";"74";"1569";"1569";"0";"1";"0";"779016";"1569";"779016";"779016"
"1037";"285";"550";"29";"51";"8904";"285";"29";"8904";"550";"51";"818";"818";"0";"1";"0";"550029";"818";"550029";"550029"
"1038";"285";"706";"8";"66";"9040";"285";"8";"9040";"706";"66";"6449";"6449";"0";"1";"0";"706008";"6449";"706008";"706008"
"1039";"285";"430";"10";"48";"8873";"285";"10";"8873";"430";"48";"108";"108";"0";"1";"0";"430010";"108";"430010";"430010"
"1040";"285";"240";"9";"25";"8616";"285";"9";"8616";"240";"25";"4024";"4024";"0";"1";"0";"240009";"4024";"240009";"240009"
"1041";"285";"461";"21";"42";"9841";"285";"21";"9841";"461";"42";"2361";"2361";"0";"1";"0";"461021";"2361";"461021";"461021"
"1042";"285";"329";"2";"39";"8735";"285";"2";"8735";"329";"39";"754";"754";"0";"1";"0";"329002";"754";"329002";"329002"
"1043";"285";"760";"20";"83";"9182";"285";"20";"9182";"760";"83";"603";"603";"0";"1";"0";"760020";"603";"760020";"760020"
"1044";"285";"169";"7";"19";"9822";"285";"7";"9822";"169";"19";"5889";"5889";"0";"1";"0";"169007";"5889";"169007";"169007"
"1045";"285";"259";"1";"34";"8673";"285";"1";"8673";"259";"34";"4957";"4957";"0";"1";"0";"259001";"4957";"259001";"259001"
"1046";"285";"707";"9";"66";"9529";"285";"9";"9529";"707";"66";"3629";"3629";"0";"1";"0";"707009";"3629";"707009";"707009"
"1047";"285";"550";"23";"51";"8900";"285";"23";"8900";"550";"51";"3356";"3356";"0";"1";"0";"550023";"3356";"550023";"550023"
"1048";"285";"561";"5";"52";"9981";"285";"5";"9981";"561";"52";"5548";"5548";"0";"1";"0";"561005";"5548";"561005";"561005"
"1049";"285";"751";"47";"64";"9022";"285";"47";"9022";"751";"64";"8936";"8936";"0";"1";"0";"751047";"8936";"751047";"751047"
"1050";"285";"530";"7";"55";"8947";"285";"7";"8947";"530";"55";"1647";"1647";"0";"1";"0";"530007";"1647";"530007";"530007"
"1051";"285";"183";"1";"18";"8532";"285";"1";"8532";"183";"18";"1540";"1540";"0";"1";"0";"183001";"1540";"183001";"183001"
"1052";"285";"376";"8";"30";"8634";"285";"8";"8634";"376";"30";"2449";"2449";"0";"1";"0";"376008";"2449";"376008";"376008"
"1053";"285";"340";"4";"39";"8749";"285";"4";"8749";"340";"39";"1527";"1527";"0";"1";"0";"340004";"1527";"340004";"340004"
"1054";"285";"860";"3";"85";"9216";"285";"3";"9216";"860";"85";"4809";"4809";"0";"1";"0";"860003";"4809";"860003";"860003"
"1055";"285";"840";"5";"88";"9325";"285";"5";"9325";"840";"88";"2349";"2349";"0";"1";"0";"840005";"2349";"840005";"840005"
"1056";"285";"630";"34";"56";"10022";"285";"34";"10022";"630";"56";"3541";"3541";"0";"1";"0";"630034";"3541";"630034";"630034"
"1057";"285";"849";"3";"86";"9251";"285";"3";"9251";"849";"86";"1299";"1299";"0";"1";"0";"849003";"1299";"849003";"849003"
"1058";"285";"159";"4";"15";"9923";"285";"4";"9923";"159";"15";"7337";"7337";"0";"1";"0";"159004";"7337";"159004";"159004"
"1059";"285";"787";"7";"87";"9293";"285";"7";"9293";"787";"87";"1005";"1005";"0";"1";"0";"787007";"1005";"787007";"787007"
"1060";"285";"151";"3";"20";"9943";"285";"3";"9943";"151";"20";"2762";"2762";"0";"1";"0";"151003";"2762";"151003";"151003"
"1061";"285";"751";"67";"64";"9026";"285";"67";"9026";"751";"64";"5780";"5780";"0";"1";"0";"751067";"5780";"751067";"751067"
"1062";"285";"773";"6";"87";"9274";"285";"6";"9274";"773";"87";"375";"375";"0";"1";"0";"773006";"375";"773006";"773006"
"1063";"285";"813";"13";"84";"9205";"285";"13";"9205";"813";"84";"536";"536";"0";"1";"0";"813013";"536";"813013";"813013"
"1064";"285";"710";"6";"69";"9069";"285";"6";"9069";"710";"69";"3762";"3762";"0";"1";"0";"710006";"3762";"710006";"710006"
"1065";"285";"730";"1";"68";"9055";"285";"1";"9055";"730";"68";"2594";"2594";"0";"1";"0";"730001";"2594";"730001";"730001"
"1066";"285";"615";"8";"71";"9090";"285";"8";"9090";"615";"71";"2837";"2837";"0";"1";"0";"615008";"2837";"615008";"615008"
"1067";"285";"621";"4";"59";"9393";"285";"4";"9393";"621";"59";"6923";"6923";"0";"1";"0";"621004";"6923";"621004";"621004"
"1068";"285";"751";"49";"65";"10000";"285";"49";"10000";"751";"65";"4075";"4075";"0";"1";"0";"751049";"4075";"751049";"751049"
"1069";"285";"746";"4";"70";"9673";"285";"4";"9673";"746";"70";"6768";"6768";"0";"1";"0";"746004";"6768";"746004";"746004"
"1070";"285";"173";"8";"14";"8511";"285";"8";"8511";"173";"14";"4396";"4396";"0";"1";"0";"173008";"4396";"173008";"173008"
"1071";"285";"350";"9";"34";"8696";"285";"9";"8696";"350";"34";"2276";"2276";"0";"1";"0";"350009";"2276";"350009";"350009"
"1072";"285";"530";"6";"55";"8946";"285";"6";"8946";"530";"55";"8937";"8937";"0";"1";"0";"530006";"8937";"530006";"530006"
"1073";"285";"760";"19";"83";"9181";"285";"19";"9181";"760";"83";"639";"639";"0";"1";"0";"760019";"639";"760019";"760019"
"1074";"285";"550";"24";"51";"8901";"285";"24";"8901";"550";"51";"942";"942";"0";"1";"0";"550024";"942";"550024";"550024"
"1075";"285";"707";"8";"66";"9528";"285";"8";"9528";"707";"66";"2093";"2093";"0";"1";"0";"707008";"2093";"707008";"707008"
"1076";"285";"751";"4";"62";"9989";"285";"4";"9989";"751";"62";"4473";"4473";"0";"1";"0";"751004";"4473";"751004";"751004"
"1077";"285";"766";"10";"72";"9104";"285";"10";"9104";"766";"72";"1339";"1339";"0";"1";"0";"766010";"1339";"766010";"766010"
"1078";"285";"265";"16";"36";"8718";"285";"16";"8718";"265";"36";"1794";"1794";"0";"1";"0";"265016";"1794";"265016";"265016"
"1079";"285";"330";"10";"40";"8763";"285";"10";"8763";"330";"40";"1564";"1564";"0";"1";"0";"330010";"1564";"330010";"330010"
"1080";"285";"820";"5";"88";"9316";"285";"5";"9316";"820";"88";"1481";"1481";"0";"1";"0";"820005";"1481";"820005";"820005"
"1081";"285";"575";"13";"55";"9502";"285";"13";"9502";"575";"55";"647";"647";"0";"1";"0";"575013";"647";"575013";"575013"
"1082";"285";"479";"6";"47";"8853";"285";"6";"8853";"479";"47";"78";"78";"0";"1";"0";"479006";"78";"479006";"479006"
"1083";"285";"167";"7";"17";"8529";"285";"7";"8529";"167";"17";"6645";"6645";"0";"1";"0";"167007";"6645";"167007";"167007"
"1084";"285";"730";"7";"67";"9045";"285";"7";"9045";"730";"67";"1193";"1193";"0";"1";"0";"730007";"1193";"730007";"730007"
"1085";"285";"773";"7";"87";"9275";"285";"7";"9275";"773";"87";"827";"827";"0";"1";"0";"773007";"827";"773007";"773007"
"1086";"285";"813";"12";"84";"9204";"285";"12";"9204";"813";"84";"7591";"7591";"0";"1";"0";"813012";"7591";"813012";"813012"
"1087";"285";"710";"5";"69";"9068";"285";"5";"9068";"710";"69";"1380";"1380";"0";"1";"0";"710005";"1380";"710005";"710005"
"1088";"285";"766";"6";"72";"9102";"285";"6";"9102";"766";"72";"1140";"1140";"0";"1";"0";"766006";"1140";"766006";"766006"
"1089";"285";"265";"5";"36";"8708";"285";"5";"8708";"265";"36";"6654";"6654";"0";"1";"0";"265005";"6654";"265005";"265005"
"1090";"285";"210";"4";"22";"8569";"285";"4";"8569";"210";"22";"3970";"3970";"0";"1";"0";"210004";"3970";"210004";"210004"
"1091";"285";"730";"21";"68";"9059";"285";"21";"9059";"730";"68";"1946";"1946";"0";"1";"0";"730021";"1946";"730021";"730021"
"1092";"285";"561";"25";"53";"8914";"285";"25";"8914";"561";"53";"8501";"8501";"0";"1";"0";"561025";"8501";"561025";"561025"
"1093";"285";"340";"10";"39";"8753";"285";"10";"8753";"340";"39";"4407";"4407";"0";"1";"0";"340010";"4407";"340010";"340010"
"1094";"285";"540";"8";"49";"9605";"285";"8";"9605";"540";"49";"474";"474";"0";"1";"0";"540008";"474";"540008";"540008"
"1095";"285";"740";"11";"77";"9644";"285";"11";"9644";"740";"77";"1602";"1602";"0";"1";"0";"740011";"1602";"740011";"740011"
"1096";"285";"766";"24";"72";"9118";"285";"24";"9118";"766";"72";"868";"868";"0";"1";"0";"766024";"868";"766024";"766024"
"1097";"285";"326";"15";"38";"9934";"285";"15";"9934";"326";"38";"2710";"2710";"0";"1";"0";"326015";"2710";"326015";"326015"
"1098";"285";"510";"19";"61";"8982";"285";"19";"8982";"510";"61";"1300";"1300";"0";"1";"0";"510019";"1300";"510019";"510019"
"1099";"285";"849";"15";"86";"9263";"285";"15";"9263";"849";"86";"841";"841";"0";"1";"0";"849015";"841";"849015";"849015"
"1100";"285";"270";"12";"23";"8593";"285";"12";"8593";"270";"23";"2025";"2025";"0";"1";"0";"270012";"2025";"270012";"270012"
"1101";"285";"787";"6";"87";"9292";"285";"6";"9292";"787";"87";"1250";"1250";"0";"1";"0";"787006";"1250";"787006";"787006"
"1102";"285";"657";"26";"81";"9687";"285";"26";"9687";"657";"81";"4890";"4890";"0";"1";"0";"657026";"4890";"657026";"657026"
"1103";"285";"376";"7";"30";"8633";"285";"7";"8633";"376";"30";"2874";"2874";"0";"1";"0";"376007";"2874";"376007";"376007"
"1104";"285";"810";"40";"86";"9244";"285";"40";"9244";"810";"86";"1336";"1336";"0";"1";"0";"810040";"1336";"810040";"810040"
"1105";"285";"306";"1";"38";"8722";"285";"1";"8722";"306";"38";"3494";"3494";"0";"1";"0";"306001";"3494";"306001";"306001"
"1106";"285";"157";"10";"13";"8504";"285";"10";"8504";"157";"13";"5250";"5250";"0";"1";"0";"157010";"5250";"157010";"157010"
"1107";"285";"849";"2";"86";"9250";"285";"2";"9250";"849";"86";"1491";"1491";"0";"1";"0";"849002";"1491";"849002";"849002"
"1108";"285";"217";"12";"21";"10092";"285";"12";"10092";"217";"21";"2483";"2483";"0";"1";"0";"217012";"2483";"217012";"217012"
"1109";"285";"230";"4";"26";"9744";"285";"4";"9744";"230";"26";"4449";"4449";"0";"1";"0";"230004";"4449";"230004";"230004"
"1110";"285";"250";"5";"24";"8596";"285";"5";"8596";"250";"24";"7804";"7804";"0";"1";"0";"250005";"7804";"250005";"250005"
"1111";"285";"165";"4";"19";"9537";"285";"4";"9537";"165";"19";"4248";"4248";"0";"1";"0";"165004";"4248";"165004";"165004"
"1112";"285";"420";"11";"44";"10101";"285";"11";"10101";"420";"44";"4673";"4673";"0";"1";"0";"420011";"4673";"420011";"420011"
"1113";"285";"860";"4";"85";"9217";"285";"4";"9217";"860";"85";"5885";"5885";"0";"1";"0";"860004";"5885";"860004";"860004"
"1114";"285";"630";"27";"56";"9512";"285";"27";"9512";"630";"56";"1823";"1823";"0";"1";"0";"630027";"1823";"630027";"630027"
"1115";"285";"329";"1";"39";"8734";"285";"1";"8734";"329";"39";"9259";"9259";"0";"1";"0";"329001";"9259";"329001";"329001"
"1116";"285";"147";"7";"11";"9819";"285";"7";"9819";"147";"11";"11041";"11041";"0";"1";"0";"147007";"11041";"147007";"147007"
"1117";"285";"430";"11";"48";"8874";"285";"11";"8874";"430";"48";"1871";"1871";"0";"1";"0";"430011";"1871";"430011";"430011"
"1118";"285";"840";"3";"88";"9323";"285";"3";"9323";"840";"88";"1871";"1871";"0";"1";"0";"840003";"1871";"840003";"840003"
"1119";"285";"727";"9";"70";"9083";"285";"9";"9083";"727";"70";"133";"133";"0";"1";"0";"727009";"133";"727009";"727009"
"1120";"285";"420";"16";"44";"8810";"285";"16";"8810";"420";"44";"1610";"1610";"0";"1";"0";"420016";"1610";"420016";"420016"
"1121";"285";"169";"2";"19";"8542";"285";"2";"8542";"169";"19";"3809";"3809";"0";"1";"0";"169002";"3809";"169002";"169002"
"1122";"285";"661";"8";"82";"9171";"285";"8";"9171";"661";"82";"2739";"2739";"0";"1";"0";"661008";"2739";"661008";"661008"
"1123";"285";"751";"48";"65";"9999";"285";"48";"9999";"751";"65";"2895";"2895";"0";"1";"0";"751048";"2895";"751048";"751048"
"1124";"285";"479";"3";"47";"9845";"285";"3";"9845";"479";"47";"5857";"5857";"0";"1";"0";"479003";"5857";"479003";"479003"
"1125";"285";"615";"7";"71";"9089";"285";"7";"9089";"615";"71";"4565";"4565";"0";"1";"0";"615007";"4565";"615007";"615007"
"1126";"285";"270";"11";"23";"8592";"285";"11";"8592";"270";"23";"2605";"2605";"0";"1";"0";"270011";"2605";"270011";"270011"
"1127";"285";"730";"2";"68";"9056";"285";"2";"9056";"730";"68";"2315";"2315";"0";"1";"0";"730002";"2315";"730002";"730002"
"1128";"285";"550";"19";"51";"8898";"285";"19";"8898";"550";"51";"464";"464";"0";"1";"0";"550019";"464";"550019";"550019"
"1129";"285";"265";"13";"36";"8715";"285";"13";"8715";"265";"36";"5252";"5252";"0";"1";"0";"265013";"5252";"265013";"265013"
"1130";"285";"169";"4";"19";"8544";"285";"4";"8544";"169";"19";"4596";"4596";"0";"1";"0";"169004";"4596";"169004";"169004"
"1131";"285";"265";"4";"36";"8707";"285";"4";"8707";"265";"36";"4073";"4073";"0";"1";"0";"265004";"4073";"265004";"265004"
"1132";"285";"259";"14";"34";"8686";"285";"14";"8686";"259";"34";"1039";"1039";"0";"1";"0";"259014";"1039";"259014";"259014"
"1133";"285";"630";"15";"57";"9524";"285";"15";"9524";"630";"57";"4194";"4194";"0";"1";"0";"630015";"4194";"630015";"630015"
"1134";"285";"760";"31";"83";"9190";"285";"31";"9190";"760";"83";"498";"498";"0";"1";"0";"760031";"498";"760031";"760031"
"1135";"285";"316";"13";"37";"9595";"285";"13";"9595";"316";"37";"2883";"2883";"0";"1";"0";"316013";"2883";"316013";"316013"
"1136";"285";"730";"34";"68";"9064";"285";"34";"9064";"730";"68";"2855";"2855";"0";"1";"0";"730034";"2855";"730034";"730034"
"1137";"285";"740";"23";"78";"9910";"285";"23";"9910";"740";"78";"3960";"3960";"0";"1";"0";"740023";"3960";"740023";"740023"
"1138";"285";"482";"1";"47";"9483";"285";"1";"9483";"482";"47";"864";"864";"0";"1";"0";"482001";"864";"482001";"482001"
"1139";"285";"751";"6";"62";"9001";"285";"6";"9001";"751";"62";"7794";"7794";"0";"1";"0";"751006";"7794";"751006";"751006"
"1140";"285";"630";"8";"57";"9521";"285";"8";"9521";"630";"57";"1659";"1659";"0";"1";"0";"630008";"1659";"630008";"630008"
"1141";"285";"410";"2";"45";"8819";"285";"2";"8819";"410";"45";"5662";"5662";"0";"1";"0";"410002";"5662";"410002";"410002"
"1142";"285";"751";"7";"63";"9990";"285";"7";"9990";"751";"63";"5685";"5685";"0";"1";"0";"751007";"5685";"751007";"751007"
"1143";"285";"370";"31";"32";"9971";"285";"31";"9971";"370";"32";"1632";"1632";"0";"1";"0";"370031";"1632";"370031";"370031"
"1144";"285";"860";"14";"85";"9224";"285";"14";"9224";"860";"85";"1746";"1746";"0";"1";"0";"860014";"1746";"860014";"860014"
"1145";"285";"360";"35";"29";"9447";"285";"35";"9447";"360";"29";"2230";"2230";"0";"1";"0";"360035";"2230";"360035";"360035"
"1146";"285";"630";"26";"56";"9511";"285";"26";"9511";"630";"56";"1346";"1346";"0";"1";"0";"630026";"1346";"630026";"630026"
"1147";"285";"751";"30";"63";"9992";"285";"30";"9992";"751";"63";"3788";"3788";"0";"1";"0";"751030";"3788";"751030";"751030"
"1148";"285";"849";"16";"86";"9264";"285";"16";"9264";"849";"86";"985";"985";"0";"1";"0";"849016";"985";"849016";"849016"
"1149";"285";"101";"25";"5";"9786";"285";"25";"9786";"101";"5";"11478";"11478";"0";"1";"0";"101025";"11478";"101025";"101025"
"1150";"285";"269";"4";"35";"8702";"285";"4";"8702";"269";"35";"6558";"6558";"0";"1";"0";"269004";"6558";"269004";"269004"
"1151";"285";"741";"1";"70";"9085";"285";"1";"9085";"741";"70";"3205";"3205";"0";"1";"0";"741001";"3205";"741001";"741001"
"1152";"285";"430";"9";"48";"8872";"285";"9";"8872";"430";"48";"1682";"1682";"0";"1";"0";"430009";"1682";"430009";"430009"
"1153";"285";"615";"14";"71";"9698";"285";"14";"9698";"615";"71";"1422";"1422";"0";"1";"0";"615014";"1422";"615014";"615014"
"1154";"285";"840";"4";"88";"9324";"285";"4";"9324";"840";"88";"2351";"2351";"0";"1";"0";"840004";"2351";"840004";"840004"
"1155";"285";"330";"9";"40";"8762";"285";"9";"8762";"330";"40";"5961";"5961";"0";"1";"0";"330009";"5961";"330009";"330009"
"1156";"285";"851";"30";"90";"9889";"285";"30";"9889";"851";"90";"4996";"4996";"0";"1";"0";"851030";"4996";"851030";"851030"
"1157";"285";"740";"13";"77";"9646";"285";"13";"9646";"740";"77";"3450";"3450";"0";"1";"0";"740013";"3450";"740013";"740013"
"1158";"285";"360";"29";"29";"8624";"285";"29";"8624";"360";"29";"2002";"2002";"0";"1";"0";"360029";"2002";"360029";"360029"
"1159";"285";"420";"15";"44";"8809";"285";"15";"8809";"420";"44";"1409";"1409";"0";"1";"0";"420015";"1409";"420015";"420015"
"1160";"285";"155";"1";"12";"10049";"285";"1";"10049";"155";"12";"4330";"4330";"0";"1";"0";"155001";"4330";"155001";"155001"
"1161";"285";"370";"8";"32";"8650";"285";"8";"8650";"370";"32";"3977";"3977";"0";"1";"0";"370008";"3977";"370008";"370008"
"1162";"285";"230";"5";"26";"9745";"285";"5";"9745";"230";"26";"5839";"5839";"0";"1";"0";"230005";"5839";"230005";"230005"
"1163";"285";"450";"1";"46";"9978";"285";"1";"9978";"450";"46";"1395";"1395";"0";"1";"0";"450001";"1395";"450001";"450001"
"1164";"285";"329";"10";"39";"8742";"285";"10";"8742";"329";"39";"1099";"1099";"0";"1";"0";"329010";"1099";"329010";"329010"
"1165";"285";"575";"14";"55";"9503";"285";"14";"9503";"575";"55";"7702";"7702";"0";"1";"0";"575014";"7702";"575014";"575014"
"1166";"285";"482";"2";"47";"9484";"285";"2";"9484";"482";"47";"1409";"1409";"0";"1";"0";"482002";"1409";"482002";"482002"
"1167";"285";"741";"2";"70";"9086";"285";"2";"9086";"741";"70";"504";"504";"0";"1";"0";"741002";"504";"741002";"741002"
"1168";"285";"751";"21";"65";"9028";"285";"21";"9028";"751";"65";"19432";"19432";"0";"1";"0";"751021";"19432";"751021";"751021"
"1169";"285";"760";"21";"83";"9183";"285";"21";"9183";"760";"83";"1137";"1137";"0";"1";"0";"760021";"1137";"760021";"760021"
"1170";"285";"550";"18";"51";"8897";"285";"18";"8897";"550";"51";"703";"703";"0";"1";"0";"550018";"703";"550018";"550018"
"1171";"285";"751";"68";"64";"9027";"285";"68";"9027";"751";"64";"2765";"2765";"0";"1";"0";"751068";"2765";"751068";"751068"
"1172";"285";"253";"3";"35";"10094";"285";"3";"10094";"253";"35";"5019";"5019";"0";"1";"0";"253003";"5019";"253003";"253003"
"1173";"285";"787";"8";"87";"9294";"285";"8";"9294";"787";"87";"1138";"1138";"0";"1";"0";"787008";"1138";"787008";"787008"
"1174";"285";"265";"14";"36";"8716";"285";"14";"8716";"265";"36";"2327";"2327";"0";"1";"0";"265014";"2327";"265014";"265014"
"1175";"285";"410";"3";"45";"8820";"285";"3";"8820";"410";"45";"3615";"3615";"0";"1";"0";"410003";"3615";"410003";"410003"
"1176";"285";"706";"7";"66";"9039";"285";"7";"9039";"706";"66";"2977";"2977";"0";"1";"0";"706007";"2977";"706007";"706007"
"1177";"285";"550";"25";"51";"8902";"285";"25";"8902";"550";"51";"6714";"6714";"0";"1";"0";"550025";"6714";"550025";"550025"
"1178";"285";"479";"2";"47";"9844";"285";"2";"9844";"479";"47";"2970";"2970";"0";"1";"0";"479002";"2970";"479002";"479002"
"1179";"285";"316";"14";"37";"9596";"285";"14";"9596";"316";"37";"2715";"2715";"0";"1";"0";"316014";"2715";"316014";"316014"
"1180";"285";"151";"1";"20";"8552";"285";"1";"8552";"151";"20";"4717";"4717";"0";"1";"0";"151001";"4717";"151001";"151001"
"1181";"285";"710";"7";"69";"9070";"285";"7";"9070";"710";"69";"3265";"3265";"0";"1";"0";"710007";"3265";"710007";"710007"
"1182";"285";"330";"18";"40";"10032";"285";"18";"10032";"330";"40";"606";"606";"0";"1";"0";"330018";"606";"330018";"330018"
"1183";"285";"851";"33";"90";"9346";"285";"33";"9346";"851";"90";"3788";"3788";"0";"1";"0";"851033";"3788";"851033";"851033"
"1184";"285";"306";"12";"38";"8732";"285";"12";"8732";"306";"38";"616";"616";"0";"1";"0";"306012";"616";"306012";"306012"
"1185";"285";"270";"10";"23";"8591";"285";"10";"8591";"270";"23";"2586";"2586";"0";"1";"0";"270010";"2586";"270010";"270010"
"1186";"285";"760";"8";"83";"9883";"285";"8";"9883";"760";"83";"645";"645";"0";"1";"0";"760008";"645";"760008";"760008"
"1187";"285";"630";"6";"57";"8960";"285";"6";"8960";"630";"57";"3079";"3079";"0";"1";"0";"630006";"3079";"630006";"630006"
"1188";"285";"615";"18";"71";"9096";"285";"18";"9096";"615";"71";"2885";"2885";"0";"1";"0";"615018";"2885";"615018";"615018"
"1189";"285";"707";"6";"66";"9526";"285";"6";"9526";"707";"66";"1820";"1820";"0";"1";"0";"707006";"1820";"707006";"707006"
"1190";"285";"163";"3";"16";"9941";"285";"3";"9941";"163";"16";"7197";"7197";"0";"1";"0";"163003";"7197";"163003";"163003"
"1191";"285";"760";"32";"83";"9191";"285";"32";"9191";"760";"83";"594";"594";"0";"1";"0";"760032";"594";"760032";"760032"
"1192";"285";"657";"17";"81";"9682";"285";"17";"9682";"657";"81";"6915";"6915";"0";"1";"0";"657017";"6915";"657017";"657017"
"1193";"285";"580";"12";"50";"9626";"285";"12";"9626";"580";"50";"2571";"2571";"0";"1";"0";"580012";"2571";"580012";"580012"
"1194";"285";"746";"8";"70";"9675";"285";"8";"9675";"746";"70";"6060";"6060";"0";"1";"0";"746008";"6060";"746008";"746008"
"1195";"285";"370";"9";"32";"8651";"285";"9";"8651";"370";"32";"1212";"1212";"0";"1";"0";"370009";"1212";"370009";"370009"
"1196";"285";"575";"15";"55";"9504";"285";"15";"9504";"575";"55";"571";"571";"0";"1";"0";"575015";"571";"575015";"575015"
"1197";"285";"390";"15";"31";"9461";"285";"15";"9461";"390";"31";"1522";"1522";"0";"1";"0";"390015";"1522";"390015";"390015"
"1198";"285";"329";"8";"39";"8740";"285";"8";"8740";"329";"39";"1226";"1226";"0";"1";"0";"329008";"1226";"329008";"329008"
"1199";"285";"101";"27";"6";"9788";"285";"27";"9788";"101";"6";"13027";"13027";"0";"1";"0";"101027";"13027";"101027";"101027"
"1200";"285";"791";"17";"76";"9562";"285";"17";"9562";"791";"76";"2520";"2520";"0";"1";"0";"791017";"2520";"791017";"791017"
"1201";"285";"390";"6";"31";"9453";"285";"6";"9453";"390";"31";"4142";"4142";"0";"1";"0";"390006";"4142";"390006";"390006"
"1202";"285";"727";"8";"70";"9082";"285";"8";"9082";"727";"70";"1092";"1092";"0";"1";"0";"727008";"1092";"727008";"727008"
"1203";"285";"400";"2";"28";"9442";"285";"2";"9442";"400";"28";"2486";"2486";"0";"1";"0";"400002";"2486";"400002";"400002"
"1204";"285";"173";"6";"14";"8509";"285";"6";"8509";"173";"14";"5082";"5082";"0";"1";"0";"173006";"5082";"173006";"173006"
"1205";"285";"147";"8";"11";"9820";"285";"8";"9820";"147";"11";"8849";"8849";"0";"1";"0";"147008";"8849";"147008";"147008"
"1206";"285";"151";"4";"20";"8553";"285";"4";"8553";"151";"20";"3594";"3594";"0";"1";"0";"151004";"3594";"151004";"151004"
"1207";"285";"630";"18";"56";"8949";"285";"18";"8949";"630";"56";"1834";"1834";"0";"1";"0";"630018";"1834";"630018";"630018"
"1208";"285";"306";"11";"38";"8731";"285";"11";"8731";"306";"38";"3288";"3288";"0";"1";"0";"306011";"3288";"306011";"306011"
"1209";"285";"621";"9";"60";"9900";"285";"9";"9900";"621";"60";"7099";"7099";"0";"1";"0";"621009";"7099";"621009";"621009"
"1210";"285";"175";"3";"16";"8518";"285";"3";"8518";"175";"16";"6254";"6254";"0";"1";"0";"175003";"6254";"175003";"175003"
"1211";"285";"210";"8";"22";"8571";"285";"8";"8571";"210";"22";"1045";"1045";"0";"1";"0";"210008";"1045";"210008";"210008"
"1212";"285";"787";"21";"87";"9307";"285";"21";"9307";"787";"87";"325";"325";"0";"1";"0";"787021";"325";"787021";"787021"
"1213";"285";"230";"8";"26";"9920";"285";"8";"9920";"230";"26";"4458";"4458";"0";"1";"0";"230008";"4458";"230008";"230008"
"1214";"285";"306";"2";"38";"8723";"285";"2";"8723";"306";"38";"3098";"3098";"0";"1";"0";"306002";"3098";"306002";"306002"
"1215";"285";"259";"16";"34";"8688";"285";"16";"8688";"259";"34";"1297";"1297";"0";"1";"0";"259016";"1297";"259016";"259016"
"1216";"285";"165";"5";"19";"9704";"285";"5";"9704";"165";"19";"5022";"5022";"0";"1";"0";"165005";"5022";"165005";"165005"
"1217";"285";"621";"2";"59";"9897";"285";"2";"9897";"621";"59";"4338";"4338";"0";"1";"0";"621002";"4338";"621002";"621002"
"1218";"285";"253";"4";"35";"10095";"285";"4";"10095";"253";"35";"7392";"7392";"0";"1";"0";"253004";"7392";"253004";"253004"
"1219";"285";"183";"3";"18";"8534";"285";"3";"8534";"183";"18";"4489";"4489";"0";"1";"0";"183003";"4489";"183003";"183003"
"1220";"285";"846";"20";"89";"9340";"285";"20";"9340";"846";"89";"2872";"2872";"0";"1";"0";"846020";"2872";"846020";"846020"
"1221";"285";"779";"19";"74";"9881";"285";"19";"9881";"779";"74";"804";"804";"0";"1";"0";"779019";"804";"779019";"779019"
"1222";"285";"376";"6";"30";"8632";"285";"6";"8632";"376";"30";"1577";"1577";"0";"1";"0";"376006";"1577";"376006";"376006"
"1223";"285";"370";"21";"32";"8657";"285";"21";"8657";"370";"32";"3380";"3380";"0";"1";"0";"370021";"3380";"370021";"370021"
"1224";"285";"101";"54";"9";"9812";"285";"54";"9812";"101";"9";"3936";"3936";"0";"1";"0";"101054";"3936";"101054";"101054"
"1225";"285";"860";"15";"85";"9225";"285";"15";"9225";"860";"85";"5396";"5396";"0";"1";"0";"860015";"5396";"860015";"860015"
"1226";"285";"563";"1";"52";"8912";"285";"1";"8912";"563";"52";"2764";"2764";"0";"1";"0";"563001";"2764";"563001";"563001"
"1227";"285";"779";"18";"74";"9719";"285";"18";"9719";"779";"74";"1255";"1255";"0";"1";"0";"779018";"1255";"779018";"779018"
"1228";"285";"746";"1";"70";"9678";"285";"1";"9678";"746";"70";"1836";"1836";"0";"1";"0";"746001";"1836";"746001";"746001"
"1229";"285";"661";"10";"82";"9173";"285";"10";"9173";"661";"82";"988";"988";"0";"1";"0";"661010";"988";"661010";"661010"
"1230";"285";"479";"16";"47";"8859";"285";"16";"8859";"479";"47";"1827";"1827";"0";"1";"0";"479016";"1827";"479016";"479016"
"1231";"285";"479";"1";"47";"9843";"285";"1";"9843";"479";"47";"12355";"12355";"0";"1";"0";"479001";"12355";"479001";"479001"
"1232";"285";"740";"24";"78";"9654";"285";"24";"9654";"740";"78";"882";"882";"0";"1";"0";"740024";"882";"740024";"740024"
"1233";"285";"230";"6";"26";"9746";"285";"6";"9746";"230";"26";"2689";"2689";"0";"1";"0";"230006";"2689";"230006";"230006"
"1234";"285";"201";"2";"26";"9830";"285";"2";"9830";"201";"26";"4037";"4037";"0";"1";"0";"201002";"4037";"201002";"201002"
"1235";"285";"860";"23";"85";"9232";"285";"23";"9232";"860";"85";"1067";"1067";"0";"1";"0";"860023";"1067";"860023";"860023"
"1236";"285";"330";"14";"40";"10053";"285";"14";"10053";"330";"40";"464";"464";"0";"1";"0";"330014";"464";"330014";"330014"
"1237";"285";"707";"4";"66";"10056";"285";"4";"10056";"707";"66";"5952";"5952";"0";"1";"0";"707004";"5952";"707004";"707004"
"1238";"285";"760";"16";"83";"9180";"285";"16";"9180";"760";"83";"1189";"1189";"0";"1";"0";"760016";"1189";"760016";"760016"
"1239";"285";"573";"30";"54";"8937";"285";"30";"8937";"573";"54";"4803";"4803";"0";"1";"0";"573030";"4803";"573030";"573030"
"1240";"285";"430";"12";"48";"8875";"285";"12";"8875";"430";"48";"1480";"1480";"0";"1";"0";"430012";"1480";"430012";"430012"
"1241";"285";"360";"28";"29";"9367";"285";"28";"9367";"360";"29";"136";"136";"0";"1";"0";"360028";"136";"360028";"360028"
"1242";"285";"630";"9";"57";"10023";"285";"9";"10023";"630";"57";"13403";"13403";"0";"1";"0";"630009";"13403";"630009";"630009"
"1243";"285";"630";"17";"56";"8948";"285";"17";"8948";"630";"56";"4831";"4831";"0";"1";"0";"630017";"4831";"630017";"630017"
"1244";"285";"621";"8";"60";"9899";"285";"8";"9899";"621";"60";"5520";"5520";"0";"1";"0";"621008";"5520";"621008";"621008"
"1245";"285";"101";"44";"8";"9803";"285";"44";"9803";"101";"8";"10451";"10451";"0";"1";"0";"101044";"10451";"101044";"101044"
"1246";"285";"217";"1";"21";"9913";"285";"1";"9913";"217";"21";"8333";"8333";"0";"1";"0";"217001";"8333";"217001";"217001"
"1247";"285";"370";"10";"32";"8652";"285";"10";"8652";"370";"32";"1311";"1311";"0";"1";"0";"370010";"1311";"370010";"370010"
"1248";"285";"760";"27";"83";"9886";"285";"27";"9886";"760";"83";"1287";"1287";"0";"1";"0";"760027";"1287";"760027";"760027"
"1249";"285";"630";"5";"57";"9520";"285";"5";"9520";"630";"57";"1532";"1532";"0";"1";"0";"630005";"1532";"630005";"630005"
"1250";"285";"326";"7";"38";"9475";"285";"7";"9475";"326";"38";"896";"896";"0";"1";"0";"326007";"896";"326007";"326007"
"1251";"285";"561";"33";"53";"9863";"285";"33";"9863";"561";"53";"2328";"2328";"0";"1";"0";"561033";"2328";"561033";"561033"
"1252";"285";"849";"1";"86";"9249";"285";"1";"9249";"849";"86";"5060";"5060";"0";"1";"0";"849001";"5060";"849001";"849001"
"1253";"285";"390";"14";"31";"9460";"285";"14";"9460";"390";"31";"582";"582";"0";"1";"0";"390014";"582";"390014";"390014"
"1254";"285";"615";"13";"71";"9697";"285";"13";"9697";"615";"71";"4020";"4020";"0";"1";"0";"615013";"4020";"615013";"615013"
"1255";"285";"329";"9";"39";"8741";"285";"9";"8741";"329";"39";"1077";"1077";"0";"1";"0";"329009";"1077";"329009";"329009"
"1256";"285";"760";"14";"83";"9885";"285";"14";"9885";"760";"83";"7728";"7728";"0";"1";"0";"760014";"7728";"760014";"760014"
"1257";"285";"173";"7";"14";"8510";"285";"7";"8510";"173";"14";"3969";"3969";"0";"1";"0";"173007";"3969";"173007";"173007"
"1258";"285";"630";"25";"56";"9510";"285";"25";"9510";"630";"56";"1387";"1387";"0";"1";"0";"630025";"1387";"630025";"630025"
"1259";"285";"316";"12";"37";"9594";"285";"12";"9594";"316";"37";"3405";"3405";"0";"1";"0";"316012";"3405";"316012";"316012"
"1260";"285";"390";"7";"31";"9454";"285";"7";"9454";"390";"31";"1906";"1906";"0";"1";"0";"390007";"1906";"390007";"390007"
"1261";"285";"851";"58";"90";"9891";"285";"58";"9891";"851";"90";"2170";"2170";"0";"1";"0";"851058";"2170";"851058";"851058"
"1262";"285";"607";"7";"58";"8970";"285";"7";"8970";"607";"58";"1684";"1684";"0";"1";"0";"607007";"1684";"607007";"607007"
"1263";"285";"561";"28";"53";"8915";"285";"28";"8915";"561";"53";"9494";"9494";"0";"1";"0";"561028";"9494";"561028";"561028"
"1264";"285";"510";"12";"61";"8976";"285";"12";"8976";"510";"61";"459";"459";"0";"1";"0";"510012";"459";"510012";"510012"
"1265";"285";"766";"13";"72";"9107";"285";"13";"9107";"766";"72";"1449";"1449";"0";"1";"0";"766013";"1449";"766013";"766013"
"1266";"285";"820";"9";"88";"9318";"285";"9";"9318";"820";"88";"1051";"1051";"0";"1";"0";"820009";"1051";"820009";"820009"
"1267";"285";"791";"5";"75";"9550";"285";"5";"9550";"791";"75";"1837";"1837";"0";"1";"0";"791005";"1837";"791005";"791005"
"1268";"285";"575";"16";"55";"9505";"285";"16";"9505";"575";"55";"2641";"2641";"0";"1";"0";"575016";"2641";"575016";"575016"
"1269";"285";"201";"3";"26";"9831";"285";"3";"9831";"201";"26";"4363";"4363";"0";"1";"0";"201003";"4363";"201003";"201003"
"1270";"285";"479";"17";"47";"8860";"285";"17";"8860";"479";"47";"2147";"2147";"0";"1";"0";"479017";"2147";"479017";"479017"
"1271";"285";"306";"3";"38";"8724";"285";"3";"8724";"306";"38";"2033";"2033";"0";"1";"0";"306003";"2033";"306003";"306003"
"1272";"285";"259";"15";"34";"8687";"285";"15";"8687";"259";"34";"2853";"2853";"0";"1";"0";"259015";"2853";"259015";"259015"
"1273";"285";"740";"25";"78";"9655";"285";"25";"9655";"740";"78";"476";"476";"0";"1";"0";"740025";"476";"740025";"740025"
"1274";"285";"661";"9";"82";"9172";"285";"9";"9172";"661";"82";"1673";"1673";"0";"1";"0";"661009";"1673";"661009";"661009"
"1275";"285";"479";"27";"47";"8861";"285";"27";"8861";"479";"47";"1536";"1536";"0";"1";"0";"479027";"1536";"479027";"479027"
"1276";"285";"410";"1";"45";"8818";"285";"1";"8818";"410";"45";"5931";"5931";"0";"1";"0";"410001";"5931";"410001";"410001"
"1277";"285";"563";"2";"52";"8913";"285";"2";"8913";"563";"52";"338";"338";"0";"1";"0";"563002";"338";"563002";"563002"
"1278";"285";"860";"16";"85";"9226";"285";"16";"9226";"860";"85";"5688";"5688";"0";"1";"0";"860016";"5688";"860016";"860016"
"1279";"285";"253";"5";"35";"10096";"285";"5";"10096";"253";"35";"4976";"4976";"0";"1";"0";"253005";"4976";"253005";"253005"
"1280";"285";"779";"20";"74";"9146";"285";"20";"9146";"779";"74";"816";"816";"0";"1";"0";"779020";"816";"779020";"779020"
"1281";"285";"787";"20";"87";"9306";"285";"20";"9306";"787";"87";"832";"832";"0";"1";"0";"787020";"832";"787020";"787020"
"1282";"285";"230";"10";"26";"9748";"285";"10";"9748";"230";"26";"6354";"6354";"0";"1";"0";"230010";"6354";"230010";"230010"
"1283";"285";"223";"5";"22";"8576";"285";"5";"8576";"223";"22";"5381";"5381";"0";"1";"0";"223005";"5381";"223005";"223005"
"1284";"285";"575";"2";"55";"9491";"285";"2";"9491";"575";"55";"653";"653";"0";"1";"0";"575002";"653";"575002";"575002"
"1285";"285";"851";"29";"90";"9667";"285";"29";"9667";"851";"90";"7537";"7537";"0";"1";"0";"851029";"7537";"851029";"851029"
"1286";"285";"306";"10";"38";"8730";"285";"10";"8730";"306";"38";"1278";"1278";"0";"1";"0";"306010";"1278";"306010";"306010"
"1287";"285";"751";"3";"62";"9988";"285";"3";"9988";"751";"62";"6864";"6864";"0";"1";"0";"751003";"6864";"751003";"751003"
"1288";"285";"183";"2";"18";"8533";"285";"2";"8533";"183";"18";"3241";"3241";"0";"1";"0";"183002";"3241";"183002";"183002"
"1289";"285";"326";"8";"38";"9476";"285";"8";"9476";"326";"38";"2423";"2423";"0";"1";"0";"326008";"2423";"326008";"326008"
"1290";"285";"760";"12";"83";"9178";"285";"12";"9178";"760";"83";"1036";"1036";"0";"1";"0";"760012";"1036";"760012";"760012"
"1291";"285";"773";"8";"87";"9276";"285";"8";"9276";"773";"87";"550";"550";"0";"1";"0";"773008";"550";"773008";"773008"
"1292";"285";"621";"1";"59";"9896";"285";"1";"9896";"621";"59";"6484";"6484";"0";"1";"0";"621001";"6484";"621001";"621001"
"1293";"285";"340";"6";"39";"8751";"285";"6";"8751";"340";"39";"3933";"3933";"0";"1";"0";"340006";"3933";"340006";"340006"
"1294";"285";"779";"2";"74";"9133";"285";"2";"9133";"779";"74";"5154";"5154";"0";"1";"0";"779002";"5154";"779002";"779002"
"1295";"285";"707";"1";"66";"9717";"285";"1";"9717";"707";"66";"8199";"8199";"0";"1";"0";"707001";"8199";"707001";"707001"
"1296";"285";"430";"5";"48";"8870";"285";"5";"8870";"430";"48";"92";"92";"0";"1";"0";"430005";"92";"430005";"430005"
"1297";"285";"810";"10";"86";"9242";"285";"10";"9242";"810";"86";"10913";"10913";"0";"1";"0";"810010";"10913";"810010";"810010"
"1298";"285";"550";"51";"51";"8905";"285";"51";"8905";"550";"51";"783";"783";"0";"1";"0";"550051";"783";"550051";"550051"
"1299";"285";"169";"8";"19";"8546";"285";"8";"8546";"169";"19";"4227";"4227";"0";"1";"0";"169008";"4227";"169008";"169008"
"1300";"285";"630";"19";"56";"8950";"285";"19";"8950";"630";"56";"1024";"1024";"0";"1";"0";"630019";"1024";"630019";"630019"
"1301";"285";"151";"5";"20";"10054";"285";"5";"10054";"151";"20";"3973";"3973";"0";"1";"0";"151005";"3973";"151005";"151005"
"1302";"285";"400";"1";"28";"9441";"285";"1";"9441";"400";"28";"2925";"2925";"0";"1";"0";"400001";"2925";"400001";"400001"
"1303";"285";"751";"43";"64";"9020";"285";"43";"9020";"751";"64";"7063";"7063";"0";"1";"0";"751043";"7063";"751043";"751043"
"1304";"285";"101";"52";"9";"9810";"285";"52";"9810";"101";"9";"7511";"7511";"0";"1";"0";"101052";"7511";"101052";"101052"
"1305";"285";"540";"5";"49";"9602";"285";"5";"9602";"540";"49";"3201";"3201";"0";"1";"0";"540005";"3201";"540005";"540005"
"1306";"285";"350";"8";"34";"8695";"285";"8";"8695";"350";"34";"2269";"2269";"0";"1";"0";"350008";"2269";"350008";"350008"
"1307";"285";"510";"36";"61";"8997";"285";"36";"8997";"510";"61";"1087";"1087";"0";"1";"0";"510036";"1087";"510036";"510036"
"1308";"285";"766";"12";"72";"9106";"285";"12";"9106";"766";"72";"1570";"1570";"0";"1";"0";"766012";"1570";"766012";"766012"
"1309";"285";"201";"4";"26";"9832";"285";"4";"9832";"201";"26";"4177";"4177";"0";"1";"0";"201004";"4177";"201004";"201004"
"1310";"285";"573";"31";"54";"8938";"285";"31";"8938";"573";"54";"1692";"1692";"0";"1";"0";"573031";"1692";"573031";"573031"
"1311";"285";"360";"20";"29";"10050";"285";"20";"10050";"360";"29";"7412";"7412";"0";"1";"0";"360020";"7412";"360020";"360020"
"1312";"285";"740";"26";"78";"9656";"285";"26";"9656";"740";"78";"2395";"2395";"0";"1";"0";"740026";"2395";"740026";"740026"
"1313";"285";"621";"5";"59";"9394";"285";"5";"9394";"621";"59";"4277";"4277";"0";"1";"0";"621005";"4277";"621005";"621005"
"1314";"285";"740";"10";"77";"9643";"285";"10";"9643";"740";"77";"1336";"1336";"0";"1";"0";"740010";"1336";"740010";"740010"
"1315";"285";"615";"16";"71";"9094";"285";"16";"9094";"615";"71";"2970";"2970";"0";"1";"0";"615016";"2970";"615016";"615016"
"1316";"285";"461";"7";"41";"9973";"285";"7";"9973";"461";"41";"5000";"5000";"0";"1";"0";"461007";"5000";"461007";"461007"
"1317";"285";"540";"7";"49";"9604";"285";"7";"9604";"540";"49";"2090";"2090";"0";"1";"0";"540007";"2090";"540007";"540007"
"1318";"285";"751";"61";"65";"10046";"285";"61";"10046";"751";"65";"12310";"12310";"0";"1";"0";"751061";"12310";"751061";"751061"
"1319";"285";"550";"12";"51";"8892";"285";"12";"8892";"550";"51";"2695";"2695";"0";"1";"0";"550012";"2695";"550012";"550012"
"1320";"285";"420";"7";"44";"10099";"285";"7";"10099";"420";"44";"1081";"1081";"0";"1";"0";"420007";"1081";"420007";"420007"
"1321";"285";"730";"6";"67";"9044";"285";"6";"9044";"730";"67";"1148";"1148";"0";"1";"0";"730006";"1148";"730006";"730006"
"1322";"285";"326";"16";"38";"9935";"285";"16";"9935";"326";"38";"3674";"3674";"0";"1";"0";"326016";"3674";"326016";"326016"
"1323";"285";"440";"5";"46";"9480";"285";"5";"9480";"440";"46";"1796";"1796";"0";"1";"0";"440005";"1796";"440005";"440005"
"1324";"285";"161";"6";"20";"8561";"285";"6";"8561";"161";"20";"3162";"3162";"0";"1";"0";"161006";"3162";"161006";"161006"
"1325";"285";"573";"33";"54";"8940";"285";"33";"8940";"573";"54";"766";"766";"0";"1";"0";"573033";"766";"573033";"573033"
"1326";"285";"791";"4";"75";"9549";"285";"4";"9549";"791";"75";"2809";"2809";"0";"1";"0";"791004";"2809";"791004";"791004"
"1327";"285";"480";"1";"45";"8829";"285";"1";"8829";"480";"45";"3640";"3640";"0";"1";"0";"480001";"3640";"480001";"480001"
"1328";"285";"561";"21";"52";"9854";"285";"21";"9854";"561";"52";"3197";"3197";"0";"1";"0";"561021";"3197";"561021";"561021"
"1329";"285";"580";"10";"50";"9624";"285";"10";"9624";"580";"50";"1048";"1048";"0";"1";"0";"580010";"1048";"580010";"580010"
"1330";"285";"791";"3";"75";"9548";"285";"3";"9548";"791";"75";"2788";"2788";"0";"1";"0";"791003";"2788";"791003";"791003"
"1331";"285";"101";"53";"9";"9811";"285";"53";"9811";"101";"9";"7760";"7760";"0";"1";"0";"101053";"7760";"101053";"101053"
"1332";"285";"376";"9";"30";"8635";"285";"9";"8635";"376";"30";"1341";"1341";"0";"1";"0";"376009";"1341";"376009";"376009"
"1333";"285";"259";"3";"34";"8675";"285";"3";"8675";"259";"34";"865";"865";"0";"1";"0";"259003";"865";"259003";"259003"
"1334";"285";"360";"21";"29";"10034";"285";"21";"10034";"360";"29";"4273";"4273";"0";"1";"0";"360021";"4273";"360021";"360021"
"1335";"285";"479";"7";"47";"9369";"285";"7";"9369";"479";"47";"2179";"2179";"0";"1";"0";"479007";"2179";"479007";"479007"
"1336";"285";"316";"11";"37";"9593";"285";"11";"9593";"316";"37";"4061";"4061";"0";"1";"0";"316011";"4061";"316011";"316011"
"1337";"285";"240";"8";"25";"8615";"285";"8";"8615";"240";"25";"4626";"4626";"0";"1";"0";"240008";"4626";"240008";"240008"
"1338";"285";"820";"10";"88";"9319";"285";"10";"9319";"820";"88";"4157";"4157";"0";"1";"0";"820010";"4157";"820010";"820010"
"1339";"285";"766";"25";"72";"9119";"285";"25";"9119";"766";"72";"469";"469";"0";"1";"0";"766025";"469";"766025";"766025"
"1340";"285";"779";"1";"74";"9132";"285";"1";"9132";"779";"74";"6447";"6447";"0";"1";"0";"779001";"6447";"779001";"779001"
"1341";"285";"630";"10";"57";"8962";"285";"10";"8962";"630";"57";"1111";"1111";"0";"1";"0";"630010";"1111";"630010";"630010"
"1342";"285";"510";"20";"61";"8983";"285";"20";"8983";"510";"61";"126";"126";"0";"1";"0";"510020";"126";"510020";"510020"
"1343";"285";"265";"7";"36";"8710";"285";"7";"8710";"265";"36";"3429";"3429";"0";"1";"0";"265007";"3429";"265007";"265007"
"1344";"285";"751";"9";"62";"9002";"285";"9";"9002";"751";"62";"3698";"3698";"0";"1";"0";"751009";"3698";"751009";"751009"
"1345";"285";"390";"5";"31";"9452";"285";"5";"9452";"390";"31";"961";"961";"0";"1";"0";"390005";"961";"390005";"390005"
"1346";"285";"727";"7";"70";"9081";"285";"7";"9081";"727";"70";"1136";"1136";"0";"1";"0";"727007";"1136";"727007";"727007"
"1347";"285";"746";"12";"70";"9700";"285";"12";"9700";"746";"70";"1873";"1873";"0";"1";"0";"746012";"1873";"746012";"746012"
"1348";"285";"340";"5";"39";"8750";"285";"5";"8750";"340";"39";"4398";"4398";"0";"1";"0";"340005";"4398";"340005";"340005"
"1349";"285";"175";"4";"16";"8519";"285";"4";"8519";"175";"16";"4483";"4483";"0";"1";"0";"175004";"4483";"175004";"175004"
"1350";"285";"101";"43";"8";"9802";"285";"43";"9802";"101";"8";"10080";"10080";"0";"1";"0";"101043";"10080";"101043";"101043"
"1351";"285";"787";"19";"87";"9305";"285";"19";"9305";"787";"87";"1008";"1008";"0";"1";"0";"787019";"1008";"787019";"787019"
"1352";"285";"370";"11";"32";"8653";"285";"11";"8653";"370";"32";"2609";"2609";"0";"1";"0";"370011";"2609";"370011";"370011"
"1353";"285";"326";"17";"38";"9936";"285";"17";"9936";"326";"38";"724";"724";"0";"1";"0";"326017";"724";"326017";"326017"
"1354";"285";"259";"2";"34";"8674";"285";"2";"8674";"259";"34";"5030";"5030";"0";"1";"0";"259002";"5030";"259002";"259002"
"1355";"285";"860";"28";"85";"9235";"285";"28";"9235";"860";"85";"1431";"1431";"0";"1";"0";"860028";"1431";"860028";"860028"
"1356";"285";"510";"21";"61";"8984";"285";"21";"8984";"510";"61";"724";"724";"0";"1";"0";"510021";"724";"510021";"510021"
"1357";"285";"810";"56";"86";"9246";"285";"56";"9246";"810";"86";"703";"703";"0";"1";"0";"810056";"703";"810056";"810056"
"1358";"285";"190";"1";"25";"8601";"285";"1";"8601";"190";"25";"7737";"7737";"0";"1";"0";"190001";"7737";"190001";"190001"
"1359";"285";"440";"4";"46";"9479";"285";"4";"9479";"440";"46";"1985";"1985";"0";"1";"0";"440004";"1985";"440004";"440004"
"1360";"285";"615";"17";"71";"9095";"285";"17";"9095";"615";"71";"2363";"2363";"0";"1";"0";"615017";"2363";"615017";"615017"
"1361";"285";"746";"3";"70";"9718";"285";"3";"9718";"746";"70";"1515";"1515";"0";"1";"0";"746003";"1515";"746003";"746003"
"1362";"285";"530";"5";"55";"8945";"285";"5";"8945";"530";"55";"789";"789";"0";"1";"0";"530005";"789";"530005";"530005"
"1363";"285";"707";"7";"66";"9527";"285";"7";"9527";"707";"66";"2647";"2647";"0";"1";"0";"707007";"2647";"707007";"707007"
"1364";"285";"851";"34";"90";"10048";"285";"34";"10048";"851";"90";"5206";"5206";"0";"1";"0";"851034";"5206";"851034";"851034"
"1365";"285";"390";"16";"31";"9462";"285";"16";"9462";"390";"31";"1811";"1811";"0";"1";"0";"390016";"1811";"390016";"390016"
"1366";"285";"167";"5";"17";"8527";"285";"5";"8527";"167";"17";"5486";"5486";"0";"1";"0";"167005";"5486";"167005";"167005"
"1367";"285";"751";"41";"65";"9029";"285";"41";"9029";"751";"65";"7405";"7405";"0";"1";"0";"751041";"7405";"751041";"751041"
"1368";"285";"479";"8";"47";"9980";"285";"8";"9980";"479";"47";"865";"865";"0";"1";"0";"479008";"865";"479008";"479008"
"1369";"285";"330";"12";"40";"8765";"285";"12";"8765";"330";"40";"166";"166";"0";"1";"0";"330012";"166";"330012";"330012"
"1370";"285";"671";"5";"73";"9534";"285";"5";"9534";"671";"73";"1722";"1722";"0";"1";"0";"671005";"1722";"671005";"671005"
"1371";"285";"573";"32";"54";"8939";"285";"32";"8939";"573";"54";"1537";"1537";"0";"1";"0";"573032";"1537";"573032";"573032"
"1372";"285";"461";"14";"42";"8782";"285";"14";"8782";"461";"42";"5232";"5232";"0";"1";"0";"461014";"5232";"461014";"461014"
"1373";"285";"580";"11";"50";"9625";"285";"11";"9625";"580";"50";"1893";"1893";"0";"1";"0";"580011";"1893";"580011";"580011"
"1374";"285";"813";"14";"84";"9206";"285";"14";"9206";"813";"84";"1027";"1027";"0";"1";"0";"813014";"1027";"813014";"813014"
"1375";"285";"730";"5";"67";"9043";"285";"5";"9043";"730";"67";"1464";"1464";"0";"1";"0";"730005";"1464";"730005";"730005"
"1376";"285";"746";"7";"70";"9680";"285";"7";"9680";"746";"70";"5390";"5390";"0";"1";"0";"746007";"5390";"746007";"746007"
"1377";"285";"169";"6";"19";"9961";"285";"6";"9961";"169";"19";"5740";"5740";"0";"1";"0";"169006";"5740";"169006";"169006"
"1378";"285";"540";"6";"49";"9603";"285";"6";"9603";"540";"49";"2639";"2639";"0";"1";"0";"540006";"2639";"540006";"540006"
"1379";"285";"450";"8";"46";"8847";"285";"8";"8847";"450";"46";"447";"447";"0";"1";"0";"450008";"447";"450008";"450008"
"1380";"285";"751";"44";"64";"9021";"285";"44";"9021";"751";"64";"1469";"1469";"0";"1";"0";"751044";"1469";"751044";"751044"
"1381";"285";"151";"2";"20";"9942";"285";"2";"9942";"151";"20";"7227";"7227";"0";"1";"0";"151002";"7227";"151002";"151002"