"Gruppe";"ValgstedId";"KredsNr";"StorKredsNr";"LandsdelsNr";"KV2021 - Stemmeberettigede";"KV2021 - Afgivne stemmer";"KV2021 - Blanke stemmer";"KV2021 - Andre ugyldige stemmer";"KV2021 - Gyldige stemmer";"KV2021 - A";"KV2021 - B";"KV2021 - C";"KV2021 - D";"KV2021 - F";"KV2021 - I";"KV2021 - J";"KV2021 - G";"KV2021 - K";"KV2021 - N";"KV2021 - H";"KV2021 - M";"KV2021 - S";"KV2021 - U";"KV2021 - O";"KV2021 - Z";"KV2021 - L";"KV2021 - R";"KV2021 - V";"KV2021 - P";"KV2021 - E";"KV2021 - Ø";"KV2021 - Å";"KV2021 - K1";"KV2021 - K2";"KV2021 - Q";"KV2021 - T";"KV2021 - W";"KV2021 - Y";"KV2021 - Æ";"KV2021 - Å1";"KV2021 - Stemmeberettigede";"KV2021 - Afgivne stemmer";"KV2021 - Blanke stemmer";"KV2021 - Andre ugyldige stemmer";"KV2021 - Gyldige stemmer";"KV2021 - A";"KV2021 - B";"KV2021 - C";"KV2021 - D";"KV2021 - F";"KV2021 - I";"KV2021 - J";"KV2021 - G";"KV2021 - K";"KV2021 - N";"KV2021 - H";"KV2021 - M";"KV2021 - S";"KV2021 - U";"KV2021 - O";"KV2021 - Z";"KV2021 - L";"KV2021 - R";"KV2021 - V";"KV2021 - P";"KV2021 - E";"KV2021 - Ø";"KV2021 - Å";"KV2021 - 0";"KV2021 - Q";"KV2021 - T";"KV2021 - W";"KV2021 - Y";"KV2021 - Æ"
"101001";"101001";"1";"1";"1";"12518";"8360";"110";"25";"8225";"1321";"1112";"1612";"145";"851";"280";"13";"42";"32";"7";"8";"18";"-";"68";"117";"11";"31";"16";"731";"2";"2";"1532";"217";"-";"-";"10";"24";"-";"12";"11";"-";"12518";"8360";"110";"25";"8225";"1321";"1112";"1612";"145";"851";"280";"13";"42";"32";"7";"8";"18";"-";"68";"117";"11";"31";"16";"731";"2";"2";"1532";"217";"0";"10";"24";"-";"12";"11"
"101002";"101002";"1";"1";"1";"6859";"4504";"50";"14";"4440";"702";"535";"966";"101";"398";"170";"15";"7";"17";"6";"3";"13";"-";"38";"87";"2";"16";"13";"515";"0";"4";"699";"102";"-";"-";"2";"20";"-";"6";"3";"-";"6859";"4504";"50";"14";"4440";"702";"535";"966";"101";"398";"170";"15";"7";"17";"6";"3";"13";"-";"38";"87";"2";"16";"13";"515";"0";"4";"699";"102";"0";"2";"20";"-";"6";"3"
"101003";"101003";"1";"1";"1";"12504";"9094";"99";"23";"8972";"1401";"1256";"1652";"146";"967";"255";"9";"37";"33";"2";"5";"24";"-";"115";"85";"4";"35";"23";"757";"1";"6";"1893";"215";"-";"-";"6";"28";"-";"9";"8";"-";"12504";"9094";"99";"23";"8972";"1401";"1256";"1652";"146";"967";"255";"9";"37";"33";"2";"5";"24";"-";"115";"85";"4";"35";"23";"757";"1";"6";"1893";"215";"0";"6";"28";"-";"9";"8"
"101005";"101005";"1";"1";"1";"12953";"7643";"117";"18";"7508";"1392";"888";"1136";"174";"813";"192";"19";"50";"50";"6";"8";"41";"-";"85";"148";"16";"30";"28";"588";"0";"6";"1599";"185";"-";"-";"7";"24";"-";"15";"8";"-";"12953";"7643";"117";"18";"7508";"1392";"888";"1136";"174";"813";"192";"19";"50";"50";"6";"8";"41";"-";"85";"148";"16";"30";"28";"588";"0";"6";"1599";"185";"0";"7";"24";"-";"15";"8"
"101006";"101006";"1";"1";"1";"11149";"7039";"92";"29";"6918";"1278";"903";"1141";"163";"734";"222";"9";"54";"23";"6";"5";"30";"-";"71";"132";"9";"25";"15";"581";"3";"5";"1282";"170";"-";"-";"5";"32";"-";"8";"10";"-";"11149";"7039";"92";"29";"6918";"1278";"903";"1141";"163";"734";"222";"9";"54";"23";"6";"5";"30";"-";"71";"132";"9";"25";"15";"581";"3";"5";"1282";"170";"2";"5";"32";"-";"8";"10"
"101007";"101007";"2";"1";"1";"11410";"6110";"103";"21";"5986";"1323";"547";"567";"184";"609";"133";"9";"31";"25";"11";"8";"25";"-";"40";"242";"6";"37";"23";"401";"2";"7";"1528";"160";"-";"-";"9";"34";"-";"18";"4";"-";"11410";"6110";"103";"21";"5986";"1323";"547";"567";"184";"609";"133";"9";"31";"25";"11";"8";"25";"-";"40";"242";"6";"37";"23";"401";"2";"7";"1528";"160";"3";"9";"34";"-";"18";"4"
"101008";"101008";"2";"1";"1";"15754";"8939";"130";"44";"8765";"1431";"1074";"947";"194";"927";"184";"14";"39";"42";"15";"6";"38";"-";"65";"195";"13";"60";"34";"588";"4";"14";"2514";"277";"-";"-";"10";"38";"-";"25";"11";"-";"15754";"8939";"130";"44";"8765";"1431";"1074";"947";"194";"927";"184";"14";"39";"42";"15";"6";"38";"-";"65";"195";"13";"60";"34";"588";"4";"14";"2514";"277";"6";"10";"38";"-";"25";"11"
"101009";"101009";"2";"1";"1";"17955";"7890";"112";"37";"7741";"1146";"986";"1069";"216";"761";"342";"9";"68";"31";"4";"11";"42";"-";"64";"113";"15";"44";"28";"1058";"3";"2";"1372";"225";"-";"-";"15";"31";"-";"10";"3";"-";"17955";"7890";"112";"37";"7741";"1146";"986";"1069";"216";"761";"342";"9";"68";"31";"4";"11";"42";"-";"64";"113";"15";"44";"28";"1058";"3";"2";"1372";"225";"73";"15";"31";"-";"10";"3"
"101010";"101010";"2";"1";"1";"12090";"8320";"73";"17";"8230";"1165";"958";"1368";"193";"784";"281";"9";"34";"19";"14";"9";"21";"-";"62";"106";"10";"86";"23";"983";"2";"4";"1790";"258";"-";"-";"7";"29";"-";"12";"3";"-";"12090";"8320";"73";"17";"8230";"1165";"958";"1368";"193";"784";"281";"9";"34";"19";"14";"9";"21";"-";"62";"106";"10";"86";"23";"983";"2";"4";"1790";"258";"0";"7";"29";"-";"12";"3"
"101011";"101011";"3";"1";"1";"17750";"9479";"114";"19";"9346";"1110";"1255";"1780";"185";"812";"386";"8";"63";"22";"8";"6";"35";"-";"88";"84";"10";"104";"28";"787";"3";"13";"2212";"276";"-";"-";"14";"27";"-";"14";"13";"-";"17750";"9479";"114";"19";"9346";"1110";"1255";"1780";"185";"812";"386";"8";"63";"22";"8";"6";"35";"-";"88";"84";"10";"104";"28";"787";"3";"13";"2212";"276";"3";"14";"27";"-";"14";"13"
"101012";"101012";"3";"1";"1";"7311";"5222";"47";"9";"5166";"675";"698";"1184";"80";"453";"178";"6";"30";"20";"4";"7";"6";"-";"45";"72";"2";"25";"6";"518";"2";"2";"999";"120";"-";"-";"8";"15";"-";"6";"4";"-";"7311";"5222";"47";"9";"5166";"675";"698";"1184";"80";"453";"178";"6";"30";"20";"4";"7";"6";"-";"45";"72";"2";"25";"6";"518";"2";"2";"999";"120";"1";"8";"15";"-";"6";"4"
"101013";"101013";"3";"1";"1";"11023";"7676";"79";"40";"7557";"1115";"759";"855";"136";"650";"181";"35";"52";"22";"15";"6";"16";"-";"74";"87";"9";"62";"28";"464";"2";"54";"2523";"331";"-";"-";"18";"30";"-";"22";"11";"-";"11023";"7676";"79";"40";"7557";"1115";"759";"855";"136";"650";"181";"35";"52";"22";"15";"6";"16";"-";"74";"87";"9";"62";"28";"464";"2";"54";"2523";"331";"0";"18";"30";"-";"22";"11"
"101014";"101014";"3";"1";"1";"14150";"8744";"111";"23";"8610";"1109";"1039";"2018";"196";"738";"417";"6";"40";"21";"8";"4";"14";"-";"68";"86";"10";"73";"17";"965";"0";"9";"1534";"193";"-";"-";"13";"18";"-";"8";"5";"-";"14150";"8744";"111";"23";"8610";"1109";"1039";"2018";"196";"738";"417";"6";"40";"21";"8";"4";"14";"-";"68";"86";"10";"73";"17";"965";"0";"9";"1534";"193";"1";"13";"18";"-";"8";"5"
"101016";"101016";"4";"1";"1";"13413";"7458";"124";"21";"7313";"1251";"837";"896";"207";"824";"236";"13";"59";"21";"9";"8";"25";"-";"54";"210";"16";"39";"22";"636";"0";"10";"1654";"219";"-";"-";"5";"34";"-";"14";"13";"-";"13413";"7458";"124";"21";"7313";"1251";"837";"896";"207";"824";"236";"13";"59";"21";"9";"8";"25";"-";"54";"210";"16";"39";"22";"636";"0";"10";"1654";"219";"1";"5";"34";"-";"14";"13"
"101017";"101017";"4";"1";"1";"17182";"9452";"165";"31";"9256";"1576";"1041";"988";"195";"1072";"262";"18";"64";"39";"18";"12";"46";"-";"100";"250";"15";"42";"40";"609";"2";"12";"2425";"328";"-";"-";"10";"58";"-";"21";"12";"-";"17182";"9452";"165";"31";"9256";"1576";"1041";"988";"195";"1072";"262";"18";"64";"39";"18";"12";"46";"-";"100";"250";"15";"42";"40";"609";"2";"12";"2425";"328";"1";"10";"58";"-";"21";"12"
"101018";"101018";"4";"1";"1";"9198";"5556";"112";"13";"5431";"1126";"503";"648";"146";"657";"113";"16";"22";"29";"5";"5";"16";"-";"41";"175";"8";"32";"18";"395";"0";"4";"1267";"152";"-";"-";"10";"28";"-";"7";"8";"-";"9198";"5556";"112";"13";"5431";"1126";"503";"648";"146";"657";"113";"16";"22";"29";"5";"5";"16";"-";"41";"175";"8";"32";"18";"395";"0";"4";"1267";"152";"0";"10";"28";"-";"7";"8"
"101019";"101019";"4";"1";"1";"10495";"6624";"84";"18";"6522";"1294";"719";"902";"173";"880";"179";"5";"35";"25";"2";"4";"17";"-";"34";"163";"6";"29";"14";"582";"3";"3";"1238";"177";"-";"-";"4";"19";"-";"7";"7";"-";"10495";"6624";"84";"18";"6522";"1294";"719";"902";"173";"880";"179";"5";"35";"25";"2";"4";"17";"-";"34";"163";"6";"29";"14";"582";"3";"3";"1238";"177";"1";"4";"19";"-";"7";"7"
"101020";"101020";"5";"1";"1";"7336";"4774";"65";"20";"4689";"677";"542";"294";"44";"604";"48";"10";"46";"27";"7";"2";"36";"-";"56";"60";"14";"20";"29";"211";"1";"9";"1725";"187";"-";"-";"8";"20";"-";"4";"7";"-";"7336";"4774";"65";"20";"4689";"677";"542";"294";"44";"604";"48";"10";"46";"27";"7";"2";"36";"-";"56";"60";"14";"20";"29";"211";"1";"9";"1725";"187";"1";"8";"20";"-";"4";"7"
"101021";"101021";"5";"1";"1";"11732";"7647";"109";"11";"7527";"938";"1099";"599";"84";"969";"163";"25";"51";"27";"8";"5";"76";"-";"126";"77";"14";"23";"38";"450";"3";"8";"2397";"277";"-";"-";"21";"23";"-";"13";"12";"-";"11732";"7647";"109";"11";"7527";"938";"1099";"599";"84";"969";"163";"25";"51";"27";"8";"5";"76";"-";"126";"77";"14";"23";"38";"450";"3";"8";"2397";"277";"1";"21";"23";"-";"13";"12"
"101022";"101022";"5";"1";"1";"7171";"4583";"62";"17";"4504";"571";"583";"418";"53";"455";"59";"3";"29";"17";"10";"3";"33";"-";"49";"62";"7";"16";"36";"224";"1";"9";"1688";"133";"-";"-";"8";"15";"-";"11";"11";"-";"7171";"4583";"62";"17";"4504";"571";"583";"418";"53";"455";"59";"3";"29";"17";"10";"3";"33";"-";"49";"62";"7";"16";"36";"224";"1";"9";"1688";"133";"0";"8";"15";"-";"11";"11"
"101023";"101023";"5";"1";"1";"7612";"5243";"65";"7";"5171";"621";"754";"533";"48";"562";"129";"14";"30";"9";"5";"4";"21";"-";"79";"35";"8";"19";"30";"333";"1";"0";"1669";"223";"-";"-";"10";"17";"-";"6";"11";"-";"7612";"5243";"65";"7";"5171";"621";"754";"533";"48";"562";"129";"14";"30";"9";"5";"4";"21";"-";"79";"35";"8";"19";"30";"333";"1";"0";"1669";"223";"0";"10";"17";"-";"6";"11"
"101024";"101024";"5";"1";"1";"7887";"5257";"65";"13";"5179";"762";"601";"438";"59";"679";"82";"7";"43";"13";"7";"4";"33";"-";"40";"66";"6";"21";"28";"285";"1";"6";"1788";"178";"-";"-";"7";"12";"-";"3";"9";"-";"7887";"5257";"65";"13";"5179";"762";"601";"438";"59";"679";"82";"7";"43";"13";"7";"4";"33";"-";"40";"66";"6";"21";"28";"285";"1";"6";"1788";"178";"1";"7";"12";"-";"3";"9"
"101025";"101025";"5";"1";"1";"11476";"7136";"93";"5";"7038";"761";"1000";"447";"68";"979";"106";"16";"44";"15";"11";"2";"49";"-";"97";"62";"22";"29";"53";"316";"0";"8";"2618";"281";"-";"-";"10";"23";"-";"8";"8";"-";"11476";"7136";"93";"5";"7038";"761";"1000";"447";"68";"979";"106";"16";"44";"15";"11";"2";"49";"-";"97";"62";"22";"29";"53";"316";"0";"8";"2618";"281";"5";"10";"23";"-";"8";"8"
"101027";"101027";"6";"1";"1";"12961";"7080";"125";"29";"6926";"1018";"853";"490";"135";"806";"132";"15";"56";"29";"8";"6";"58";"-";"86";"143";"29";"10";"48";"355";"4";"9";"2302";"270";"-";"-";"13";"21";"-";"15";"13";"-";"12961";"7080";"125";"29";"6926";"1018";"853";"490";"135";"806";"132";"15";"56";"29";"8";"6";"58";"-";"86";"143";"29";"10";"48";"355";"4";"9";"2302";"270";"2";"13";"21";"-";"15";"13"
"101028";"101028";"6";"1";"1";"8482";"4771";"80";"11";"4680";"1136";"442";"495";"114";"514";"76";"13";"45";"35";"7";"2";"29";"-";"31";"139";"12";"7";"22";"272";"4";"6";"1136";"92";"-";"-";"8";"23";"-";"10";"7";"-";"8482";"4771";"80";"11";"4680";"1136";"442";"495";"114";"514";"76";"13";"45";"35";"7";"2";"29";"-";"31";"139";"12";"7";"22";"272";"4";"6";"1136";"92";"3";"8";"23";"-";"10";"7"
"101029";"101029";"6";"1";"1";"5055";"2687";"45";"11";"2631";"710";"246";"276";"89";"300";"64";"4";"17";"11";"5";"2";"22";"-";"20";"84";"1";"1";"8";"140";"1";"4";"542";"50";"-";"-";"4";"20";"-";"2";"6";"-";"5055";"2687";"45";"11";"2631";"710";"246";"276";"89";"300";"64";"4";"17";"11";"5";"2";"22";"-";"20";"84";"1";"1";"8";"140";"1";"4";"542";"50";"2";"4";"20";"-";"2";"6"
"101030";"101030";"6";"1";"1";"11291";"6559";"122";"22";"6415";"1025";"788";"436";"123";"725";"135";"22";"42";"27";"12";"6";"37";"-";"71";"111";"15";"11";"49";"331";"2";"5";"2140";"233";"-";"-";"15";"38";"-";"8";"8";"-";"11291";"6559";"122";"22";"6415";"1025";"788";"436";"123";"725";"135";"22";"42";"27";"12";"6";"37";"-";"71";"111";"15";"11";"49";"331";"2";"5";"2140";"233";"0";"15";"38";"-";"8";"8"
"101031";"101031";"7";"1";"1";"4190";"2890";"37";"7";"2846";"720";"263";"460";"65";"336";"60";"8";"20";"10";"2";"1";"7";"-";"25";"75";"3";"5";"9";"151";"1";"0";"556";"54";"-";"-";"2";"7";"-";"4";"2";"-";"4190";"2890";"37";"7";"2846";"720";"263";"460";"65";"336";"60";"8";"20";"10";"2";"1";"7";"-";"25";"75";"3";"5";"9";"151";"1";"0";"556";"54";"0";"2";"7";"-";"4";"2"
"101032";"101032";"7";"1";"1";"4470";"1487";"23";"25";"1439";"343";"175";"76";"24";"156";"10";"2";"5";"8";"1";"1";"35";"-";"11";"44";"0";"2";"3";"28";"2";"2";"481";"20";"-";"-";"0";"6";"-";"1";"2";"-";"4470";"1487";"23";"25";"1439";"343";"175";"76";"24";"156";"10";"2";"5";"8";"1";"1";"35";"-";"11";"44";"0";"2";"3";"28";"2";"2";"481";"20";"1";"0";"6";"-";"1";"2"
"101033";"101033";"7";"1";"1";"8083";"5177";"75";"7";"5095";"1073";"592";"666";"141";"608";"123";"9";"31";"31";"6";"1";"15";"-";"53";"129";"7";"6";"11";"369";"1";"2";"1057";"123";"-";"-";"9";"18";"-";"8";"4";"-";"8083";"5177";"75";"7";"5095";"1073";"592";"666";"141";"608";"123";"9";"31";"31";"6";"1";"15";"-";"53";"129";"7";"6";"11";"369";"1";"2";"1057";"123";"2";"9";"18";"-";"8";"4"
"101034";"101034";"7";"1";"1";"9328";"5749";"91";"12";"5646";"1457";"529";"650";"108";"699";"80";"12";"31";"20";"9";"1";"28";"-";"48";"148";"7";"10";"16";"251";"1";"4";"1400";"109";"-";"-";"2";"14";"-";"5";"5";"-";"9328";"5749";"91";"12";"5646";"1457";"529";"650";"108";"699";"80";"12";"31";"20";"9";"1";"28";"-";"48";"148";"7";"10";"16";"251";"1";"4";"1400";"109";"2";"2";"14";"-";"5";"5"
"101035";"101035";"7";"1";"1";"7812";"3850";"70";"13";"3767";"1128";"318";"454";"80";"396";"56";"10";"16";"20";"2";"6";"23";"-";"17";"179";"5";"8";"10";"169";"2";"6";"786";"44";"-";"-";"5";"11";"-";"7";"4";"-";"7812";"3850";"70";"13";"3767";"1128";"318";"454";"80";"396";"56";"10";"16";"20";"2";"6";"23";"-";"17";"179";"5";"8";"10";"169";"2";"6";"786";"44";"5";"5";"11";"-";"7";"4"
"101036";"101036";"7";"1";"1";"9439";"5580";"62";"14";"5504";"1669";"437";"838";"161";"614";"69";"16";"23";"29";"4";"2";"29";"-";"33";"201";"0";"14";"26";"267";"1";"5";"952";"81";"-";"-";"6";"15";"-";"2";"6";"-";"9439";"5580";"62";"14";"5504";"1669";"437";"838";"161";"614";"69";"16";"23";"29";"4";"2";"29";"-";"33";"201";"0";"14";"26";"267";"1";"5";"952";"81";"4";"6";"15";"-";"2";"6"
"101039";"101039";"7";"1";"1";"5252";"3379";"65";"13";"3301";"698";"378";"475";"94";"371";"99";"5";"14";"9";"4";"1";"7";"-";"24";"66";"4";"4";"11";"286";"0";"3";"642";"88";"-";"-";"3";"7";"-";"3";"5";"-";"5252";"3379";"65";"13";"3301";"698";"378";"475";"94";"371";"99";"5";"14";"9";"4";"1";"7";"-";"24";"66";"4";"4";"11";"286";"0";"3";"642";"88";"0";"3";"7";"-";"3";"5"
"101040";"101040";"7";"1";"1";"5812";"3922";"47";"12";"3863";"870";"426";"563";"107";"463";"89";"9";"17";"19";"5";"1";"11";"-";"38";"91";"0";"13";"10";"284";"0";"4";"752";"78";"-";"-";"1";"6";"-";"5";"1";"-";"5812";"3922";"47";"12";"3863";"870";"426";"563";"107";"463";"89";"9";"17";"19";"5";"1";"11";"-";"38";"91";"0";"13";"10";"284";"0";"4";"752";"78";"0";"1";"6";"-";"5";"1"
"101041";"101041";"7";"1";"1";"11328";"7140";"143";"27";"6970";"1545";"736";"1033";"180";"772";"212";"12";"38";"46";"6";"3";"24";"-";"52";"204";"8";"18";"22";"572";"2";"4";"1315";"105";"-";"-";"8";"35";"-";"6";"9";"-";"11328";"7140";"143";"27";"6970";"1545";"736";"1033";"180";"772";"212";"12";"38";"46";"6";"3";"24";"-";"52";"204";"8";"18";"22";"572";"2";"4";"1315";"105";"3";"8";"35";"-";"6";"9"
"101042";"101042";"8";"1";"1";"9124";"5810";"88";"26";"5696";"1150";"632";"799";"177";"744";"155";"10";"25";"16";"4";"7";"17";"-";"46";"113";"3";"12";"20";"503";"1";"0";"1060";"147";"-";"-";"9";"27";"-";"7";"8";"-";"9124";"5810";"88";"26";"5696";"1150";"632";"799";"177";"744";"155";"10";"25";"16";"4";"7";"17";"-";"46";"113";"3";"12";"20";"503";"1";"0";"1060";"147";"4";"9";"27";"-";"7";"8"
"101043";"101043";"8";"1";"1";"10094";"6257";"100";"17";"6140";"1226";"743";"845";"122";"736";"162";"15";"37";"29";"2";"0";"7";"-";"52";"126";"4";"20";"21";"537";"0";"3";"1243";"164";"-";"-";"2";"21";"-";"17";"6";"-";"10094";"6257";"100";"17";"6140";"1226";"743";"845";"122";"736";"162";"15";"37";"29";"2";"0";"7";"-";"52";"126";"4";"20";"21";"537";"0";"3";"1243";"164";"0";"2";"21";"-";"17";"6"
"101044";"101044";"8";"1";"1";"10600";"5445";"101";"33";"5311";"1182";"639";"724";"136";"574";"170";"6";"27";"17";"5";"2";"36";"-";"28";"130";"6";"11";"21";"522";"1";"3";"899";"122";"-";"-";"6";"24";"-";"13";"6";"-";"10600";"5445";"101";"33";"5311";"1182";"639";"724";"136";"574";"170";"6";"27";"17";"5";"2";"36";"-";"28";"130";"6";"11";"21";"522";"1";"3";"899";"122";"1";"6";"24";"-";"13";"6"
"101046";"101046";"8";"1";"1";"5924";"2933";"51";"10";"2872";"701";"276";"351";"91";"336";"63";"2";"22";"23";"1";"1";"18";"-";"21";"124";"8";"14";"12";"221";"0";"1";"495";"64";"-";"-";"3";"16";"-";"4";"4";"-";"5924";"2933";"51";"10";"2872";"701";"276";"351";"91";"336";"63";"2";"22";"23";"1";"1";"18";"-";"21";"124";"8";"14";"12";"221";"0";"1";"495";"64";"0";"3";"16";"-";"4";"4"
"101047";"101047";"8";"1";"1";"5966";"3209";"60";"9";"3140";"685";"352";"310";"95";"352";"84";"7";"16";"11";"7";"5";"21";"-";"47";"70";"1";"8";"11";"230";"2";"5";"718";"78";"-";"-";"1";"11";"-";"6";"7";"-";"5966";"3209";"60";"9";"3140";"685";"352";"310";"95";"352";"84";"7";"16";"11";"7";"5";"21";"-";"47";"70";"1";"8";"11";"230";"2";"5";"718";"78";"0";"1";"11";"-";"6";"7"
"101048";"101048";"8";"1";"1";"9104";"5435";"123";"21";"5291";"980";"650";"779";"130";"591";"183";"8";"25";"28";"4";"4";"25";"-";"51";"112";"7";"24";"20";"475";"0";"5";"1025";"121";"-";"-";"6";"28";"-";"5";"3";"-";"9104";"5435";"123";"21";"5291";"980";"650";"779";"130";"591";"183";"8";"25";"28";"4";"4";"25";"-";"51";"112";"7";"24";"20";"475";"0";"5";"1025";"121";"2";"6";"28";"-";"5";"3"
"101049";"101049";"9";"1";"1";"7966";"5736";"60";"12";"5664";"826";"656";"530";"58";"767";"99";"11";"32";"8";"7";"7";"12";"-";"79";"66";"5";"27";"19";"288";"1";"4";"1873";"251";"-";"-";"7";"12";"-";"10";"6";"-";"7966";"5736";"60";"12";"5664";"826";"656";"530";"58";"767";"99";"11";"32";"8";"7";"7";"12";"-";"79";"66";"5";"27";"19";"288";"1";"4";"1873";"251";"3";"7";"12";"-";"10";"6"
"101050";"101050";"9";"1";"1";"9453";"6154";"82";"13";"6059";"790";"869";"653";"79";"742";"145";"16";"23";"9";"10";"2";"19";"-";"90";"51";"4";"27";"17";"374";"4";"8";"1836";"245";"-";"-";"9";"20";"-";"11";"6";"-";"9453";"6154";"82";"13";"6059";"790";"869";"653";"79";"742";"145";"16";"23";"9";"10";"2";"19";"-";"90";"51";"4";"27";"17";"374";"4";"8";"1836";"245";"0";"9";"20";"-";"11";"6"
"101051";"101051";"9";"1";"1";"9892";"5413";"107";"22";"5284";"1104";"360";"299";"177";"476";"89";"18";"33";"22";"12";"5";"36";"-";"48";"193";"8";"31";"114";"229";"5";"7";"1803";"151";"-";"-";"10";"24";"-";"18";"11";"-";"9892";"5413";"107";"22";"5284";"1104";"360";"299";"177";"476";"89";"18";"33";"22";"12";"5";"36";"-";"48";"193";"8";"31";"114";"229";"5";"7";"1803";"151";"1";"10";"24";"-";"18";"11"
"101052";"101052";"9";"1";"1";"7563";"5133";"80";"8";"5045";"654";"661";"570";"61";"604";"131";"7";"40";"20";"2";"4";"10";"-";"62";"46";"8";"29";"16";"380";"0";"8";"1465";"229";"-";"-";"9";"14";"-";"8";"7";"-";"7563";"5133";"80";"8";"5045";"654";"661";"570";"61";"604";"131";"7";"40";"20";"2";"4";"10";"-";"62";"46";"8";"29";"16";"380";"0";"8";"1465";"229";"0";"9";"14";"-";"8";"7"
"101053";"101053";"9";"1";"1";"7900";"5491";"48";"21";"5422";"787";"777";"654";"68";"632";"153";"12";"23";"15";"5";"4";"17";"-";"75";"58";"11";"33";"21";"388";"0";"2";"1472";"181";"-";"-";"7";"13";"-";"9";"4";"-";"7900";"5491";"48";"21";"5422";"787";"777";"654";"68";"632";"153";"12";"23";"15";"5";"4";"17";"-";"75";"58";"11";"33";"21";"388";"0";"2";"1472";"181";"1";"7";"13";"-";"9";"4"
"101054";"101054";"9";"1";"1";"3909";"2202";"38";"8";"2156";"318";"237";"151";"49";"263";"56";"8";"16";"9";"3";"2";"15";"-";"26";"37";"6";"1";"18";"144";"0";"1";"687";"78";"-";"-";"5";"13";"-";"6";"7";"-";"3909";"2202";"38";"8";"2156";"318";"237";"151";"49";"263";"56";"8";"16";"9";"3";"2";"15";"-";"26";"37";"6";"1";"18";"144";"0";"1";"687";"78";"0";"5";"13";"-";"6";"7"
"101055";"101055";"9";"1";"1";"16181";"8504";"135";"18";"8351";"1145";"1299";"1581";"179";"665";"486";"11";"60";"19";"5";"3";"23";"-";"75";"76";"7";"41";"11";"1158";"2";"3";"1228";"236";"-";"-";"4";"15";"-";"8";"7";"-";"16181";"8504";"135";"18";"8351";"1145";"1299";"1581";"179";"665";"486";"11";"60";"19";"5";"3";"23";"-";"75";"76";"7";"41";"11";"1158";"2";"3";"1228";"236";"4";"4";"15";"-";"8";"7"
"101056";"101056";"1";"1";"1";"8949";"5946";"61";"8";"5877";"762";"766";"1360";"132";"484";"336";"6";"24";"18";"3";"3";"7";"-";"51";"62";"5";"39";"6";"813";"0";"2";"822";"134";"-";"-";"8";"22";"-";"6";"4";"-";"8949";"5946";"61";"8";"5877";"762";"766";"1360";"132";"484";"336";"6";"24";"18";"3";"3";"7";"-";"51";"62";"5";"39";"6";"813";"0";"2";"822";"134";"2";"8";"22";"-";"6";"4"
"101057";"101057";"2";"1";"1";"9553";"5659";"85";"11";"5563";"926";"633";"523";"138";"647";"148";"1";"29";"27";"8";"7";"28";"-";"40";"159";"10";"37";"11";"390";"0";"7";"1559";"199";"-";"-";"6";"15";"-";"10";"3";"-";"9553";"5659";"85";"11";"5563";"926";"633";"523";"138";"647";"148";"1";"29";"27";"8";"7";"28";"-";"40";"159";"10";"37";"11";"390";"0";"7";"1559";"199";"2";"6";"15";"-";"10";"3"
"101058";"101058";"5";"1";"1";"11967";"6918";"101";"27";"6790";"866";"904";"403";"69";"879";"132";"6";"56";"23";"8";"3";"90";"-";"83";"73";"10";"9";"41";"318";"3";"8";"2473";"270";"-";"-";"16";"26";"-";"11";"10";"-";"11967";"6918";"101";"27";"6790";"866";"904";"403";"69";"879";"132";"6";"56";"23";"8";"3";"90";"-";"83";"73";"10";"9";"41";"318";"3";"8";"2473";"270";"0";"16";"26";"-";"11";"10"
"101059";"101059";"6";"1";"1";"6811";"3425";"45";"28";"3352";"635";"362";"270";"83";"394";"33";"4";"26";"20";"7";"6";"45";"-";"25";"83";"18";"11";"21";"156";"0";"7";"1033";"87";"-";"-";"4";"13";"-";"6";"3";"-";"6811";"3425";"45";"28";"3352";"635";"362";"270";"83";"394";"33";"4";"26";"20";"7";"6";"45";"-";"25";"83";"18";"11";"21";"156";"0";"7";"1033";"87";"0";"4";"13";"-";"6";"3"
"147001";"147001";"10";"1";"1";"9186";"7061";"46";"16";"6999";"1072";"752";"2683";"39";"348";"109";"40";"22";"18";"-";"3";"-";"-";"-";"47";"-";"-";"-";"412";"-";"4";"1359";"47";"-";"-";"-";"22";"-";"7";"15";"-";"9186";"7061";"46";"16";"6999";"1072";"752";"2683";"39";"348";"109";"40";"22";"18";"-";"3";"-";"-";"-";"47";"-";"-";"-";"412";"-";"4";"1359";"47";"-";"-";"22";"-";"7";"15"
"147002";"147002";"10";"1";"1";"9530";"7361";"44";"7";"7310";"1120";"707";"3149";"48";"302";"98";"41";"20";"8";"-";"2";"-";"-";"-";"32";"-";"-";"-";"448";"-";"3";"1258";"48";"-";"-";"-";"16";"-";"1";"9";"-";"9530";"7361";"44";"7";"7310";"1120";"707";"3149";"48";"302";"98";"41";"20";"8";"-";"2";"-";"-";"-";"32";"-";"-";"-";"448";"-";"3";"1258";"48";"-";"-";"16";"-";"1";"9"
"147003";"147003";"10";"1";"1";"12391";"9392";"78";"20";"9294";"1484";"1041";"3486";"64";"482";"100";"51";"31";"10";"-";"7";"-";"-";"-";"43";"-";"-";"-";"550";"-";"7";"1822";"78";"-";"-";"-";"20";"-";"4";"14";"-";"12391";"9392";"78";"20";"9294";"1484";"1041";"3486";"64";"482";"100";"51";"31";"10";"-";"7";"-";"-";"-";"43";"-";"-";"-";"550";"-";"7";"1822";"78";"-";"-";"20";"-";"4";"14"
"147004";"147004";"10";"1";"1";"11558";"8474";"66";"14";"8394";"1333";"919";"3279";"61";"427";"101";"31";"18";"12";"-";"6";"-";"-";"-";"56";"-";"-";"-";"592";"-";"7";"1451";"70";"-";"-";"-";"9";"-";"5";"17";"-";"11558";"8474";"66";"14";"8394";"1333";"919";"3279";"61";"427";"101";"31";"18";"12";"-";"6";"-";"-";"-";"56";"-";"-";"-";"592";"-";"7";"1451";"70";"-";"-";"9";"-";"5";"17"
"147005";"147005";"11";"1";"1";"11849";"7803";"73";"26";"7704";"1575";"548";"2912";"87";"370";"113";"63";"32";"17";"-";"5";"-";"-";"-";"78";"-";"-";"-";"444";"-";"11";"1345";"55";"-";"-";"-";"9";"-";"3";"37";"-";"11849";"7803";"73";"26";"7704";"1575";"548";"2912";"87";"370";"113";"63";"32";"17";"-";"5";"-";"-";"-";"78";"-";"-";"-";"444";"-";"11";"1345";"55";"-";"-";"9";"-";"3";"37"
"147006";"147006";"11";"1";"1";"10092";"7195";"61";"26";"7108";"1361";"552";"3019";"66";"270";"69";"47";"21";"16";"-";"16";"-";"-";"-";"81";"-";"-";"-";"372";"-";"9";"1127";"52";"-";"-";"-";"9";"-";"5";"16";"-";"10092";"7195";"61";"26";"7108";"1361";"552";"3019";"66";"270";"69";"47";"21";"16";"-";"16";"-";"-";"-";"81";"-";"-";"-";"372";"-";"9";"1127";"52";"-";"-";"9";"-";"5";"16"
"147007";"147007";"11";"1";"1";"10752";"7683";"75";"20";"7588";"1381";"602";"3300";"71";"336";"91";"50";"34";"12";"-";"4";"-";"-";"-";"46";"-";"-";"-";"430";"-";"6";"1124";"69";"-";"-";"-";"12";"-";"4";"16";"-";"10752";"7683";"75";"20";"7588";"1381";"602";"3300";"71";"336";"91";"50";"34";"12";"-";"4";"-";"-";"-";"46";"-";"-";"-";"430";"-";"6";"1124";"69";"-";"-";"12";"-";"4";"16"
"147008";"147008";"11";"1";"1";"8822";"6778";"61";"14";"6703";"1092";"565";"2779";"48";"317";"88";"51";"23";"12";"-";"6";"-";"-";"-";"42";"-";"-";"-";"355";"-";"6";"1234";"63";"-";"-";"-";"8";"-";"4";"10";"-";"8822";"6778";"61";"14";"6703";"1092";"565";"2779";"48";"317";"88";"51";"23";"12";"-";"6";"-";"-";"-";"42";"-";"-";"-";"355";"-";"6";"1234";"63";"-";"-";"8";"-";"4";"10"
"151001";"151001";"20";"2";"1";"4720";"2924";"46";"12";"2866";"1644";"93";"277";"103";"183";"17";"-";"24";"-";"-";"-";"-";"-";"-";"166";"-";"31";"-";"178";"13";"-";"123";"-";"-";"-";"-";"-";"-";"-";"14";"-";"4720";"2924";"46";"12";"2866";"1644";"93";"277";"103";"183";"17";"-";"24";"-";"-";"-";"-";"-";"-";"166";"-";"31";"-";"178";"13";"-";"123";"-";"-";"-";"-";"-";"-";"14"
"151002";"151002";"20";"2";"1";"6965";"3972";"54";"35";"3883";"2087";"90";"358";"152";"283";"30";"-";"33";"-";"-";"-";"-";"-";"-";"228";"-";"63";"-";"250";"32";"-";"250";"-";"-";"-";"-";"-";"-";"-";"27";"-";"6965";"3972";"54";"35";"3883";"2087";"90";"358";"152";"283";"30";"-";"33";"-";"-";"-";"-";"-";"-";"228";"-";"63";"-";"250";"32";"-";"250";"-";"-";"-";"-";"-";"-";"27"
"151003";"151003";"20";"2";"1";"2755";"2007";"25";"8";"1974";"910";"75";"330";"80";"147";"18";"-";"16";"-";"-";"-";"-";"-";"-";"86";"-";"6";"-";"197";"5";"-";"99";"-";"-";"-";"-";"-";"-";"-";"5";"-";"2755";"2007";"25";"8";"1974";"910";"75";"330";"80";"147";"18";"-";"16";"-";"-";"-";"-";"-";"-";"86";"-";"6";"-";"197";"5";"-";"99";"-";"-";"-";"-";"-";"-";"5"
"151004";"151004";"20";"2";"1";"3550";"2113";"27";"8";"2078";"1140";"52";"163";"90";"167";"8";"-";"12";"-";"-";"-";"-";"-";"-";"117";"-";"98";"-";"112";"14";"-";"91";"-";"-";"-";"-";"-";"-";"-";"14";"-";"3550";"2113";"27";"8";"2078";"1140";"52";"163";"90";"167";"8";"-";"12";"-";"-";"-";"-";"-";"-";"117";"-";"98";"-";"112";"14";"-";"91";"-";"-";"-";"-";"-";"-";"14"
"151005";"151005";"20";"2";"1";"3919";"2999";"20";"18";"2961";"1487";"180";"418";"64";"216";"25";"-";"20";"-";"-";"-";"-";"-";"-";"100";"-";"3";"-";"297";"22";"-";"124";"-";"-";"-";"-";"-";"-";"-";"5";"-";"3919";"2999";"20";"18";"2961";"1487";"180";"418";"64";"216";"25";"-";"20";"-";"-";"-";"-";"-";"-";"100";"-";"3";"-";"297";"22";"-";"124";"-";"-";"-";"-";"-";"-";"5"
"151006";"151006";"20";"2";"1";"6401";"3670";"58";"15";"3597";"1947";"164";"352";"123";"211";"32";"-";"25";"-";"-";"-";"-";"-";"-";"209";"-";"16";"-";"207";"48";"-";"244";"-";"-";"-";"-";"-";"-";"-";"19";"-";"6401";"3670";"58";"15";"3597";"1947";"164";"352";"123";"211";"32";"-";"25";"-";"-";"-";"-";"-";"-";"209";"-";"16";"-";"207";"48";"-";"244";"-";"-";"-";"-";"-";"-";"19"
"151008";"151008";"20";"2";"1";"4344";"3215";"27";"7";"3181";"1527";"150";"521";"78";"173";"28";"-";"27";"-";"-";"-";"-";"-";"-";"101";"-";"19";"-";"276";"6";"-";"259";"-";"-";"-";"-";"-";"-";"-";"16";"-";"4344";"3215";"27";"7";"3181";"1527";"150";"521";"78";"173";"28";"-";"27";"-";"-";"-";"-";"-";"-";"101";"-";"19";"-";"276";"6";"-";"259";"-";"-";"-";"-";"-";"-";"16"
"151009";"151009";"20";"2";"1";"3439";"2653";"27";"8";"2618";"1142";"136";"416";"74";"255";"26";"-";"36";"-";"-";"-";"-";"-";"-";"67";"-";"11";"-";"265";"10";"-";"172";"-";"-";"-";"-";"-";"-";"-";"8";"-";"3439";"2653";"27";"8";"2618";"1142";"136";"416";"74";"255";"26";"-";"36";"-";"-";"-";"-";"-";"-";"67";"-";"11";"-";"265";"10";"-";"172";"-";"-";"-";"-";"-";"-";"8"
"151010";"151010";"20";"2";"1";"2310";"1747";"16";"3";"1728";"753";"93";"264";"35";"123";"9";"-";"19";"-";"-";"-";"-";"-";"-";"61";"-";"7";"-";"113";"4";"-";"243";"-";"-";"-";"-";"-";"-";"-";"4";"-";"2310";"1747";"16";"3";"1728";"753";"93";"264";"35";"123";"9";"-";"19";"-";"-";"-";"-";"-";"-";"61";"-";"7";"-";"113";"4";"-";"243";"-";"-";"-";"-";"-";"-";"4"
"153001";"153001";"18";"2";"1";"3744";"2386";"35";"6";"2345";"1082";"92";"260";"142";"170";"41";"-";"-";"-";"-";"-";"-";"-";"-";"173";"-";"-";"-";"220";"-";"-";"156";"-";"-";"-";"-";"-";"-";"-";"9";"-";"3744";"2386";"35";"6";"2345";"1082";"92";"260";"142";"170";"41";"-";"-";"-";"-";"-";"-";"-";"-";"173";"-";"-";"-";"220";"-";"-";"156";"-";"-";"-";"-";"-";"-";"9"
"153002";"153002";"18";"2";"1";"3658";"2015";"29";"14";"1972";"1061";"39";"136";"113";"149";"25";"-";"-";"-";"-";"-";"-";"-";"-";"141";"-";"-";"-";"182";"-";"-";"115";"-";"-";"-";"-";"-";"-";"-";"11";"-";"3658";"2015";"29";"14";"1972";"1061";"39";"136";"113";"149";"25";"-";"-";"-";"-";"-";"-";"-";"-";"141";"-";"-";"-";"182";"-";"-";"115";"-";"-";"-";"-";"-";"-";"11"
"153003";"153003";"18";"2";"1";"3362";"2041";"40";"8";"1993";"1157";"44";"145";"99";"143";"19";"-";"-";"-";"-";"-";"-";"-";"-";"115";"-";"-";"-";"132";"-";"-";"124";"-";"-";"-";"-";"-";"-";"-";"15";"-";"3362";"2041";"40";"8";"1993";"1157";"44";"145";"99";"143";"19";"-";"-";"-";"-";"-";"-";"-";"-";"115";"-";"-";"-";"132";"-";"-";"124";"-";"-";"-";"-";"-";"-";"15"
"153004";"153004";"18";"2";"1";"6307";"3538";"34";"20";"3484";"2037";"159";"246";"156";"195";"32";"-";"-";"-";"-";"-";"-";"-";"-";"194";"-";"-";"-";"151";"-";"-";"291";"-";"-";"-";"-";"-";"-";"-";"23";"-";"6307";"3538";"34";"20";"3484";"2037";"159";"246";"156";"195";"32";"-";"-";"-";"-";"-";"-";"-";"-";"194";"-";"-";"-";"151";"-";"-";"291";"-";"-";"-";"-";"-";"-";"23"
"153005";"153005";"18";"2";"1";"10719";"5450";"45";"50";"5355";"2767";"466";"359";"205";"284";"152";"-";"-";"-";"-";"-";"-";"-";"-";"291";"-";"-";"-";"307";"-";"-";"499";"-";"-";"-";"-";"-";"-";"-";"25";"-";"10719";"5450";"45";"50";"5355";"2767";"466";"359";"205";"284";"152";"-";"-";"-";"-";"-";"-";"-";"-";"291";"-";"-";"-";"307";"-";"-";"499";"-";"-";"-";"-";"-";"-";"25"
"155001";"155001";"12";"1";"1";"4101";"3232";"32";"13";"3187";"419";"141";"1133";"55";"123";"11";"-";"-";"-";"-";"-";"-";"-";"-";"83";"-";"147";"-";"399";"-";"13";"-";"-";"-";"-";"-";"663";"-";"-";"-";"-";"4101";"3232";"32";"13";"3187";"419";"141";"1133";"55";"123";"11";"-";"-";"-";"-";"-";"-";"-";"-";"83";"-";"147";"-";"399";"-";"13";"-";"-";"-";"-";"663";"-";"-";"-"
"155004";"155004";"12";"1";"1";"7075";"5251";"44";"8";"5199";"825";"204";"1741";"117";"190";"41";"-";"-";"-";"-";"-";"-";"-";"-";"190";"-";"382";"-";"612";"-";"7";"-";"-";"-";"-";"-";"890";"-";"-";"-";"-";"7075";"5251";"44";"8";"5199";"825";"204";"1741";"117";"190";"41";"-";"-";"-";"-";"-";"-";"-";"-";"190";"-";"382";"-";"612";"-";"7";"-";"-";"-";"-";"890";"-";"-";"-"
"157001";"157001";"13";"2";"1";"5867";"4306";"22";"15";"4269";"318";"366";"2573";"85";"276";"113";"-";"-";"11";"-";"-";"-";"-";"-";"25";"-";"-";"-";"268";"-";"-";"218";"-";"-";"-";"-";"-";"-";"-";"16";"-";"5867";"4306";"22";"15";"4269";"318";"366";"2573";"85";"276";"113";"-";"-";"11";"-";"-";"-";"-";"-";"25";"-";"-";"-";"268";"-";"-";"218";"-";"-";"-";"-";"-";"-";"16"
"157002";"157002";"13";"2";"1";"4861";"3505";"26";"9";"3470";"600";"363";"1537";"75";"367";"60";"-";"-";"19";"-";"-";"-";"-";"-";"31";"-";"-";"-";"140";"-";"-";"267";"-";"-";"-";"-";"-";"-";"-";"11";"-";"4861";"3505";"26";"9";"3470";"600";"363";"1537";"75";"367";"60";"-";"-";"19";"-";"-";"-";"-";"-";"31";"-";"-";"-";"140";"-";"-";"267";"-";"-";"-";"-";"-";"-";"11"
"157003";"157003";"13";"2";"1";"5369";"3925";"12";"10";"3903";"294";"446";"2294";"92";"276";"112";"-";"-";"13";"-";"-";"-";"-";"-";"18";"-";"-";"-";"195";"-";"-";"155";"-";"-";"-";"-";"-";"-";"-";"8";"-";"5369";"3925";"12";"10";"3903";"294";"446";"2294";"92";"276";"112";"-";"-";"13";"-";"-";"-";"-";"-";"18";"-";"-";"-";"195";"-";"-";"155";"-";"-";"-";"-";"-";"-";"8"
"157004";"157004";"13";"2";"1";"6009";"3605";"45";"27";"3533";"521";"423";"1708";"89";"269";"55";"-";"-";"13";"-";"-";"-";"-";"-";"32";"-";"-";"-";"186";"-";"-";"214";"-";"-";"-";"-";"-";"-";"-";"23";"-";"6009";"3605";"45";"27";"3533";"521";"423";"1708";"89";"269";"55";"-";"-";"13";"-";"-";"-";"-";"-";"32";"-";"-";"-";"186";"-";"-";"214";"-";"-";"-";"-";"-";"-";"23"
"157005";"157005";"13";"2";"1";"5633";"4070";"35";"10";"4025";"335";"470";"2291";"78";"320";"77";"-";"-";"6";"-";"-";"-";"-";"-";"27";"-";"-";"-";"196";"-";"-";"216";"-";"-";"-";"-";"-";"-";"-";"9";"-";"5633";"4070";"35";"10";"4025";"335";"470";"2291";"78";"320";"77";"-";"-";"6";"-";"-";"-";"-";"-";"27";"-";"-";"-";"196";"-";"-";"216";"-";"-";"-";"-";"-";"-";"9"
"157006";"157006";"13";"2";"1";"6052";"4625";"20";"13";"4592";"274";"550";"2725";"91";"324";"129";"-";"-";"6";"-";"-";"-";"-";"-";"19";"-";"-";"-";"253";"-";"-";"212";"-";"-";"-";"-";"-";"-";"-";"9";"-";"6052";"4625";"20";"13";"4592";"274";"550";"2725";"91";"324";"129";"-";"-";"6";"-";"-";"-";"-";"-";"19";"-";"-";"-";"253";"-";"-";"212";"-";"-";"-";"-";"-";"-";"9"
"157007";"157007";"13";"2";"1";"6759";"4821";"25";"25";"4771";"362";"495";"2636";"115";"358";"131";"-";"-";"22";"-";"-";"-";"-";"-";"28";"-";"-";"-";"298";"-";"-";"314";"-";"-";"-";"-";"-";"-";"-";"12";"-";"6759";"4821";"25";"25";"4771";"362";"495";"2636";"115";"358";"131";"-";"-";"22";"-";"-";"-";"-";"-";"28";"-";"-";"-";"298";"-";"-";"314";"-";"-";"-";"-";"-";"-";"12"
"157008";"157008";"13";"2";"1";"4852";"3545";"27";"3";"3515";"289";"321";"2099";"85";"200";"77";"-";"-";"7";"-";"-";"-";"-";"-";"19";"-";"-";"-";"218";"-";"-";"181";"-";"-";"-";"-";"-";"-";"-";"19";"-";"4852";"3545";"27";"3";"3515";"289";"321";"2099";"85";"200";"77";"-";"-";"7";"-";"-";"-";"-";"-";"19";"-";"-";"-";"218";"-";"-";"181";"-";"-";"-";"-";"-";"-";"19"
"157009";"157009";"13";"2";"1";"5590";"4163";"16";"2";"4145";"230";"384";"2645";"86";"186";"134";"-";"-";"11";"-";"-";"-";"-";"-";"20";"-";"-";"-";"259";"-";"-";"181";"-";"-";"-";"-";"-";"-";"-";"9";"-";"5590";"4163";"16";"2";"4145";"230";"384";"2645";"86";"186";"134";"-";"-";"11";"-";"-";"-";"-";"-";"20";"-";"-";"-";"259";"-";"-";"181";"-";"-";"-";"-";"-";"-";"9"
"157010";"157010";"13";"2";"1";"5237";"3635";"36";"23";"3576";"238";"296";"2192";"77";"207";"108";"-";"-";"7";"-";"-";"-";"-";"-";"22";"-";"-";"-";"250";"-";"-";"167";"-";"-";"-";"-";"-";"-";"-";"12";"-";"5237";"3635";"36";"23";"3576";"238";"296";"2192";"77";"207";"108";"-";"-";"7";"-";"-";"-";"-";"-";"22";"-";"-";"-";"250";"-";"-";"167";"-";"-";"-";"-";"-";"-";"12"
"159001";"159001";"15";"2";"1";"5207";"3614";"50";"14";"3550";"1029";"280";"585";"113";"374";"78";"-";"-";"13";"-";"4";"-";"-";"-";"91";"-";"96";"-";"577";"-";"-";"310";"-";"-";"-";"-";"-";"-";"-";"-";"-";"5207";"3614";"50";"14";"3550";"1029";"280";"585";"113";"374";"78";"-";"-";"13";"-";"4";"-";"-";"-";"91";"-";"96";"-";"577";"-";"-";"310";"-";"-";"-";"-";"-";"-";"-"
"159002";"159002";"15";"2";"1";"7103";"4341";"75";"17";"4249";"1482";"275";"424";"147";"498";"69";"-";"-";"19";"-";"6";"-";"-";"-";"154";"-";"161";"-";"564";"-";"-";"450";"-";"-";"-";"-";"-";"-";"-";"-";"-";"7103";"4341";"75";"17";"4249";"1482";"275";"424";"147";"498";"69";"-";"-";"19";"-";"6";"-";"-";"-";"154";"-";"161";"-";"564";"-";"-";"450";"-";"-";"-";"-";"-";"-";"-"
"159003";"159003";"15";"2";"1";"6524";"3733";"45";"21";"3667";"1301";"226";"455";"147";"357";"46";"-";"-";"11";"-";"9";"-";"-";"-";"161";"-";"113";"-";"533";"-";"-";"308";"-";"-";"-";"-";"-";"-";"-";"-";"-";"6524";"3733";"45";"21";"3667";"1301";"226";"455";"147";"357";"46";"-";"-";"11";"-";"9";"-";"-";"-";"161";"-";"113";"-";"533";"-";"-";"308";"-";"-";"-";"-";"-";"-";"-"
"159004";"159004";"15";"2";"1";"7313";"4558";"51";"39";"4468";"1363";"385";"348";"107";"541";"47";"-";"-";"20";"-";"13";"-";"-";"-";"174";"-";"409";"-";"406";"-";"-";"655";"-";"-";"-";"-";"-";"-";"-";"-";"-";"7313";"4558";"51";"39";"4468";"1363";"385";"348";"107";"541";"47";"-";"-";"20";"-";"13";"-";"-";"-";"174";"-";"409";"-";"406";"-";"-";"655";"-";"-";"-";"-";"-";"-";"-"
"159005";"159005";"15";"2";"1";"7451";"4132";"63";"27";"4042";"1550";"215";"393";"142";"504";"52";"-";"-";"27";"-";"9";"-";"-";"-";"181";"-";"126";"-";"426";"-";"-";"417";"-";"-";"-";"-";"-";"-";"-";"-";"-";"7451";"4132";"63";"27";"4042";"1550";"215";"393";"142";"504";"52";"-";"-";"27";"-";"9";"-";"-";"-";"181";"-";"126";"-";"426";"-";"-";"417";"-";"-";"-";"-";"-";"-";"-"
"159006";"159006";"15";"2";"1";"6236";"4593";"67";"13";"4513";"1473";"431";"572";"100";"553";"61";"-";"-";"17";"-";"5";"-";"-";"-";"79";"-";"109";"-";"657";"-";"-";"456";"-";"-";"-";"-";"-";"-";"-";"-";"-";"6236";"4593";"67";"13";"4513";"1473";"431";"572";"100";"553";"61";"-";"-";"17";"-";"5";"-";"-";"-";"79";"-";"109";"-";"657";"-";"-";"456";"-";"-";"-";"-";"-";"-";"-"
"159007";"159007";"15";"2";"1";"4254";"2926";"34";"13";"2879";"853";"264";"360";"75";"354";"47";"-";"-";"8";"-";"7";"-";"-";"-";"89";"-";"80";"-";"387";"-";"-";"355";"-";"-";"-";"-";"-";"-";"-";"-";"-";"4254";"2926";"34";"13";"2879";"853";"264";"360";"75";"354";"47";"-";"-";"8";"-";"7";"-";"-";"-";"89";"-";"80";"-";"387";"-";"-";"355";"-";"-";"-";"-";"-";"-";"-"
"159008";"159008";"15";"2";"1";"4726";"2966";"32";"8";"2926";"993";"220";"372";"124";"289";"53";"-";"-";"11";"-";"7";"-";"-";"-";"111";"-";"59";"-";"406";"-";"-";"281";"-";"-";"-";"-";"-";"-";"-";"-";"-";"4726";"2966";"32";"8";"2926";"993";"220";"372";"124";"289";"53";"-";"-";"11";"-";"7";"-";"-";"-";"111";"-";"59";"-";"406";"-";"-";"281";"-";"-";"-";"-";"-";"-";"-"
"159009";"159009";"15";"2";"1";"3847";"2011";"19";"9";"1983";"589";"175";"254";"55";"203";"41";"-";"-";"8";"-";"6";"-";"-";"-";"63";"-";"97";"-";"298";"-";"-";"194";"-";"-";"-";"-";"-";"-";"-";"-";"-";"3847";"2011";"19";"9";"1983";"589";"175";"254";"55";"203";"41";"-";"-";"8";"-";"6";"-";"-";"-";"63";"-";"97";"-";"298";"-";"-";"194";"-";"-";"-";"-";"-";"-";"-"
"161001";"161001";"20";"2";"1";"2548";"1831";"19";"8";"1804";"599";"108";"222";"35";"82";"28";"-";"-";"-";"-";"-";"-";"-";"101";"51";"-";"42";"-";"479";"-";"-";"57";"-";"-";"-";"-";"-";"-";"-";"-";"-";"2548";"1831";"19";"8";"1804";"599";"108";"222";"35";"82";"28";"-";"-";"-";"-";"-";"-";"-";"101";"51";"-";"42";"-";"479";"-";"-";"57";"-";"-";"-";"-";"-";"-";"-"
"161002";"161002";"20";"2";"1";"2846";"1611";"18";"9";"1584";"453";"86";"138";"32";"94";"10";"-";"-";"-";"-";"-";"-";"-";"180";"58";"-";"18";"-";"453";"-";"-";"62";"-";"-";"-";"-";"-";"-";"-";"-";"-";"2846";"1611";"18";"9";"1584";"453";"86";"138";"32";"94";"10";"-";"-";"-";"-";"-";"-";"-";"180";"58";"-";"18";"-";"453";"-";"-";"62";"-";"-";"-";"-";"-";"-";"-"
"161003";"161003";"20";"2";"1";"4887";"2622";"46";"19";"2557";"913";"118";"245";"78";"104";"26";"-";"-";"-";"-";"-";"-";"-";"227";"104";"-";"38";"-";"587";"-";"-";"117";"-";"-";"-";"-";"-";"-";"-";"-";"-";"4887";"2622";"46";"19";"2557";"913";"118";"245";"78";"104";"26";"-";"-";"-";"-";"-";"-";"-";"227";"104";"-";"38";"-";"587";"-";"-";"117";"-";"-";"-";"-";"-";"-";"-"
"161004";"161004";"20";"2";"1";"3651";"1942";"37";"16";"1889";"918";"90";"103";"51";"78";"10";"-";"-";"-";"-";"-";"-";"-";"123";"96";"-";"64";"-";"255";"-";"-";"101";"-";"-";"-";"-";"-";"-";"-";"-";"-";"3651";"1942";"37";"16";"1889";"918";"90";"103";"51";"78";"10";"-";"-";"-";"-";"-";"-";"-";"123";"96";"-";"64";"-";"255";"-";"-";"101";"-";"-";"-";"-";"-";"-";"-"
"161005";"161005";"20";"2";"1";"1480";"1130";"11";"3";"1116";"298";"41";"125";"15";"27";"14";"-";"-";"-";"-";"-";"-";"-";"79";"41";"-";"10";"-";"430";"-";"-";"36";"-";"-";"-";"-";"-";"-";"-";"-";"-";"1480";"1130";"11";"3";"1116";"298";"41";"125";"15";"27";"14";"-";"-";"-";"-";"-";"-";"-";"79";"41";"-";"10";"-";"430";"-";"-";"36";"-";"-";"-";"-";"-";"-";"-"
"161006";"161006";"20";"2";"1";"3112";"2012";"25";"10";"1977";"740";"73";"196";"58";"91";"24";"-";"-";"-";"-";"-";"-";"-";"144";"63";"-";"29";"-";"476";"-";"-";"83";"-";"-";"-";"-";"-";"-";"-";"-";"-";"3112";"2012";"25";"10";"1977";"740";"73";"196";"58";"91";"24";"-";"-";"-";"-";"-";"-";"-";"144";"63";"-";"29";"-";"476";"-";"-";"83";"-";"-";"-";"-";"-";"-";"-"
"163001";"163001";"16";"2";"1";"8384";"4725";"70";"25";"4630";"2125";"209";"751";"107";"565";"59";"-";"-";"27";"-";"37";"-";"-";"-";"171";"-";"-";"-";"134";"-";"-";"445";"-";"-";"-";"-";"-";"-";"-";"-";"-";"8384";"4725";"70";"25";"4630";"2125";"209";"751";"107";"565";"59";"-";"-";"27";"-";"37";"-";"-";"-";"171";"-";"-";"-";"134";"-";"-";"445";"-";"-";"-";"-";"-";"-";"-"
"163002";"163002";"16";"2";"1";"6759";"4977";"45";"17";"4915";"2347";"146";"1143";"109";"423";"43";"-";"-";"35";"-";"17";"-";"-";"-";"116";"-";"-";"-";"142";"-";"-";"394";"-";"-";"-";"-";"-";"-";"-";"-";"-";"6759";"4977";"45";"17";"4915";"2347";"146";"1143";"109";"423";"43";"-";"-";"35";"-";"17";"-";"-";"-";"116";"-";"-";"-";"142";"-";"-";"394";"-";"-";"-";"-";"-";"-";"-"
"163003";"163003";"16";"2";"1";"7151";"4404";"64";"26";"4314";"1883";"181";"761";"133";"408";"32";"-";"-";"22";"-";"55";"-";"-";"-";"125";"-";"-";"-";"146";"-";"-";"568";"-";"-";"-";"-";"-";"-";"-";"-";"-";"7151";"4404";"64";"26";"4314";"1883";"181";"761";"133";"408";"32";"-";"-";"22";"-";"55";"-";"-";"-";"125";"-";"-";"-";"146";"-";"-";"568";"-";"-";"-";"-";"-";"-";"-"
"165001";"165001";"19";"2";"1";"4457";"2878";"39";"6";"2833";"828";"156";"552";"74";"532";"20";"-";"16";"-";"-";"-";"-";"-";"-";"103";"-";"-";"-";"130";"-";"-";"341";"81";"-";"-";"-";"-";"-";"-";"-";"-";"4457";"2878";"39";"6";"2833";"828";"156";"552";"74";"532";"20";"-";"16";"-";"-";"-";"-";"-";"-";"103";"-";"-";"-";"130";"-";"-";"341";"81";"-";"-";"-";"-";"-";"-"
"165002";"165002";"19";"2";"1";"3696";"2598";"18";"7";"2573";"778";"161";"529";"71";"446";"27";"-";"6";"-";"-";"-";"-";"-";"-";"132";"-";"-";"-";"124";"-";"-";"276";"23";"-";"-";"-";"-";"-";"-";"-";"-";"3696";"2598";"18";"7";"2573";"778";"161";"529";"71";"446";"27";"-";"6";"-";"-";"-";"-";"-";"-";"132";"-";"-";"-";"124";"-";"-";"276";"23";"-";"-";"-";"-";"-";"-"
"165003";"165003";"19";"2";"1";"3917";"2254";"31";"18";"2205";"796";"277";"215";"66";"385";"16";"-";"4";"-";"-";"-";"-";"-";"-";"121";"-";"-";"-";"70";"-";"-";"230";"25";"-";"-";"-";"-";"-";"-";"-";"-";"3917";"2254";"31";"18";"2205";"796";"277";"215";"66";"385";"16";"-";"4";"-";"-";"-";"-";"-";"-";"121";"-";"-";"-";"70";"-";"-";"230";"25";"-";"-";"-";"-";"-";"-"
"165004";"165004";"19";"2";"1";"4204";"2167";"33";"26";"2108";"793";"143";"159";"92";"335";"25";"-";"9";"-";"-";"-";"-";"-";"-";"168";"-";"-";"-";"79";"-";"-";"254";"51";"-";"-";"-";"-";"-";"-";"-";"-";"4204";"2167";"33";"26";"2108";"793";"143";"159";"92";"335";"25";"-";"9";"-";"-";"-";"-";"-";"-";"168";"-";"-";"-";"79";"-";"-";"254";"51";"-";"-";"-";"-";"-";"-"
"165005";"165005";"19";"2";"1";"5025";"3292";"27";"20";"3245";"1222";"275";"289";"68";"667";"27";"-";"5";"-";"-";"-";"-";"-";"-";"156";"-";"-";"-";"168";"-";"-";"331";"37";"-";"-";"-";"-";"-";"-";"-";"-";"5025";"3292";"27";"20";"3245";"1222";"275";"289";"68";"667";"27";"-";"5";"-";"-";"-";"-";"-";"-";"156";"-";"-";"-";"168";"-";"-";"331";"37";"-";"-";"-";"-";"-";"-"
"167001";"167001";"17";"2";"1";"4763";"2954";"70";"10";"2874";"739";"128";"530";"91";"513";"34";"-";"12";"-";"-";"257";"-";"-";"-";"166";"-";"35";"10";"169";"-";"-";"190";"-";"-";"-";"-";"-";"-";"-";"-";"-";"4763";"2954";"70";"10";"2874";"739";"128";"530";"91";"513";"34";"-";"12";"-";"-";"257";"-";"-";"-";"166";"-";"35";"10";"169";"-";"-";"190";"-";"-";"-";"-";"-";"-";"-"
"167002";"167002";"17";"2";"1";"3595";"2071";"43";"3";"2025";"657";"51";"374";"89";"307";"16";"-";"5";"-";"-";"158";"-";"-";"-";"123";"-";"12";"6";"128";"-";"-";"99";"-";"-";"-";"-";"-";"-";"-";"-";"-";"3595";"2071";"43";"3";"2025";"657";"51";"374";"89";"307";"16";"-";"5";"-";"-";"158";"-";"-";"-";"123";"-";"12";"6";"128";"-";"-";"99";"-";"-";"-";"-";"-";"-";"-"
"167003";"167003";"17";"2";"1";"4706";"2733";"38";"12";"2683";"984";"88";"385";"112";"413";"27";"-";"12";"-";"-";"144";"-";"-";"-";"155";"-";"22";"5";"160";"-";"-";"176";"-";"-";"-";"-";"-";"-";"-";"-";"-";"4706";"2733";"38";"12";"2683";"984";"88";"385";"112";"413";"27";"-";"12";"-";"-";"144";"-";"-";"-";"155";"-";"22";"5";"160";"-";"-";"176";"-";"-";"-";"-";"-";"-";"-"
"167004";"167004";"17";"2";"1";"4801";"3207";"46";"6";"3155";"1074";"91";"456";"99";"595";"36";"-";"11";"-";"-";"236";"-";"-";"-";"191";"-";"25";"1";"177";"-";"-";"163";"-";"-";"-";"-";"-";"-";"-";"-";"-";"4801";"3207";"46";"6";"3155";"1074";"91";"456";"99";"595";"36";"-";"11";"-";"-";"236";"-";"-";"-";"191";"-";"25";"1";"177";"-";"-";"163";"-";"-";"-";"-";"-";"-";"-"
"167005";"167005";"17";"2";"1";"5454";"3646";"44";"10";"3592";"1101";"111";"668";"95";"604";"39";"-";"9";"-";"-";"251";"-";"-";"-";"214";"-";"34";"7";"276";"-";"-";"183";"-";"-";"-";"-";"-";"-";"-";"-";"-";"5454";"3646";"44";"10";"3592";"1101";"111";"668";"95";"604";"39";"-";"9";"-";"-";"251";"-";"-";"-";"214";"-";"34";"7";"276";"-";"-";"183";"-";"-";"-";"-";"-";"-";"-"
"167006";"167006";"17";"2";"1";"5477";"3558";"46";"3";"3509";"1283";"81";"577";"114";"593";"23";"-";"9";"-";"-";"229";"-";"-";"-";"192";"-";"36";"6";"209";"-";"-";"157";"-";"-";"-";"-";"-";"-";"-";"-";"-";"5477";"3558";"46";"3";"3509";"1283";"81";"577";"114";"593";"23";"-";"9";"-";"-";"229";"-";"-";"-";"192";"-";"36";"6";"209";"-";"-";"157";"-";"-";"-";"-";"-";"-";"-"
"167007";"167007";"17";"2";"1";"6562";"3845";"43";"10";"3792";"1429";"99";"677";"157";"416";"29";"-";"5";"-";"-";"307";"-";"-";"-";"242";"-";"42";"2";"242";"-";"-";"145";"-";"-";"-";"-";"-";"-";"-";"-";"-";"6562";"3845";"43";"10";"3792";"1429";"99";"677";"157";"416";"29";"-";"5";"-";"-";"307";"-";"-";"-";"242";"-";"42";"2";"242";"-";"-";"145";"-";"-";"-";"-";"-";"-";"-"
"167008";"167008";"17";"2";"1";"5620";"2898";"38";"11";"2849";"1268";"76";"343";"109";"359";"21";"-";"10";"-";"-";"103";"-";"-";"-";"167";"-";"73";"12";"111";"-";"-";"197";"-";"-";"-";"-";"-";"-";"-";"-";"-";"5620";"2898";"38";"11";"2849";"1268";"76";"343";"109";"359";"21";"-";"10";"-";"-";"103";"-";"-";"-";"167";"-";"73";"12";"111";"-";"-";"197";"-";"-";"-";"-";"-";"-";"-"
"169001";"169001";"19";"2";"1";"3215";"1418";"17";"16";"1385";"472";"131";"471";"39";"73";"8";"-";"-";"-";"-";"-";"-";"-";"-";"57";"-";"-";"-";"27";"-";"-";"90";"17";"-";"-";"-";"-";"-";"-";"-";"-";"3215";"1418";"17";"16";"1385";"472";"131";"471";"39";"73";"8";"-";"-";"-";"-";"-";"-";"-";"-";"57";"-";"-";"-";"27";"-";"-";"90";"17";"-";"-";"-";"-";"-";"-"
"169002";"169002";"19";"2";"1";"3820";"2434";"18";"9";"2407";"637";"88";"1213";"49";"102";"40";"-";"-";"-";"-";"-";"-";"-";"-";"103";"-";"-";"-";"46";"-";"-";"109";"20";"-";"-";"-";"-";"-";"-";"-";"-";"3820";"2434";"18";"9";"2407";"637";"88";"1213";"49";"102";"40";"-";"-";"-";"-";"-";"-";"-";"-";"103";"-";"-";"-";"46";"-";"-";"109";"20";"-";"-";"-";"-";"-";"-"
"169004";"169004";"19";"2";"1";"4584";"3217";"25";"6";"3186";"775";"86";"1684";"76";"169";"39";"-";"-";"-";"-";"-";"-";"-";"-";"156";"-";"-";"-";"68";"-";"-";"118";"15";"-";"-";"-";"-";"-";"-";"-";"-";"4584";"3217";"25";"6";"3186";"775";"86";"1684";"76";"169";"39";"-";"-";"-";"-";"-";"-";"-";"-";"156";"-";"-";"-";"68";"-";"-";"118";"15";"-";"-";"-";"-";"-";"-"
"169006";"169006";"19";"2";"1";"5765";"2653";"30";"41";"2582";"703";"266";"957";"91";"194";"40";"-";"-";"-";"-";"-";"-";"-";"-";"76";"-";"-";"-";"40";"-";"-";"187";"28";"-";"-";"-";"-";"-";"-";"-";"-";"5765";"2653";"30";"41";"2582";"703";"266";"957";"91";"194";"40";"-";"-";"-";"-";"-";"-";"-";"-";"76";"-";"-";"-";"40";"-";"-";"187";"28";"-";"-";"-";"-";"-";"-"
"169007";"169007";"19";"2";"1";"5839";"3683";"41";"29";"3613";"1072";"123";"1626";"93";"165";"69";"-";"-";"-";"-";"-";"-";"-";"-";"160";"-";"-";"-";"78";"-";"-";"187";"40";"-";"-";"-";"-";"-";"-";"-";"-";"5839";"3683";"41";"29";"3613";"1072";"123";"1626";"93";"165";"69";"-";"-";"-";"-";"-";"-";"-";"-";"160";"-";"-";"-";"78";"-";"-";"187";"40";"-";"-";"-";"-";"-";"-"
"169008";"169008";"19";"2";"1";"4228";"2157";"27";"8";"2122";"635";"125";"814";"83";"118";"41";"-";"-";"-";"-";"-";"-";"-";"-";"90";"-";"-";"-";"45";"-";"-";"150";"21";"-";"-";"-";"-";"-";"-";"-";"-";"4228";"2157";"27";"8";"2122";"635";"125";"814";"83";"118";"41";"-";"-";"-";"-";"-";"-";"-";"-";"90";"-";"-";"-";"45";"-";"-";"150";"21";"-";"-";"-";"-";"-";"-"
"169009";"169009";"19";"2";"1";"2009";"1380";"14";"6";"1360";"472";"14";"552";"50";"45";"22";"-";"-";"-";"-";"-";"-";"-";"-";"60";"-";"-";"-";"60";"-";"-";"75";"10";"-";"-";"-";"-";"-";"-";"-";"-";"2009";"1380";"14";"6";"1360";"472";"14";"552";"50";"45";"22";"-";"-";"-";"-";"-";"-";"-";"-";"60";"-";"-";"-";"60";"-";"-";"75";"10";"-";"-";"-";"-";"-";"-"
"169010";"169010";"19";"2";"1";"6149";"3530";"41";"23";"3466";"872";"108";"1644";"86";"215";"65";"-";"-";"-";"-";"-";"-";"-";"-";"120";"-";"-";"-";"109";"-";"-";"214";"33";"-";"-";"-";"-";"-";"-";"-";"-";"6149";"3530";"41";"23";"3466";"872";"108";"1644";"86";"215";"65";"-";"-";"-";"-";"-";"-";"-";"-";"120";"-";"-";"-";"109";"-";"-";"214";"33";"-";"-";"-";"-";"-";"-"
"169012";"169012";"19";"2";"1";"4443";"2953";"30";"24";"2899";"727";"63";"1308";"86";"134";"77";"-";"-";"-";"-";"-";"-";"-";"-";"127";"-";"-";"-";"202";"-";"-";"154";"21";"-";"-";"-";"-";"-";"-";"-";"-";"4443";"2953";"30";"24";"2899";"727";"63";"1308";"86";"134";"77";"-";"-";"-";"-";"-";"-";"-";"-";"127";"-";"-";"-";"202";"-";"-";"154";"21";"-";"-";"-";"-";"-";"-"
"169013";"169013";"19";"2";"1";"733";"559";"10";"1";"548";"120";"14";"240";"18";"36";"18";"-";"-";"-";"-";"-";"-";"-";"-";"19";"-";"-";"-";"28";"-";"-";"52";"3";"-";"-";"-";"-";"-";"-";"-";"-";"733";"559";"10";"1";"548";"120";"14";"240";"18";"36";"18";"-";"-";"-";"-";"-";"-";"-";"-";"19";"-";"-";"-";"28";"-";"-";"52";"3";"-";"-";"-";"-";"-";"-"
"173001";"173001";"14";"2";"1";"6128";"3728";"55";"17";"3656";"438";"358";"1657";"117";"472";"86";"-";"16";"-";"-";"-";"-";"-";"-";"59";"-";"-";"-";"216";"-";"32";"183";"-";"-";"-";"22";"-";"-";"-";"-";"-";"6128";"3728";"55";"17";"3656";"438";"358";"1657";"117";"472";"86";"-";"16";"-";"-";"-";"-";"-";"-";"59";"-";"-";"-";"216";"-";"32";"183";"-";"-";"22";"-";"-";"-";"-"
"173002";"173002";"14";"2";"1";"5135";"3161";"39";"18";"3104";"664";"305";"1106";"120";"419";"50";"-";"12";"-";"-";"-";"-";"-";"-";"68";"-";"-";"-";"116";"-";"23";"209";"-";"-";"-";"12";"-";"-";"-";"-";"-";"5135";"3161";"39";"18";"3104";"664";"305";"1106";"120";"419";"50";"-";"12";"-";"-";"-";"-";"-";"-";"68";"-";"-";"-";"116";"-";"23";"209";"-";"-";"12";"-";"-";"-";"-"
"173003";"173003";"14";"2";"1";"5436";"3617";"62";"17";"3538";"410";"379";"1697";"91";"403";"88";"-";"16";"-";"-";"-";"-";"-";"-";"33";"-";"-";"-";"181";"-";"18";"210";"-";"-";"-";"12";"-";"-";"-";"-";"-";"5436";"3617";"62";"17";"3538";"410";"379";"1697";"91";"403";"88";"-";"16";"-";"-";"-";"-";"-";"-";"33";"-";"-";"-";"181";"-";"18";"210";"-";"-";"12";"-";"-";"-";"-"
"173004";"173004";"14";"2";"1";"5475";"3977";"44";"14";"3919";"475";"372";"1922";"105";"466";"87";"-";"8";"-";"-";"-";"-";"-";"-";"46";"-";"-";"-";"218";"-";"13";"178";"-";"-";"-";"29";"-";"-";"-";"-";"-";"5475";"3977";"44";"14";"3919";"475";"372";"1922";"105";"466";"87";"-";"8";"-";"-";"-";"-";"-";"-";"46";"-";"-";"-";"218";"-";"13";"178";"-";"-";"29";"-";"-";"-";"-"
"173005";"173005";"14";"2";"1";"1184";"956";"6";"1";"949";"60";"131";"552";"17";"88";"10";"-";"0";"-";"-";"-";"-";"-";"-";"4";"-";"-";"-";"31";"-";"1";"55";"-";"-";"-";"0";"-";"-";"-";"-";"-";"1184";"956";"6";"1";"949";"60";"131";"552";"17";"88";"10";"-";"0";"-";"-";"-";"-";"-";"-";"4";"-";"-";"-";"31";"-";"1";"55";"-";"-";"0";"-";"-";"-";"-"
"173006";"173006";"14";"2";"1";"5070";"4087";"21";"6";"4060";"297";"431";"2117";"97";"547";"81";"-";"11";"-";"-";"-";"-";"-";"-";"24";"-";"-";"-";"278";"-";"15";"155";"-";"-";"-";"7";"-";"-";"-";"-";"-";"5070";"4087";"21";"6";"4060";"297";"431";"2117";"97";"547";"81";"-";"11";"-";"-";"-";"-";"-";"-";"24";"-";"-";"-";"278";"-";"15";"155";"-";"-";"7";"-";"-";"-";"-"
"173007";"173007";"14";"2";"1";"3957";"3202";"27";"2";"3173";"357";"347";"1538";"67";"482";"44";"-";"13";"-";"-";"-";"-";"-";"-";"23";"-";"-";"-";"155";"-";"9";"137";"-";"-";"-";"1";"-";"-";"-";"-";"-";"3957";"3202";"27";"2";"3173";"357";"347";"1538";"67";"482";"44";"-";"13";"-";"-";"-";"-";"-";"-";"23";"-";"-";"-";"155";"-";"9";"137";"-";"-";"1";"-";"-";"-";"-"
"173008";"173008";"14";"2";"1";"4386";"3089";"55";"5";"3029";"402";"245";"1323";"90";"508";"54";"-";"15";"-";"-";"-";"-";"-";"-";"41";"-";"-";"-";"173";"-";"12";"156";"-";"-";"-";"10";"-";"-";"-";"-";"-";"4386";"3089";"55";"5";"3029";"402";"245";"1323";"90";"508";"54";"-";"15";"-";"-";"-";"-";"-";"-";"41";"-";"-";"-";"173";"-";"12";"156";"-";"-";"10";"-";"-";"-";"-"
"173009";"173009";"14";"2";"1";"2261";"1919";"11";"1";"1907";"236";"281";"763";"36";"378";"18";"-";"4";"-";"-";"-";"-";"-";"-";"13";"-";"-";"-";"92";"-";"3";"82";"-";"-";"-";"1";"-";"-";"-";"-";"-";"2261";"1919";"11";"1";"1907";"236";"281";"763";"36";"378";"18";"-";"4";"-";"-";"-";"-";"-";"-";"13";"-";"-";"-";"92";"-";"3";"82";"-";"-";"1";"-";"-";"-";"-"
"173010";"173010";"14";"2";"1";"5344";"3504";"34";"8";"3462";"527";"310";"1494";"113";"564";"37";"-";"10";"-";"-";"-";"-";"-";"-";"24";"-";"-";"-";"153";"-";"13";"209";"-";"-";"-";"8";"-";"-";"-";"-";"-";"5344";"3504";"34";"8";"3462";"527";"310";"1494";"113";"564";"37";"-";"10";"-";"-";"-";"-";"-";"-";"24";"-";"-";"-";"153";"-";"13";"209";"-";"-";"8";"-";"-";"-";"-"
"175001";"175001";"16";"2";"1";"3495";"2260";"36";"4";"2220";"866";"111";"489";"62";"220";"-";"-";"-";"36";"-";"-";"-";"-";"-";"73";"-";"-";"-";"155";"-";"-";"208";"-";"-";"-";"-";"-";"-";"-";"-";"-";"3495";"2260";"36";"4";"2220";"866";"111";"489";"62";"220";"-";"-";"-";"36";"-";"-";"-";"-";"-";"73";"-";"-";"-";"155";"-";"-";"208";"-";"-";"-";"-";"-";"-";"-"
"175002";"175002";"16";"2";"1";"4433";"2736";"39";"9";"2688";"1272";"64";"471";"99";"355";"-";"-";"-";"19";"-";"-";"-";"-";"-";"122";"-";"-";"-";"103";"-";"-";"183";"-";"-";"-";"-";"-";"-";"-";"-";"-";"4433";"2736";"39";"9";"2688";"1272";"64";"471";"99";"355";"-";"-";"-";"19";"-";"-";"-";"-";"-";"122";"-";"-";"-";"103";"-";"-";"183";"-";"-";"-";"-";"-";"-";"-"
"175003";"175003";"16";"2";"1";"6286";"4050";"45";"10";"3995";"1730";"145";"861";"149";"445";"-";"-";"-";"52";"-";"-";"-";"-";"-";"135";"-";"-";"-";"174";"-";"-";"304";"-";"-";"-";"-";"-";"-";"-";"-";"-";"6286";"4050";"45";"10";"3995";"1730";"145";"861";"149";"445";"-";"-";"-";"52";"-";"-";"-";"-";"-";"135";"-";"-";"-";"174";"-";"-";"304";"-";"-";"-";"-";"-";"-";"-"
"175004";"175004";"16";"2";"1";"4451";"2405";"51";"13";"2341";"1219";"58";"333";"91";"241";"-";"-";"-";"17";"-";"-";"-";"-";"-";"117";"-";"-";"-";"82";"-";"-";"183";"-";"-";"-";"-";"-";"-";"-";"-";"-";"4451";"2405";"51";"13";"2341";"1219";"58";"333";"91";"241";"-";"-";"-";"17";"-";"-";"-";"-";"-";"117";"-";"-";"-";"82";"-";"-";"183";"-";"-";"-";"-";"-";"-";"-"
"175005";"175005";"16";"2";"1";"6473";"3909";"69";"10";"3830";"1697";"159";"843";"108";"441";"-";"-";"-";"29";"-";"-";"-";"-";"-";"113";"-";"-";"-";"161";"-";"-";"279";"-";"-";"-";"-";"-";"-";"-";"-";"-";"6473";"3909";"69";"10";"3830";"1697";"159";"843";"108";"441";"-";"-";"-";"29";"-";"-";"-";"-";"-";"113";"-";"-";"-";"161";"-";"-";"279";"-";"-";"-";"-";"-";"-";"-"
"175006";"175006";"16";"2";"1";"5073";"2950";"44";"10";"2896";"1273";"103";"680";"90";"288";"-";"-";"-";"31";"-";"-";"-";"-";"-";"104";"-";"-";"-";"125";"-";"-";"202";"-";"-";"-";"-";"-";"-";"-";"-";"-";"5073";"2950";"44";"10";"2896";"1273";"103";"680";"90";"288";"-";"-";"-";"31";"-";"-";"-";"-";"-";"104";"-";"-";"-";"125";"-";"-";"202";"-";"-";"-";"-";"-";"-";"-"
"175007";"175007";"16";"2";"1";"1704";"795";"8";"1";"786";"482";"17";"55";"35";"47";"-";"-";"-";"6";"-";"-";"-";"-";"-";"39";"-";"-";"-";"13";"-";"-";"92";"-";"-";"-";"-";"-";"-";"-";"-";"-";"1704";"795";"8";"1";"786";"482";"17";"55";"35";"47";"-";"-";"-";"6";"-";"-";"-";"-";"-";"39";"-";"-";"-";"13";"-";"-";"92";"-";"-";"-";"-";"-";"-";"-"
"183001";"183001";"18";"2";"1";"1510";"1024";"9";"6";"1009";"276";"33";"114";"41";"56";"-";"-";"-";"-";"-";"-";"52";"-";"-";"57";"-";"89";"-";"250";"-";"-";"39";"-";"-";"-";"-";"-";"-";"-";"2";"-";"1510";"1024";"9";"6";"1009";"276";"33";"114";"41";"56";"-";"-";"-";"-";"-";"-";"52";"-";"-";"57";"-";"89";"-";"250";"-";"-";"39";"-";"-";"-";"-";"-";"-";"2"
"183002";"183002";"18";"2";"1";"3118";"2020";"31";"14";"1975";"805";"73";"139";"70";"129";"-";"-";"-";"-";"-";"-";"149";"-";"-";"67";"-";"259";"-";"204";"-";"-";"75";"-";"-";"-";"-";"-";"-";"-";"5";"-";"3118";"2020";"31";"14";"1975";"805";"73";"139";"70";"129";"-";"-";"-";"-";"-";"-";"149";"-";"-";"67";"-";"259";"-";"204";"-";"-";"75";"-";"-";"-";"-";"-";"-";"5"
"183003";"183003";"18";"2";"1";"4518";"2446";"26";"28";"2392";"928";"87";"120";"97";"173";"-";"-";"-";"-";"-";"-";"134";"-";"-";"107";"-";"439";"-";"209";"-";"-";"89";"-";"-";"-";"-";"-";"-";"-";"9";"-";"4518";"2446";"26";"28";"2392";"928";"87";"120";"97";"173";"-";"-";"-";"-";"-";"-";"134";"-";"-";"107";"-";"439";"-";"209";"-";"-";"89";"-";"-";"-";"-";"-";"-";"9"
"183004";"183004";"18";"2";"1";"4380";"2007";"21";"36";"1950";"863";"68";"56";"43";"208";"-";"-";"-";"-";"-";"-";"61";"-";"-";"60";"-";"458";"-";"67";"-";"-";"58";"-";"-";"-";"-";"-";"-";"-";"8";"-";"4380";"2007";"21";"36";"1950";"863";"68";"56";"43";"208";"-";"-";"-";"-";"-";"-";"61";"-";"-";"60";"-";"458";"-";"67";"-";"-";"58";"-";"-";"-";"-";"-";"-";"8"
"183005";"183005";"18";"2";"1";"4311";"2538";"21";"11";"2506";"841";"95";"188";"76";"159";"-";"-";"-";"-";"-";"-";"235";"-";"-";"105";"-";"363";"-";"325";"-";"-";"114";"-";"-";"-";"-";"-";"-";"-";"5";"-";"4311";"2538";"21";"11";"2506";"841";"95";"188";"76";"159";"-";"-";"-";"-";"-";"-";"235";"-";"-";"105";"-";"363";"-";"325";"-";"-";"114";"-";"-";"-";"-";"-";"-";"5"
"185001";"185001";"12";"1";"1";"4783";"3215";"48";"11";"3156";"1205";"90";"362";"153";"173";"27";"-";"-";"-";"-";"-";"-";"-";"-";"333";"-";"-";"-";"479";"-";"-";"160";"-";"-";"-";"-";"174";"-";"-";"-";"-";"4783";"3215";"48";"11";"3156";"1205";"90";"362";"153";"173";"27";"-";"-";"-";"-";"-";"-";"-";"-";"333";"-";"-";"-";"479";"-";"-";"160";"-";"-";"-";"174";"-";"-";"-"
"185002";"185002";"12";"1";"1";"5448";"3840";"59";"6";"3775";"1302";"148";"433";"147";"188";"36";"-";"-";"-";"-";"-";"-";"-";"-";"225";"-";"-";"-";"774";"-";"-";"306";"-";"-";"-";"-";"216";"-";"-";"-";"-";"5448";"3840";"59";"6";"3775";"1302";"148";"433";"147";"188";"36";"-";"-";"-";"-";"-";"-";"-";"-";"225";"-";"-";"-";"774";"-";"-";"306";"-";"-";"-";"216";"-";"-";"-"
"185003";"185003";"12";"1";"1";"5249";"3190";"36";"24";"3130";"1307";"132";"257";"131";"163";"19";"-";"-";"-";"-";"-";"-";"-";"-";"249";"-";"-";"-";"387";"-";"-";"270";"-";"-";"-";"-";"215";"-";"-";"-";"-";"5249";"3190";"36";"24";"3130";"1307";"132";"257";"131";"163";"19";"-";"-";"-";"-";"-";"-";"-";"-";"249";"-";"-";"-";"387";"-";"-";"270";"-";"-";"-";"215";"-";"-";"-"
"185004";"185004";"12";"1";"1";"4378";"2778";"34";"9";"2735";"1134";"128";"242";"133";"156";"20";"-";"-";"-";"-";"-";"-";"-";"-";"144";"-";"-";"-";"325";"-";"-";"277";"-";"-";"-";"-";"176";"-";"-";"-";"-";"4378";"2778";"34";"9";"2735";"1134";"128";"242";"133";"156";"20";"-";"-";"-";"-";"-";"-";"-";"-";"144";"-";"-";"-";"325";"-";"-";"277";"-";"-";"-";"176";"-";"-";"-"
"185005";"185005";"12";"1";"1";"3946";"2606";"29";"4";"2573";"936";"113";"249";"100";"124";"15";"-";"-";"-";"-";"-";"-";"-";"-";"149";"-";"-";"-";"481";"-";"-";"260";"-";"-";"-";"-";"146";"-";"-";"-";"-";"3946";"2606";"29";"4";"2573";"936";"113";"249";"100";"124";"15";"-";"-";"-";"-";"-";"-";"-";"-";"149";"-";"-";"-";"481";"-";"-";"260";"-";"-";"-";"146";"-";"-";"-"
"185006";"185006";"12";"1";"1";"8994";"5250";"78";"29";"5143";"2254";"165";"399";"279";"253";"54";"-";"-";"-";"-";"-";"-";"-";"-";"410";"-";"-";"-";"448";"-";"-";"518";"-";"-";"-";"-";"363";"-";"-";"-";"-";"8994";"5250";"78";"29";"5143";"2254";"165";"399";"279";"253";"54";"-";"-";"-";"-";"-";"-";"-";"-";"410";"-";"-";"-";"448";"-";"-";"518";"-";"-";"-";"363";"-";"-";"-"
"187001";"187001";"18";"2";"1";"4410";"2367";"30";"12";"2325";"472";"55";"1189";"66";"97";"-";"-";"-";"-";"-";"-";"-";"-";"-";"131";"-";"-";"-";"-";"-";"-";"141";"-";"-";"-";"-";"174";"-";"-";"-";"-";"4410";"2367";"30";"12";"2325";"472";"55";"1189";"66";"97";"-";"-";"-";"-";"-";"-";"-";"-";"-";"131";"-";"-";"-";"-";"-";"-";"141";"-";"-";"-";"174";"-";"-";"-"
"187002";"187002";"18";"2";"1";"3461";"2705";"16";"14";"2675";"560";"50";"1488";"59";"128";"-";"-";"-";"-";"-";"-";"-";"-";"-";"156";"-";"-";"-";"-";"-";"-";"105";"-";"-";"-";"-";"129";"-";"-";"-";"-";"3461";"2705";"16";"14";"2675";"560";"50";"1488";"59";"128";"-";"-";"-";"-";"-";"-";"-";"-";"-";"156";"-";"-";"-";"-";"-";"-";"105";"-";"-";"-";"129";"-";"-";"-"
"187003";"187003";"18";"2";"1";"4473";"3075";"31";"25";"3019";"637";"90";"1644";"77";"107";"-";"-";"-";"-";"-";"-";"-";"-";"-";"221";"-";"-";"-";"-";"-";"-";"129";"-";"-";"-";"-";"114";"-";"-";"-";"-";"4473";"3075";"31";"25";"3019";"637";"90";"1644";"77";"107";"-";"-";"-";"-";"-";"-";"-";"-";"-";"221";"-";"-";"-";"-";"-";"-";"129";"-";"-";"-";"114";"-";"-";"-"
"190001";"190001";"25";"3";"1";"7662";"5685";"41";"16";"5628";"2184";"568";"1468";"149";"230";"115";"-";"-";"-";"-";"-";"-";"-";"-";"79";"-";"-";"-";"482";"-";"-";"274";"56";"-";"-";"-";"-";"-";"-";"23";"-";"7662";"5685";"41";"16";"5628";"2184";"568";"1468";"149";"230";"115";"-";"-";"-";"-";"-";"-";"-";"-";"79";"-";"-";"-";"482";"-";"-";"274";"56";"-";"-";"-";"-";"-";"23"
"190002";"190002";"25";"3";"1";"2645";"2256";"10";"5";"2241";"779";"184";"623";"37";"97";"29";"-";"-";"-";"-";"-";"-";"-";"-";"10";"-";"-";"-";"323";"-";"-";"132";"26";"-";"-";"-";"-";"-";"-";"1";"-";"2645";"2256";"10";"5";"2241";"779";"184";"623";"37";"97";"29";"-";"-";"-";"-";"-";"-";"-";"-";"10";"-";"-";"-";"323";"-";"-";"132";"26";"-";"-";"-";"-";"-";"1"
"190003";"190003";"25";"3";"1";"3802";"3133";"13";"1";"3119";"1010";"353";"885";"73";"130";"76";"-";"-";"-";"-";"-";"-";"-";"-";"30";"-";"-";"-";"324";"-";"-";"170";"47";"-";"-";"-";"-";"-";"-";"21";"-";"3802";"3133";"13";"1";"3119";"1010";"353";"885";"73";"130";"76";"-";"-";"-";"-";"-";"-";"-";"-";"30";"-";"-";"-";"324";"-";"-";"170";"47";"-";"-";"-";"-";"-";"21"
"190004";"190004";"25";"3";"1";"1222";"1014";"11";"2";"1001";"365";"107";"154";"19";"158";"19";"-";"-";"-";"-";"-";"-";"-";"-";"10";"-";"-";"-";"73";"-";"-";"80";"15";"-";"-";"-";"-";"-";"-";"1";"-";"1222";"1014";"11";"2";"1001";"365";"107";"154";"19";"158";"19";"-";"-";"-";"-";"-";"-";"-";"-";"10";"-";"-";"-";"73";"-";"-";"80";"15";"-";"-";"-";"-";"-";"1"
"190005";"190005";"25";"3";"1";"4304";"3398";"23";"7";"3368";"1225";"292";"913";"63";"114";"87";"-";"-";"-";"-";"-";"-";"-";"-";"33";"-";"-";"-";"393";"-";"-";"204";"38";"-";"-";"-";"-";"-";"-";"6";"-";"4304";"3398";"23";"7";"3368";"1225";"292";"913";"63";"114";"87";"-";"-";"-";"-";"-";"-";"-";"-";"33";"-";"-";"-";"393";"-";"-";"204";"38";"-";"-";"-";"-";"-";"6"
"190006";"190006";"25";"3";"1";"6635";"5028";"37";"10";"4981";"1701";"460";"1131";"111";"249";"138";"-";"-";"-";"-";"-";"-";"-";"-";"63";"-";"-";"-";"620";"-";"-";"403";"92";"-";"-";"-";"-";"-";"-";"13";"-";"6635";"5028";"37";"10";"4981";"1701";"460";"1131";"111";"249";"138";"-";"-";"-";"-";"-";"-";"-";"-";"63";"-";"-";"-";"620";"-";"-";"403";"92";"-";"-";"-";"-";"-";"13"
"190007";"190007";"25";"3";"1";"4958";"2629";"45";"19";"2565";"1084";"166";"317";"83";"108";"35";"-";"-";"-";"-";"-";"-";"-";"-";"55";"-";"-";"-";"370";"-";"-";"243";"80";"-";"-";"-";"-";"-";"-";"24";"-";"4958";"2629";"45";"19";"2565";"1084";"166";"317";"83";"108";"35";"-";"-";"-";"-";"-";"-";"-";"-";"55";"-";"-";"-";"370";"-";"-";"243";"80";"-";"-";"-";"-";"-";"24"
"201001";"201001";"26";"3";"1";"2535";"2060";"16";"2";"2042";"219";"163";"538";"61";"292";"15";"-";"-";"-";"-";"-";"-";"-";"-";"14";"-";"-";"-";"566";"-";"-";"167";"-";"-";"-";"7";"-";"-";"-";"-";"-";"2535";"2060";"16";"2";"2042";"219";"163";"538";"61";"292";"15";"-";"-";"-";"-";"-";"-";"-";"-";"14";"-";"-";"-";"566";"-";"-";"167";"-";"-";"7";"-";"-";"-";"-"
"201002";"201002";"26";"3";"1";"4056";"2989";"28";"13";"2948";"558";"201";"882";"89";"366";"27";"-";"-";"-";"-";"-";"-";"-";"-";"32";"-";"-";"-";"525";"-";"-";"258";"-";"-";"-";"10";"-";"-";"-";"-";"-";"4056";"2989";"28";"13";"2948";"558";"201";"882";"89";"366";"27";"-";"-";"-";"-";"-";"-";"-";"-";"32";"-";"-";"-";"525";"-";"-";"258";"-";"-";"10";"-";"-";"-";"-"
"201003";"201003";"26";"3";"1";"4333";"3513";"39";"7";"3467";"603";"257";"1019";"80";"375";"29";"-";"-";"-";"-";"-";"-";"-";"-";"24";"-";"-";"-";"863";"-";"-";"211";"-";"-";"-";"6";"-";"-";"-";"-";"-";"4333";"3513";"39";"7";"3467";"603";"257";"1019";"80";"375";"29";"-";"-";"-";"-";"-";"-";"-";"-";"24";"-";"-";"-";"863";"-";"-";"211";"-";"-";"6";"-";"-";"-";"-"
"201004";"201004";"26";"3";"1";"4152";"3088";"48";"18";"3022";"516";"116";"847";"119";"188";"23";"-";"-";"-";"-";"-";"-";"-";"-";"22";"-";"-";"-";"960";"-";"-";"229";"-";"-";"-";"2";"-";"-";"-";"-";"-";"4152";"3088";"48";"18";"3022";"516";"116";"847";"119";"188";"23";"-";"-";"-";"-";"-";"-";"-";"-";"22";"-";"-";"-";"960";"-";"-";"229";"-";"-";"2";"-";"-";"-";"-"
"201005";"201005";"26";"3";"1";"4431";"3738";"29";"4";"3705";"532";"208";"1340";"96";"296";"42";"-";"-";"-";"-";"-";"-";"-";"-";"23";"-";"-";"-";"992";"-";"-";"169";"-";"-";"-";"7";"-";"-";"-";"-";"-";"4431";"3738";"29";"4";"3705";"532";"208";"1340";"96";"296";"42";"-";"-";"-";"-";"-";"-";"-";"-";"23";"-";"-";"-";"992";"-";"-";"169";"-";"-";"7";"-";"-";"-";"-"
"210001";"210001";"22";"3";"1";"5302";"3741";"60";"9";"3672";"964";"341";"951";"217";"219";"90";"-";"-";"19";"-";"-";"4";"-";"-";"125";"-";"-";"-";"634";"-";"-";"82";"26";"-";"-";"-";"-";"-";"-";"-";"-";"5302";"3741";"60";"9";"3672";"964";"341";"951";"217";"219";"90";"-";"-";"19";"-";"-";"4";"-";"-";"125";"-";"-";"-";"634";"-";"-";"82";"26";"-";"-";"-";"-";"-";"-"
"210002";"210002";"22";"3";"1";"3608";"2754";"27";"3";"2724";"527";"358";"788";"128";"179";"53";"-";"-";"8";"-";"-";"3";"-";"-";"33";"-";"-";"-";"565";"-";"-";"56";"26";"-";"-";"-";"-";"-";"-";"-";"-";"3608";"2754";"27";"3";"2724";"527";"358";"788";"128";"179";"53";"-";"-";"8";"-";"-";"3";"-";"-";"33";"-";"-";"-";"565";"-";"-";"56";"26";"-";"-";"-";"-";"-";"-"
"210003";"210003";"22";"3";"1";"3826";"2802";"32";"5";"2765";"630";"477";"614";"106";"199";"71";"-";"-";"7";"-";"-";"1";"-";"-";"41";"-";"-";"-";"465";"-";"-";"111";"43";"-";"-";"-";"-";"-";"-";"-";"-";"3826";"2802";"32";"5";"2765";"630";"477";"614";"106";"199";"71";"-";"-";"7";"-";"-";"1";"-";"-";"41";"-";"-";"-";"465";"-";"-";"111";"43";"-";"-";"-";"-";"-";"-"
"210004";"210004";"22";"3";"1";"3974";"2914";"25";"7";"2882";"852";"390";"456";"133";"285";"58";"-";"-";"8";"-";"-";"4";"-";"-";"58";"-";"-";"-";"475";"-";"-";"113";"50";"-";"-";"-";"-";"-";"-";"-";"-";"3974";"2914";"25";"7";"2882";"852";"390";"456";"133";"285";"58";"-";"-";"8";"-";"-";"4";"-";"-";"58";"-";"-";"-";"475";"-";"-";"113";"50";"-";"-";"-";"-";"-";"-"
"210005";"210005";"22";"3";"1";"7760";"5063";"50";"7";"5006";"1889";"534";"1088";"230";"248";"108";"-";"-";"20";"-";"-";"3";"-";"-";"139";"-";"-";"-";"595";"-";"-";"122";"30";"-";"-";"-";"-";"-";"-";"-";"-";"7760";"5063";"50";"7";"5006";"1889";"534";"1088";"230";"248";"108";"-";"-";"20";"-";"-";"3";"-";"-";"139";"-";"-";"-";"595";"-";"-";"122";"30";"-";"-";"-";"-";"-";"-"
"210007";"210007";"22";"3";"1";"3409";"2304";"25";"12";"2267";"751";"174";"407";"108";"237";"71";"-";"-";"11";"-";"-";"3";"-";"-";"66";"-";"-";"-";"347";"-";"-";"73";"19";"-";"-";"-";"-";"-";"-";"-";"-";"3409";"2304";"25";"12";"2267";"751";"174";"407";"108";"237";"71";"-";"-";"11";"-";"-";"3";"-";"-";"66";"-";"-";"-";"347";"-";"-";"73";"19";"-";"-";"-";"-";"-";"-"
"210008";"210008";"22";"3";"1";"983";"739";"6";"1";"732";"142";"67";"194";"51";"40";"26";"-";"-";"1";"-";"-";"0";"-";"-";"18";"-";"-";"-";"172";"-";"-";"16";"5";"-";"-";"-";"-";"-";"-";"-";"-";"983";"739";"6";"1";"732";"142";"67";"194";"51";"40";"26";"-";"-";"1";"-";"-";"0";"-";"-";"18";"-";"-";"-";"172";"-";"-";"16";"5";"-";"-";"-";"-";"-";"-"
"210009";"210009";"22";"3";"1";"3187";"2115";"22";"10";"2083";"774";"193";"362";"51";"287";"30";"-";"-";"13";"-";"-";"4";"-";"-";"52";"-";"-";"-";"239";"-";"-";"68";"10";"-";"-";"-";"-";"-";"-";"-";"-";"3187";"2115";"22";"10";"2083";"774";"193";"362";"51";"287";"30";"-";"-";"13";"-";"-";"4";"-";"-";"52";"-";"-";"-";"239";"-";"-";"68";"10";"-";"-";"-";"-";"-";"-"
"217001";"217001";"21";"3";"1";"8260";"5340";"59";"20";"5261";"1496";"324";"1645";"334";"315";"73";"16";"-";"-";"-";"1";"-";"-";"-";"259";"-";"-";"-";"205";"0";"-";"456";"137";"-";"-";"-";"-";"-";"-";"-";"-";"8260";"5340";"59";"20";"5261";"1496";"324";"1645";"334";"315";"73";"16";"-";"-";"-";"1";"-";"-";"-";"259";"-";"-";"-";"205";"0";"-";"456";"137";"-";"-";"-";"-";"-";"-"
"217002";"217002";"21";"3";"1";"8102";"4855";"74";"26";"4755";"1727";"196";"1171";"376";"242";"41";"8";"-";"-";"-";"1";"-";"-";"-";"326";"-";"-";"-";"169";"1";"-";"393";"104";"-";"-";"-";"-";"-";"-";"-";"-";"8102";"4855";"74";"26";"4755";"1727";"196";"1171";"376";"242";"41";"8";"-";"-";"-";"1";"-";"-";"-";"326";"-";"-";"-";"169";"1";"-";"393";"104";"-";"-";"-";"-";"-";"-"
"217003";"217003";"21";"3";"1";"6396";"3905";"53";"17";"3835";"1223";"213";"1074";"268";"204";"46";"16";"-";"-";"-";"1";"-";"-";"-";"217";"-";"-";"-";"162";"3";"-";"329";"79";"-";"-";"-";"-";"-";"-";"-";"-";"6396";"3905";"53";"17";"3835";"1223";"213";"1074";"268";"204";"46";"16";"-";"-";"-";"1";"-";"-";"-";"217";"-";"-";"-";"162";"3";"-";"329";"79";"-";"-";"-";"-";"-";"-"
"217004";"217004";"21";"3";"1";"4741";"3586";"46";"7";"3533";"833";"178";"1580";"198";"138";"45";"4";"-";"-";"-";"0";"-";"-";"-";"145";"-";"-";"-";"162";"1";"-";"186";"63";"-";"-";"-";"-";"-";"-";"-";"-";"4741";"3586";"46";"7";"3533";"833";"178";"1580";"198";"138";"45";"4";"-";"-";"-";"0";"-";"-";"-";"145";"-";"-";"-";"162";"1";"-";"186";"63";"-";"-";"-";"-";"-";"-"
"217005";"217005";"21";"3";"1";"4349";"3155";"28";"11";"3116";"683";"232";"1306";"182";"148";"32";"2";"-";"-";"-";"1";"-";"-";"-";"112";"-";"-";"-";"202";"1";"-";"136";"79";"-";"-";"-";"-";"-";"-";"-";"-";"4349";"3155";"28";"11";"3116";"683";"232";"1306";"182";"148";"32";"2";"-";"-";"-";"1";"-";"-";"-";"112";"-";"-";"-";"202";"1";"-";"136";"79";"-";"-";"-";"-";"-";"-"
"217006";"217006";"21";"3";"1";"1074";"795";"8";"1";"786";"157";"48";"302";"73";"30";"17";"0";"-";"-";"-";"4";"-";"-";"-";"32";"-";"-";"-";"52";"0";"-";"46";"25";"-";"-";"-";"-";"-";"-";"-";"-";"1074";"795";"8";"1";"786";"157";"48";"302";"73";"30";"17";"0";"-";"-";"-";"4";"-";"-";"-";"32";"-";"-";"-";"52";"0";"-";"46";"25";"-";"-";"-";"-";"-";"-"
"217007";"217007";"21";"3";"1";"1367";"964";"19";"6";"939";"138";"95";"396";"71";"22";"9";"0";"-";"-";"-";"0";"-";"-";"-";"38";"-";"-";"-";"121";"0";"-";"34";"15";"-";"-";"-";"-";"-";"-";"-";"-";"1367";"964";"19";"6";"939";"138";"95";"396";"71";"22";"9";"0";"-";"-";"-";"0";"-";"-";"-";"38";"-";"-";"-";"121";"0";"-";"34";"15";"-";"-";"-";"-";"-";"-"
"217008";"217008";"21";"3";"1";"896";"615";"8";"3";"604";"141";"43";"183";"50";"33";"17";"0";"-";"-";"-";"0";"-";"-";"-";"43";"-";"-";"-";"41";"1";"-";"33";"19";"-";"-";"-";"-";"-";"-";"-";"-";"896";"615";"8";"3";"604";"141";"43";"183";"50";"33";"17";"0";"-";"-";"-";"0";"-";"-";"-";"43";"-";"-";"-";"41";"1";"-";"33";"19";"-";"-";"-";"-";"-";"-"
"217009";"217009";"21";"3";"1";"3986";"2991";"31";"8";"2952";"706";"221";"1170";"170";"152";"40";"4";"-";"-";"-";"0";"-";"-";"-";"113";"-";"-";"-";"149";"1";"-";"173";"53";"-";"-";"-";"-";"-";"-";"-";"-";"3986";"2991";"31";"8";"2952";"706";"221";"1170";"170";"152";"40";"4";"-";"-";"-";"0";"-";"-";"-";"113";"-";"-";"-";"149";"1";"-";"173";"53";"-";"-";"-";"-";"-";"-"
"217010";"217010";"21";"3";"1";"3762";"2955";"37";"9";"2909";"541";"287";"1216";"130";"162";"36";"0";"-";"-";"-";"2";"-";"-";"-";"78";"-";"-";"-";"210";"2";"-";"166";"79";"-";"-";"-";"-";"-";"-";"-";"-";"3762";"2955";"37";"9";"2909";"541";"287";"1216";"130";"162";"36";"0";"-";"-";"-";"2";"-";"-";"-";"78";"-";"-";"-";"210";"2";"-";"166";"79";"-";"-";"-";"-";"-";"-"
"217011";"217011";"21";"3";"1";"5278";"3904";"44";"10";"3850";"911";"308";"1319";"213";"187";"42";"1";"-";"-";"-";"0";"-";"-";"-";"178";"-";"-";"-";"368";"1";"-";"220";"102";"-";"-";"-";"-";"-";"-";"-";"-";"5278";"3904";"44";"10";"3850";"911";"308";"1319";"213";"187";"42";"1";"-";"-";"-";"0";"-";"-";"-";"178";"-";"-";"-";"368";"1";"-";"220";"102";"-";"-";"-";"-";"-";"-"
"217012";"217012";"21";"3";"1";"2449";"1673";"28";"6";"1639";"347";"153";"513";"84";"103";"33";"9";"-";"-";"-";"0";"-";"-";"-";"61";"-";"-";"-";"64";"2";"-";"214";"56";"-";"-";"-";"-";"-";"-";"-";"-";"2449";"1673";"28";"6";"1639";"347";"153";"513";"84";"103";"33";"9";"-";"-";"-";"0";"-";"-";"-";"61";"-";"-";"-";"64";"2";"-";"214";"56";"-";"-";"-";"-";"-";"-"
"219001";"219001";"23";"3";"1";"8374";"5391";"85";"29";"5277";"1327";"340";"883";"206";"819";"101";"-";"-";"28";"-";"-";"-";"-";"-";"137";"-";"-";"-";"1006";"-";"-";"414";"-";"-";"-";"-";"-";"-";"-";"16";"-";"8374";"5391";"85";"29";"5277";"1327";"340";"883";"206";"819";"101";"-";"-";"28";"-";"-";"-";"-";"-";"137";"-";"-";"-";"1006";"-";"-";"414";"-";"-";"-";"-";"-";"-";"16"
"219002";"219002";"23";"3";"1";"5631";"3967";"63";"14";"3890";"1032";"279";"603";"166";"587";"52";"-";"-";"30";"-";"-";"-";"-";"-";"130";"-";"-";"-";"767";"-";"-";"233";"-";"-";"-";"-";"-";"-";"-";"11";"-";"5631";"3967";"63";"14";"3890";"1032";"279";"603";"166";"587";"52";"-";"-";"30";"-";"-";"-";"-";"-";"130";"-";"-";"-";"767";"-";"-";"233";"-";"-";"-";"-";"-";"-";"11"
"219003";"219003";"23";"3";"1";"683";"518";"11";"1";"506";"95";"33";"64";"37";"50";"9";"-";"-";"1";"-";"-";"-";"-";"-";"22";"-";"-";"-";"164";"-";"-";"31";"-";"-";"-";"-";"-";"-";"-";"0";"-";"683";"518";"11";"1";"506";"95";"33";"64";"37";"50";"9";"-";"-";"1";"-";"-";"-";"-";"-";"22";"-";"-";"-";"164";"-";"-";"31";"-";"-";"-";"-";"-";"-";"0"
"219004";"219004";"23";"3";"1";"1228";"1006";"5";"2";"999";"268";"71";"105";"31";"207";"14";"-";"-";"5";"-";"-";"-";"-";"-";"23";"-";"-";"-";"163";"-";"-";"111";"-";"-";"-";"-";"-";"-";"-";"1";"-";"1228";"1006";"5";"2";"999";"268";"71";"105";"31";"207";"14";"-";"-";"5";"-";"-";"-";"-";"-";"23";"-";"-";"-";"163";"-";"-";"111";"-";"-";"-";"-";"-";"-";"1"
"219005";"219005";"23";"3";"1";"1900";"1395";"15";"5";"1375";"234";"57";"235";"89";"242";"14";"-";"-";"7";"-";"-";"-";"-";"-";"71";"-";"-";"-";"369";"-";"-";"53";"-";"-";"-";"-";"-";"-";"-";"4";"-";"1900";"1395";"15";"5";"1375";"234";"57";"235";"89";"242";"14";"-";"-";"7";"-";"-";"-";"-";"-";"71";"-";"-";"-";"369";"-";"-";"53";"-";"-";"-";"-";"-";"-";"4"
"219006";"219006";"23";"3";"1";"4908";"3497";"43";"11";"3443";"875";"182";"592";"164";"437";"53";"-";"-";"20";"-";"-";"-";"-";"-";"113";"-";"-";"-";"789";"-";"-";"207";"-";"-";"-";"-";"-";"-";"-";"11";"-";"4908";"3497";"43";"11";"3443";"875";"182";"592";"164";"437";"53";"-";"-";"20";"-";"-";"-";"-";"-";"113";"-";"-";"-";"789";"-";"-";"207";"-";"-";"-";"-";"-";"-";"11"
"219007";"219007";"23";"3";"1";"1657";"1222";"11";"0";"1211";"251";"197";"212";"43";"126";"21";"-";"-";"10";"-";"-";"-";"-";"-";"24";"-";"-";"-";"254";"-";"-";"66";"-";"-";"-";"-";"-";"-";"-";"7";"-";"1657";"1222";"11";"0";"1211";"251";"197";"212";"43";"126";"21";"-";"-";"10";"-";"-";"-";"-";"-";"24";"-";"-";"-";"254";"-";"-";"66";"-";"-";"-";"-";"-";"-";"7"
"219008";"219008";"23";"3";"1";"874";"726";"6";"0";"720";"142";"97";"151";"29";"111";"14";"-";"-";"6";"-";"-";"-";"-";"-";"10";"-";"-";"-";"99";"-";"-";"59";"-";"-";"-";"-";"-";"-";"-";"2";"-";"874";"726";"6";"0";"720";"142";"97";"151";"29";"111";"14";"-";"-";"6";"-";"-";"-";"-";"-";"10";"-";"-";"-";"99";"-";"-";"59";"-";"-";"-";"-";"-";"-";"2"
"219009";"219009";"23";"3";"1";"3472";"2582";"41";"7";"2534";"631";"156";"462";"101";"386";"44";"-";"-";"19";"-";"-";"-";"-";"-";"77";"-";"-";"-";"464";"-";"-";"181";"-";"-";"-";"-";"-";"-";"-";"13";"-";"3472";"2582";"41";"7";"2534";"631";"156";"462";"101";"386";"44";"-";"-";"19";"-";"-";"-";"-";"-";"77";"-";"-";"-";"464";"-";"-";"181";"-";"-";"-";"-";"-";"-";"13"
"219010";"219010";"23";"3";"1";"5713";"3629";"50";"11";"3568";"995";"200";"534";"152";"482";"32";"-";"-";"31";"-";"-";"-";"-";"-";"169";"-";"-";"-";"653";"-";"-";"299";"-";"-";"-";"-";"-";"-";"-";"21";"-";"5713";"3629";"50";"11";"3568";"995";"200";"534";"152";"482";"32";"-";"-";"31";"-";"-";"-";"-";"-";"169";"-";"-";"-";"653";"-";"-";"299";"-";"-";"-";"-";"-";"-";"21"
"219011";"219011";"23";"3";"1";"1630";"1070";"19";"3";"1048";"227";"37";"141";"93";"78";"11";"-";"-";"4";"-";"-";"-";"-";"-";"50";"-";"-";"-";"360";"-";"-";"43";"-";"-";"-";"-";"-";"-";"-";"4";"-";"1630";"1070";"19";"3";"1048";"227";"37";"141";"93";"78";"11";"-";"-";"4";"-";"-";"-";"-";"-";"50";"-";"-";"-";"360";"-";"-";"43";"-";"-";"-";"-";"-";"-";"4"
"219012";"219012";"23";"3";"1";"3099";"2179";"38";"5";"2136";"449";"76";"362";"155";"170";"29";"-";"-";"9";"-";"-";"-";"-";"-";"119";"-";"-";"-";"678";"-";"-";"86";"-";"-";"-";"-";"-";"-";"-";"3";"-";"3099";"2179";"38";"5";"2136";"449";"76";"362";"155";"170";"29";"-";"-";"9";"-";"-";"-";"-";"-";"119";"-";"-";"-";"678";"-";"-";"86";"-";"-";"-";"-";"-";"-";"3"
"219013";"219013";"23";"3";"1";"1158";"839";"14";"1";"824";"183";"23";"98";"31";"45";"22";"-";"-";"2";"-";"-";"-";"-";"-";"260";"-";"-";"-";"110";"-";"-";"47";"-";"-";"-";"-";"-";"-";"-";"3";"-";"1158";"839";"14";"1";"824";"183";"23";"98";"31";"45";"22";"-";"-";"2";"-";"-";"-";"-";"-";"260";"-";"-";"-";"110";"-";"-";"47";"-";"-";"-";"-";"-";"-";"3"
"219014";"219014";"23";"3";"1";"1112";"797";"6";"1";"790";"272";"20";"61";"48";"49";"27";"-";"-";"2";"-";"-";"-";"-";"-";"32";"-";"-";"-";"242";"-";"-";"35";"-";"-";"-";"-";"-";"-";"-";"2";"-";"1112";"797";"6";"1";"790";"272";"20";"61";"48";"49";"27";"-";"-";"2";"-";"-";"-";"-";"-";"32";"-";"-";"-";"242";"-";"-";"35";"-";"-";"-";"-";"-";"-";"2"
"223001";"223001";"22";"3";"1";"5067";"3672";"32";"14";"3626";"468";"200";"1376";"77";"145";"107";"-";"-";"12";"-";"-";"-";"-";"-";"109";"-";"-";"-";"908";"-";"-";"-";"-";"-";"-";"224";"-";"-";"-";"-";"-";"5067";"3672";"32";"14";"3626";"468";"200";"1376";"77";"145";"107";"-";"-";"12";"-";"-";"-";"-";"-";"109";"-";"-";"-";"908";"-";"-";"-";"-";"-";"224";"-";"-";"-";"-"
"223002";"223002";"22";"3";"1";"5107";"3846";"22";"9";"3815";"532";"230";"1280";"97";"206";"99";"-";"-";"15";"-";"-";"-";"-";"-";"134";"-";"-";"-";"922";"-";"-";"-";"-";"-";"-";"300";"-";"-";"-";"-";"-";"5107";"3846";"22";"9";"3815";"532";"230";"1280";"97";"206";"99";"-";"-";"15";"-";"-";"-";"-";"-";"134";"-";"-";"-";"922";"-";"-";"-";"-";"-";"300";"-";"-";"-";"-"
"223003";"223003";"22";"3";"1";"3592";"2920";"12";"2";"2906";"154";"179";"1211";"100";"72";"152";"-";"-";"3";"-";"-";"-";"-";"-";"24";"-";"-";"-";"944";"-";"-";"-";"-";"-";"-";"67";"-";"-";"-";"-";"-";"3592";"2920";"12";"2";"2906";"154";"179";"1211";"100";"72";"152";"-";"-";"3";"-";"-";"-";"-";"-";"24";"-";"-";"-";"944";"-";"-";"-";"-";"-";"67";"-";"-";"-";"-"
"223004";"223004";"22";"3";"1";"333";"265";"2";"0";"263";"13";"23";"91";"17";"10";"4";"-";"-";"3";"-";"-";"-";"-";"-";"4";"-";"-";"-";"83";"-";"-";"-";"-";"-";"-";"15";"-";"-";"-";"-";"-";"333";"265";"2";"0";"263";"13";"23";"91";"17";"10";"4";"-";"-";"3";"-";"-";"-";"-";"-";"4";"-";"-";"-";"83";"-";"-";"-";"-";"-";"15";"-";"-";"-";"-"
"223005";"223005";"22";"3";"1";"5378";"3952";"34";"7";"3911";"471";"245";"1399";"122";"184";"99";"-";"-";"18";"-";"-";"-";"-";"-";"152";"-";"-";"-";"989";"-";"-";"-";"-";"-";"-";"232";"-";"-";"-";"-";"-";"5378";"3952";"34";"7";"3911";"471";"245";"1399";"122";"184";"99";"-";"-";"18";"-";"-";"-";"-";"-";"152";"-";"-";"-";"989";"-";"-";"-";"-";"-";"232";"-";"-";"-";"-"
"230001";"230001";"26";"3";"1";"5533";"4053";"20";"23";"4010";"611";"321";"939";"78";"167";"70";"-";"-";"-";"-";"-";"-";"-";"-";"62";"-";"715";"11";"774";"-";"-";"262";"-";"-";"-";"-";"-";"-";"-";"-";"-";"5533";"4053";"20";"23";"4010";"611";"321";"939";"78";"167";"70";"-";"-";"-";"-";"-";"-";"-";"-";"62";"-";"715";"11";"774";"-";"-";"262";"-";"-";"-";"-";"-";"-";"-"
"230003";"230003";"26";"3";"1";"5148";"4021";"15";"12";"3994";"331";"257";"1794";"85";"170";"121";"-";"-";"-";"-";"-";"-";"-";"-";"26";"-";"165";"4";"866";"-";"-";"175";"-";"-";"-";"-";"-";"-";"-";"-";"-";"5148";"4021";"15";"12";"3994";"331";"257";"1794";"85";"170";"121";"-";"-";"-";"-";"-";"-";"-";"-";"26";"-";"165";"4";"866";"-";"-";"175";"-";"-";"-";"-";"-";"-";"-"
"230004";"230004";"26";"3";"1";"4427";"2900";"39";"3";"2858";"538";"209";"790";"99";"171";"63";"-";"-";"-";"-";"-";"-";"-";"-";"40";"-";"162";"6";"606";"-";"-";"174";"-";"-";"-";"-";"-";"-";"-";"-";"-";"4427";"2900";"39";"3";"2858";"538";"209";"790";"99";"171";"63";"-";"-";"-";"-";"-";"-";"-";"-";"40";"-";"162";"6";"606";"-";"-";"174";"-";"-";"-";"-";"-";"-";"-"
"230005";"230005";"26";"3";"1";"5782";"4231";"27";"10";"4194";"427";"381";"1176";"105";"197";"114";"-";"-";"-";"-";"-";"-";"-";"-";"43";"-";"649";"12";"831";"-";"-";"259";"-";"-";"-";"-";"-";"-";"-";"-";"-";"5782";"4231";"27";"10";"4194";"427";"381";"1176";"105";"197";"114";"-";"-";"-";"-";"-";"-";"-";"-";"43";"-";"649";"12";"831";"-";"-";"259";"-";"-";"-";"-";"-";"-";"-"
"230006";"230006";"26";"3";"1";"2669";"2107";"12";"3";"2092";"186";"177";"868";"58";"88";"83";"-";"-";"-";"-";"-";"-";"-";"-";"7";"-";"108";"2";"430";"-";"-";"85";"-";"-";"-";"-";"-";"-";"-";"-";"-";"2669";"2107";"12";"3";"2092";"186";"177";"868";"58";"88";"83";"-";"-";"-";"-";"-";"-";"-";"-";"7";"-";"108";"2";"430";"-";"-";"85";"-";"-";"-";"-";"-";"-";"-"
"230007";"230007";"26";"3";"1";"6346";"4579";"40";"24";"4515";"524";"435";"1129";"120";"217";"94";"-";"-";"-";"-";"-";"-";"-";"-";"61";"-";"716";"26";"843";"-";"-";"350";"-";"-";"-";"-";"-";"-";"-";"-";"-";"6346";"4579";"40";"24";"4515";"524";"435";"1129";"120";"217";"94";"-";"-";"-";"-";"-";"-";"-";"-";"61";"-";"716";"26";"843";"-";"-";"350";"-";"-";"-";"-";"-";"-";"-"
"230008";"230008";"26";"3";"1";"4365";"3239";"23";"4";"3212";"409";"228";"1116";"96";"142";"103";"-";"-";"-";"-";"-";"-";"-";"-";"31";"-";"120";"6";"840";"-";"-";"121";"-";"-";"-";"-";"-";"-";"-";"-";"-";"4365";"3239";"23";"4";"3212";"409";"228";"1116";"96";"142";"103";"-";"-";"-";"-";"-";"-";"-";"-";"31";"-";"120";"6";"840";"-";"-";"121";"-";"-";"-";"-";"-";"-";"-"
"230009";"230009";"26";"3";"1";"3132";"2472";"32";"11";"2429";"145";"178";"1010";"53";"100";"88";"-";"-";"-";"-";"-";"-";"-";"-";"17";"-";"85";"8";"636";"-";"-";"109";"-";"-";"-";"-";"-";"-";"-";"-";"-";"3132";"2472";"32";"11";"2429";"145";"178";"1010";"53";"100";"88";"-";"-";"-";"-";"-";"-";"-";"-";"17";"-";"85";"8";"636";"-";"-";"109";"-";"-";"-";"-";"-";"-";"-"
"230010";"230010";"26";"3";"1";"6222";"4711";"34";"22";"4655";"299";"286";"1752";"162";"151";"147";"-";"-";"-";"-";"-";"-";"-";"-";"26";"-";"185";"4";"1502";"-";"-";"141";"-";"-";"-";"-";"-";"-";"-";"-";"-";"6222";"4711";"34";"22";"4655";"299";"286";"1752";"162";"151";"147";"-";"-";"-";"-";"-";"-";"-";"-";"26";"-";"185";"4";"1502";"-";"-";"141";"-";"-";"-";"-";"-";"-";"-"
"240001";"240001";"25";"3";"1";"906";"657";"3";"5";"649";"185";"15";"173";"24";"50";"14";"-";"-";"-";"-";"1";"-";"-";"-";"18";"-";"47";"-";"97";"-";"-";"25";"-";"-";"-";"-";"-";"-";"-";"-";"-";"906";"657";"3";"5";"649";"185";"15";"173";"24";"50";"14";"-";"-";"-";"-";"1";"-";"-";"-";"18";"-";"47";"-";"97";"-";"-";"25";"-";"-";"-";"-";"-";"-";"-"
"240002";"240002";"25";"3";"1";"8076";"6017";"67";"22";"5928";"1228";"218";"937";"162";"704";"65";"-";"-";"-";"-";"75";"-";"-";"-";"146";"-";"1139";"-";"986";"-";"-";"268";"-";"-";"-";"-";"-";"-";"-";"-";"-";"8076";"6017";"67";"22";"5928";"1228";"218";"937";"162";"704";"65";"-";"-";"-";"-";"75";"-";"-";"-";"146";"-";"1139";"-";"986";"-";"-";"268";"-";"-";"-";"-";"-";"-";"-"
"240003";"240003";"25";"3";"1";"5117";"3527";"51";"22";"3454";"906";"213";"394";"101";"171";"41";"-";"-";"-";"-";"57";"-";"-";"-";"115";"-";"565";"-";"749";"-";"-";"142";"-";"-";"-";"-";"-";"-";"-";"-";"-";"5117";"3527";"51";"22";"3454";"906";"213";"394";"101";"171";"41";"-";"-";"-";"-";"57";"-";"-";"-";"115";"-";"565";"-";"749";"-";"-";"142";"-";"-";"-";"-";"-";"-";"-"
"240004";"240004";"25";"3";"1";"1528";"1155";"13";"3";"1139";"256";"79";"106";"31";"115";"15";"-";"-";"-";"-";"7";"-";"-";"-";"20";"-";"104";"-";"326";"-";"-";"80";"-";"-";"-";"-";"-";"-";"-";"-";"-";"1528";"1155";"13";"3";"1139";"256";"79";"106";"31";"115";"15";"-";"-";"-";"-";"7";"-";"-";"-";"20";"-";"104";"-";"326";"-";"-";"80";"-";"-";"-";"-";"-";"-";"-"
"240005";"240005";"25";"3";"1";"2753";"2210";"13";"11";"2186";"386";"123";"102";"28";"110";"20";"-";"-";"-";"-";"11";"-";"-";"-";"21";"-";"1082";"-";"214";"-";"-";"89";"-";"-";"-";"-";"-";"-";"-";"-";"-";"2753";"2210";"13";"11";"2186";"386";"123";"102";"28";"110";"20";"-";"-";"-";"-";"11";"-";"-";"-";"21";"-";"1082";"-";"214";"-";"-";"89";"-";"-";"-";"-";"-";"-";"-"
"240006";"240006";"25";"3";"1";"1225";"951";"12";"3";"936";"173";"63";"89";"31";"72";"9";"-";"-";"-";"-";"10";"-";"-";"-";"26";"-";"220";"-";"133";"-";"-";"110";"-";"-";"-";"-";"-";"-";"-";"-";"-";"1225";"951";"12";"3";"936";"173";"63";"89";"31";"72";"9";"-";"-";"-";"-";"10";"-";"-";"-";"26";"-";"220";"-";"133";"-";"-";"110";"-";"-";"-";"-";"-";"-";"-"
"240007";"240007";"25";"3";"1";"5446";"3809";"51";"14";"3744";"836";"123";"504";"150";"262";"151";"-";"-";"-";"-";"318";"-";"-";"-";"155";"-";"483";"-";"624";"-";"-";"138";"-";"-";"-";"-";"-";"-";"-";"-";"-";"5446";"3809";"51";"14";"3744";"836";"123";"504";"150";"262";"151";"-";"-";"-";"-";"318";"-";"-";"-";"155";"-";"483";"-";"624";"-";"-";"138";"-";"-";"-";"-";"-";"-";"-"
"240008";"240008";"25";"3";"1";"4585";"3154";"36";"14";"3104";"799";"117";"392";"113";"205";"61";"-";"-";"-";"-";"79";"-";"-";"-";"168";"-";"342";"-";"736";"-";"-";"92";"-";"-";"-";"-";"-";"-";"-";"-";"-";"4585";"3154";"36";"14";"3104";"799";"117";"392";"113";"205";"61";"-";"-";"-";"-";"79";"-";"-";"-";"168";"-";"342";"-";"736";"-";"-";"92";"-";"-";"-";"-";"-";"-";"-"
"240009";"240009";"25";"3";"1";"4046";"2739";"36";"12";"2691";"712";"141";"322";"107";"178";"51";"-";"-";"-";"-";"79";"-";"-";"-";"106";"-";"294";"-";"599";"-";"-";"102";"-";"-";"-";"-";"-";"-";"-";"-";"-";"4046";"2739";"36";"12";"2691";"712";"141";"322";"107";"178";"51";"-";"-";"-";"-";"79";"-";"-";"-";"106";"-";"294";"-";"599";"-";"-";"102";"-";"-";"-";"-";"-";"-";"-"
"250001";"250001";"24";"3";"1";"6668";"4415";"78";"35";"4302";"1417";"150";"366";"189";"364";"-";"-";"-";"-";"284";"19";"-";"-";"-";"264";"-";"-";"-";"1048";"21";"-";"180";"-";"-";"-";"-";"-";"-";"-";"-";"-";"6668";"4415";"78";"35";"4302";"1417";"150";"366";"189";"364";"-";"-";"-";"-";"284";"19";"-";"-";"-";"264";"-";"-";"-";"1048";"21";"-";"180";"-";"-";"-";"-";"-";"-";"-"
"250002";"250002";"24";"3";"1";"4843";"3446";"36";"16";"3394";"1038";"147";"335";"172";"286";"-";"-";"-";"-";"249";"17";"-";"-";"-";"226";"-";"-";"-";"765";"14";"-";"145";"-";"-";"-";"-";"-";"-";"-";"-";"-";"4843";"3446";"36";"16";"3394";"1038";"147";"335";"172";"286";"-";"-";"-";"-";"249";"17";"-";"-";"-";"226";"-";"-";"-";"765";"14";"-";"145";"-";"-";"-";"-";"-";"-";"-"
"250003";"250003";"24";"3";"1";"5190";"3977";"57";"15";"3905";"1107";"203";"366";"175";"360";"-";"-";"-";"-";"255";"14";"-";"-";"-";"235";"-";"-";"-";"1043";"12";"-";"135";"-";"-";"-";"-";"-";"-";"-";"-";"-";"5190";"3977";"57";"15";"3905";"1107";"203";"366";"175";"360";"-";"-";"-";"-";"255";"14";"-";"-";"-";"235";"-";"-";"-";"1043";"12";"-";"135";"-";"-";"-";"-";"-";"-";"-"
"250004";"250004";"24";"3";"1";"6800";"4557";"69";"24";"4464";"1223";"88";"406";"242";"304";"-";"-";"-";"-";"531";"8";"-";"-";"-";"329";"-";"-";"-";"1025";"26";"-";"282";"-";"-";"-";"-";"-";"-";"-";"-";"-";"6800";"4557";"69";"24";"4464";"1223";"88";"406";"242";"304";"-";"-";"-";"-";"531";"8";"-";"-";"-";"329";"-";"-";"-";"1025";"26";"-";"282";"-";"-";"-";"-";"-";"-";"-"
"250005";"250005";"24";"3";"1";"6960";"4720";"89";"32";"4599";"1397";"113";"318";"236";"310";"-";"-";"-";"-";"511";"9";"-";"-";"-";"338";"-";"-";"-";"912";"139";"-";"316";"-";"-";"-";"-";"-";"-";"-";"-";"-";"6960";"4720";"89";"32";"4599";"1397";"113";"318";"236";"310";"-";"-";"-";"-";"511";"9";"-";"-";"-";"338";"-";"-";"-";"912";"139";"-";"316";"-";"-";"-";"-";"-";"-";"-"
"250006";"250006";"24";"3";"1";"6340";"4360";"72";"25";"4263";"1174";"144";"490";"235";"260";"-";"-";"-";"-";"121";"13";"-";"-";"-";"340";"-";"-";"-";"1359";"3";"-";"124";"-";"-";"-";"-";"-";"-";"-";"-";"-";"6340";"4360";"72";"25";"4263";"1174";"144";"490";"235";"260";"-";"-";"-";"-";"121";"13";"-";"-";"-";"340";"-";"-";"-";"1359";"3";"-";"124";"-";"-";"-";"-";"-";"-";"-"
"253001";"253001";"35";"5";"2";"4244";"2673";"27";"10";"2636";"913";"43";"360";"123";"84";"11";"-";"8";"11";"-";"-";"-";"-";"-";"192";"-";"-";"-";"680";"-";"-";"175";"-";"-";"-";"-";"-";"36";"-";"-";"-";"4244";"2673";"27";"10";"2636";"913";"43";"360";"123";"84";"11";"-";"8";"11";"-";"-";"-";"-";"-";"192";"-";"-";"-";"680";"-";"-";"175";"-";"-";"-";"-";"36";"-";"-"
"253002";"253002";"35";"5";"2";"17931";"10649";"99";"74";"10476";"3058";"256";"1242";"378";"391";"65";"-";"20";"42";"-";"-";"-";"-";"-";"648";"-";"-";"-";"3537";"-";"-";"679";"-";"-";"-";"-";"-";"160";"-";"-";"-";"17931";"10649";"99";"74";"10476";"3058";"256";"1242";"378";"391";"65";"-";"20";"42";"-";"-";"-";"-";"-";"648";"-";"-";"-";"3537";"-";"-";"679";"-";"-";"-";"-";"160";"-";"-"
"253003";"253003";"35";"5";"2";"4923";"3817";"33";"10";"3774";"866";"87";"541";"138";"133";"31";"-";"5";"4";"-";"-";"-";"-";"-";"215";"-";"-";"-";"1632";"-";"-";"87";"-";"-";"-";"-";"-";"35";"-";"-";"-";"4923";"3817";"33";"10";"3774";"866";"87";"541";"138";"133";"31";"-";"5";"4";"-";"-";"-";"-";"-";"215";"-";"-";"-";"1632";"-";"-";"87";"-";"-";"-";"-";"35";"-";"-"
"253004";"253004";"35";"5";"2";"7273";"4976";"37";"9";"4930";"1068";"100";"609";"189";"200";"62";"-";"8";"34";"-";"-";"-";"-";"-";"273";"-";"-";"-";"2231";"-";"-";"122";"-";"-";"-";"-";"-";"34";"-";"-";"-";"7273";"4976";"37";"9";"4930";"1068";"100";"609";"189";"200";"62";"-";"8";"34";"-";"-";"-";"-";"-";"273";"-";"-";"-";"2231";"-";"-";"122";"-";"-";"-";"-";"34";"-";"-"
"253005";"253005";"35";"5";"2";"4960";"3612";"24";"7";"3581";"1036";"53";"303";"146";"146";"20";"-";"6";"12";"-";"-";"-";"-";"-";"242";"-";"-";"-";"1495";"-";"-";"73";"-";"-";"-";"-";"-";"49";"-";"-";"-";"4960";"3612";"24";"7";"3581";"1036";"53";"303";"146";"146";"20";"-";"6";"12";"-";"-";"-";"-";"-";"242";"-";"-";"-";"1495";"-";"-";"73";"-";"-";"-";"-";"49";"-";"-"
"259001";"259001";"34";"5";"2";"4981";"3543";"36";"8";"3499";"1003";"177";"941";"94";"344";"48";"-";"-";"5";"-";"-";"-";"-";"-";"94";"-";"-";"-";"644";"-";"-";"133";"16";"-";"-";"-";"-";"-";"-";"-";"-";"4981";"3543";"36";"8";"3499";"1003";"177";"941";"94";"344";"48";"-";"-";"5";"-";"-";"-";"-";"-";"94";"-";"-";"-";"644";"-";"-";"133";"16";"-";"-";"-";"-";"-";"-"
"259002";"259002";"34";"5";"2";"4978";"3259";"52";"18";"3189";"1275";"155";"501";"99";"301";"15";"-";"-";"3";"-";"-";"-";"-";"-";"104";"-";"-";"-";"601";"-";"-";"116";"19";"-";"-";"-";"-";"-";"-";"-";"-";"4978";"3259";"52";"18";"3189";"1275";"155";"501";"99";"301";"15";"-";"-";"3";"-";"-";"-";"-";"-";"104";"-";"-";"-";"601";"-";"-";"116";"19";"-";"-";"-";"-";"-";"-"
"259003";"259003";"34";"5";"2";"803";"594";"5";"4";"585";"150";"31";"114";"17";"40";"7";"-";"-";"2";"-";"-";"-";"-";"-";"37";"-";"-";"-";"164";"-";"-";"22";"1";"-";"-";"-";"-";"-";"-";"-";"-";"803";"594";"5";"4";"585";"150";"31";"114";"17";"40";"7";"-";"-";"2";"-";"-";"-";"-";"-";"37";"-";"-";"-";"164";"-";"-";"22";"1";"-";"-";"-";"-";"-";"-"
"259004";"259004";"34";"5";"2";"1713";"1179";"17";"9";"1153";"372";"54";"185";"72";"111";"15";"-";"-";"6";"-";"-";"-";"-";"-";"59";"-";"-";"-";"225";"-";"-";"43";"11";"-";"-";"-";"-";"-";"-";"-";"-";"1713";"1179";"17";"9";"1153";"372";"54";"185";"72";"111";"15";"-";"-";"6";"-";"-";"-";"-";"-";"59";"-";"-";"-";"225";"-";"-";"43";"11";"-";"-";"-";"-";"-";"-"
"259005";"259005";"34";"5";"2";"4599";"2930";"31";"7";"2892";"1143";"242";"380";"98";"225";"33";"-";"-";"6";"-";"-";"-";"-";"-";"120";"-";"-";"-";"532";"-";"-";"101";"12";"-";"-";"-";"-";"-";"-";"-";"-";"4599";"2930";"31";"7";"2892";"1143";"242";"380";"98";"225";"33";"-";"-";"6";"-";"-";"-";"-";"-";"120";"-";"-";"-";"532";"-";"-";"101";"12";"-";"-";"-";"-";"-";"-"
"259006";"259006";"34";"5";"2";"3470";"2329";"27";"15";"2287";"750";"164";"392";"94";"207";"21";"-";"-";"1";"-";"-";"-";"-";"-";"101";"-";"-";"-";"486";"-";"-";"55";"16";"-";"-";"-";"-";"-";"-";"-";"-";"3470";"2329";"27";"15";"2287";"750";"164";"392";"94";"207";"21";"-";"-";"1";"-";"-";"-";"-";"-";"101";"-";"-";"-";"486";"-";"-";"55";"16";"-";"-";"-";"-";"-";"-"
"259007";"259007";"34";"5";"2";"2725";"1833";"29";"1";"1803";"468";"92";"319";"77";"226";"15";"-";"-";"7";"-";"-";"-";"-";"-";"60";"-";"-";"-";"344";"-";"-";"188";"7";"-";"-";"-";"-";"-";"-";"-";"-";"2725";"1833";"29";"1";"1803";"468";"92";"319";"77";"226";"15";"-";"-";"7";"-";"-";"-";"-";"-";"60";"-";"-";"-";"344";"-";"-";"188";"7";"-";"-";"-";"-";"-";"-"
"259008";"259008";"34";"5";"2";"1083";"760";"12";"2";"746";"202";"31";"141";"44";"64";"8";"-";"-";"0";"-";"-";"-";"-";"-";"49";"-";"-";"-";"169";"-";"-";"33";"5";"-";"-";"-";"-";"-";"-";"-";"-";"1083";"760";"12";"2";"746";"202";"31";"141";"44";"64";"8";"-";"-";"0";"-";"-";"-";"-";"-";"49";"-";"-";"-";"169";"-";"-";"33";"5";"-";"-";"-";"-";"-";"-"
"259009";"259009";"34";"5";"2";"4681";"3238";"57";"15";"3166";"1267";"129";"557";"85";"338";"24";"-";"-";"10";"-";"-";"-";"-";"-";"114";"-";"-";"-";"504";"-";"-";"108";"30";"-";"-";"-";"-";"-";"-";"-";"-";"4681";"3238";"57";"15";"3166";"1267";"129";"557";"85";"338";"24";"-";"-";"10";"-";"-";"-";"-";"-";"114";"-";"-";"-";"504";"-";"-";"108";"30";"-";"-";"-";"-";"-";"-"
"259010";"259010";"34";"5";"2";"4019";"2942";"30";"13";"2899";"952";"182";"665";"91";"239";"26";"-";"-";"7";"-";"-";"-";"-";"-";"84";"-";"-";"-";"531";"-";"-";"101";"21";"-";"-";"-";"-";"-";"-";"-";"-";"4019";"2942";"30";"13";"2899";"952";"182";"665";"91";"239";"26";"-";"-";"7";"-";"-";"-";"-";"-";"84";"-";"-";"-";"531";"-";"-";"101";"21";"-";"-";"-";"-";"-";"-"
"259011";"259011";"34";"5";"2";"2731";"1805";"17";"6";"1782";"540";"87";"243";"68";"244";"10";"-";"-";"1";"-";"-";"-";"-";"-";"76";"-";"-";"-";"282";"-";"-";"219";"12";"-";"-";"-";"-";"-";"-";"-";"-";"2731";"1805";"17";"6";"1782";"540";"87";"243";"68";"244";"10";"-";"-";"1";"-";"-";"-";"-";"-";"76";"-";"-";"-";"282";"-";"-";"219";"12";"-";"-";"-";"-";"-";"-"
"259012";"259012";"34";"5";"2";"4924";"3217";"64";"13";"3140";"895";"315";"441";"148";"242";"70";"-";"-";"14";"-";"-";"-";"-";"-";"144";"-";"-";"-";"700";"-";"-";"156";"15";"-";"-";"-";"-";"-";"-";"-";"-";"4924";"3217";"64";"13";"3140";"895";"315";"441";"148";"242";"70";"-";"-";"14";"-";"-";"-";"-";"-";"144";"-";"-";"-";"700";"-";"-";"156";"15";"-";"-";"-";"-";"-";"-"
"259013";"259013";"34";"5";"2";"2961";"2124";"26";"0";"2098";"560";"77";"253";"116";"123";"24";"-";"-";"1";"-";"-";"-";"-";"-";"79";"-";"-";"-";"778";"-";"-";"73";"14";"-";"-";"-";"-";"-";"-";"-";"-";"2961";"2124";"26";"0";"2098";"560";"77";"253";"116";"123";"24";"-";"-";"1";"-";"-";"-";"-";"-";"79";"-";"-";"-";"778";"-";"-";"73";"14";"-";"-";"-";"-";"-";"-"
"259014";"259014";"34";"5";"2";"1049";"690";"13";"1";"676";"158";"12";"77";"40";"37";"6";"-";"-";"3";"-";"-";"-";"-";"-";"32";"-";"-";"-";"290";"-";"-";"16";"5";"-";"-";"-";"-";"-";"-";"-";"-";"1049";"690";"13";"1";"676";"158";"12";"77";"40";"37";"6";"-";"-";"3";"-";"-";"-";"-";"-";"32";"-";"-";"-";"290";"-";"-";"16";"5";"-";"-";"-";"-";"-";"-"
"259015";"259015";"34";"5";"2";"2837";"1967";"28";"10";"1929";"449";"46";"185";"98";"97";"24";"-";"-";"10";"-";"-";"-";"-";"-";"69";"-";"-";"-";"904";"-";"-";"40";"7";"-";"-";"-";"-";"-";"-";"-";"-";"2837";"1967";"28";"10";"1929";"449";"46";"185";"98";"97";"24";"-";"-";"10";"-";"-";"-";"-";"-";"69";"-";"-";"-";"904";"-";"-";"40";"7";"-";"-";"-";"-";"-";"-"
"259016";"259016";"34";"5";"2";"1285";"1008";"11";"2";"995";"245";"47";"114";"64";"71";"10";"-";"-";"2";"-";"-";"-";"-";"-";"40";"-";"-";"-";"378";"-";"-";"22";"2";"-";"-";"-";"-";"-";"-";"-";"-";"1285";"1008";"11";"2";"995";"245";"47";"114";"64";"71";"10";"-";"-";"2";"-";"-";"-";"-";"-";"40";"-";"-";"-";"378";"-";"-";"22";"2";"-";"-";"-";"-";"-";"-"
"260001";"260001";"24";"3";"1";"7946";"5626";"57";"15";"5554";"2334";"92";"304";"184";"684";"-";"-";"-";"-";"-";"-";"43";"-";"-";"188";"-";"-";"-";"1175";"-";"-";"423";"127";"-";"-";"-";"-";"-";"-";"-";"-";"7946";"5626";"57";"15";"5554";"2334";"92";"304";"184";"684";"-";"-";"-";"-";"-";"-";"43";"-";"-";"188";"-";"-";"-";"1175";"-";"-";"423";"127";"-";"-";"-";"-";"-";"-"
"260002";"260002";"24";"3";"1";"3349";"2384";"22";"8";"2354";"1148";"45";"173";"74";"196";"-";"-";"-";"-";"-";"-";"9";"-";"-";"98";"-";"-";"-";"474";"-";"-";"108";"29";"-";"-";"-";"-";"-";"-";"-";"-";"3349";"2384";"22";"8";"2354";"1148";"45";"173";"74";"196";"-";"-";"-";"-";"-";"-";"9";"-";"-";"98";"-";"-";"-";"474";"-";"-";"108";"29";"-";"-";"-";"-";"-";"-"
"260003";"260003";"24";"3";"1";"3309";"2149";"15";"7";"2127";"1087";"38";"121";"66";"150";"-";"-";"-";"-";"-";"-";"4";"-";"-";"62";"-";"-";"-";"509";"-";"-";"70";"20";"-";"-";"-";"-";"-";"-";"-";"-";"3309";"2149";"15";"7";"2127";"1087";"38";"121";"66";"150";"-";"-";"-";"-";"-";"-";"4";"-";"-";"62";"-";"-";"-";"509";"-";"-";"70";"20";"-";"-";"-";"-";"-";"-"
"260004";"260004";"24";"3";"1";"8536";"5026";"62";"19";"4945";"2440";"75";"317";"195";"417";"-";"-";"-";"-";"-";"-";"16";"-";"-";"174";"-";"-";"-";"1017";"-";"-";"230";"64";"-";"-";"-";"-";"-";"-";"-";"-";"8536";"5026";"62";"19";"4945";"2440";"75";"317";"195";"417";"-";"-";"-";"-";"-";"-";"16";"-";"-";"174";"-";"-";"-";"1017";"-";"-";"230";"64";"-";"-";"-";"-";"-";"-"
"260005";"260005";"24";"3";"1";"2627";"1792";"18";"4";"1770";"792";"43";"134";"90";"93";"-";"-";"-";"-";"-";"-";"8";"-";"-";"92";"-";"-";"-";"448";"-";"-";"54";"16";"-";"-";"-";"-";"-";"-";"-";"-";"2627";"1792";"18";"4";"1770";"792";"43";"134";"90";"93";"-";"-";"-";"-";"-";"-";"8";"-";"-";"92";"-";"-";"-";"448";"-";"-";"54";"16";"-";"-";"-";"-";"-";"-"
"265001";"265001";"36";"5";"2";"4587";"3202";"54";"14";"3134";"829";"245";"523";"65";"325";"193";"-";"9";"12";"-";"-";"11";"-";"-";"132";"-";"-";"-";"344";"-";"-";"437";"9";"-";"-";"-";"-";"-";"-";"-";"-";"4587";"3202";"54";"14";"3134";"829";"245";"523";"65";"325";"193";"-";"9";"12";"-";"-";"11";"-";"-";"132";"-";"-";"-";"344";"-";"-";"437";"9";"-";"-";"-";"-";"-";"-"
"265002";"265002";"36";"5";"2";"4666";"3676";"47";"10";"3619";"1009";"290";"642";"63";"354";"204";"-";"14";"9";"-";"-";"10";"-";"-";"175";"-";"-";"-";"472";"-";"-";"366";"11";"-";"-";"-";"-";"-";"-";"-";"-";"4666";"3676";"47";"10";"3619";"1009";"290";"642";"63";"354";"204";"-";"14";"9";"-";"-";"10";"-";"-";"175";"-";"-";"-";"472";"-";"-";"366";"11";"-";"-";"-";"-";"-";"-"
"265003";"265003";"36";"5";"2";"6457";"4534";"57";"10";"4467";"1406";"385";"510";"106";"610";"164";"-";"17";"17";"-";"-";"9";"-";"-";"249";"-";"-";"-";"429";"-";"-";"550";"15";"-";"-";"-";"-";"-";"-";"-";"-";"6457";"4534";"57";"10";"4467";"1406";"385";"510";"106";"610";"164";"-";"17";"17";"-";"-";"9";"-";"-";"249";"-";"-";"-";"429";"-";"-";"550";"15";"-";"-";"-";"-";"-";"-"
"265004";"265004";"36";"5";"2";"4049";"2632";"35";"14";"2583";"863";"203";"274";"55";"308";"115";"-";"17";"18";"-";"-";"4";"-";"-";"189";"-";"-";"-";"232";"-";"-";"283";"22";"-";"-";"-";"-";"-";"-";"-";"-";"4049";"2632";"35";"14";"2583";"863";"203";"274";"55";"308";"115";"-";"17";"18";"-";"-";"4";"-";"-";"189";"-";"-";"-";"232";"-";"-";"283";"22";"-";"-";"-";"-";"-";"-"
"265005";"265005";"36";"5";"2";"6631";"3951";"58";"8";"3885";"1315";"358";"453";"108";"353";"185";"-";"32";"18";"-";"-";"10";"-";"-";"264";"-";"-";"-";"352";"-";"-";"424";"13";"-";"-";"-";"-";"-";"-";"-";"-";"6631";"3951";"58";"8";"3885";"1315";"358";"453";"108";"353";"185";"-";"32";"18";"-";"-";"10";"-";"-";"264";"-";"-";"-";"352";"-";"-";"424";"13";"-";"-";"-";"-";"-";"-"
"265006";"265006";"36";"5";"2";"6023";"4560";"46";"13";"4501";"1122";"372";"800";"94";"397";"310";"-";"16";"10";"-";"-";"9";"-";"-";"171";"-";"-";"-";"773";"-";"-";"407";"20";"-";"-";"-";"-";"-";"-";"-";"-";"6023";"4560";"46";"13";"4501";"1122";"372";"800";"94";"397";"310";"-";"16";"10";"-";"-";"9";"-";"-";"171";"-";"-";"-";"773";"-";"-";"407";"20";"-";"-";"-";"-";"-";"-"
"265007";"265007";"36";"5";"2";"3420";"2666";"21";"17";"2628";"684";"164";"369";"51";"241";"60";"-";"3";"10";"-";"-";"15";"-";"-";"277";"-";"-";"-";"601";"-";"-";"143";"10";"-";"-";"-";"-";"-";"-";"-";"-";"3420";"2666";"21";"17";"2628";"684";"164";"369";"51";"241";"60";"-";"3";"10";"-";"-";"15";"-";"-";"277";"-";"-";"-";"601";"-";"-";"143";"10";"-";"-";"-";"-";"-";"-"
"265008";"265008";"36";"5";"2";"2271";"1808";"15";"3";"1790";"391";"93";"258";"63";"157";"136";"-";"4";"12";"-";"-";"2";"-";"-";"287";"-";"-";"-";"287";"-";"-";"96";"4";"-";"-";"-";"-";"-";"-";"-";"-";"2271";"1808";"15";"3";"1790";"391";"93";"258";"63";"157";"136";"-";"4";"12";"-";"-";"2";"-";"-";"287";"-";"-";"-";"287";"-";"-";"96";"4";"-";"-";"-";"-";"-";"-"
"265009";"265009";"36";"5";"2";"944";"653";"5";"1";"647";"139";"32";"76";"28";"80";"22";"-";"3";"1";"-";"-";"4";"-";"-";"52";"-";"-";"-";"124";"-";"-";"78";"8";"-";"-";"-";"-";"-";"-";"-";"-";"944";"653";"5";"1";"647";"139";"32";"76";"28";"80";"22";"-";"3";"1";"-";"-";"4";"-";"-";"52";"-";"-";"-";"124";"-";"-";"78";"8";"-";"-";"-";"-";"-";"-"
"265010";"265010";"36";"5";"2";"5938";"3289";"57";"17";"3215";"1193";"216";"327";"93";"341";"129";"-";"19";"15";"-";"-";"13";"-";"-";"230";"-";"-";"-";"287";"-";"-";"329";"23";"-";"-";"-";"-";"-";"-";"-";"-";"5938";"3289";"57";"17";"3215";"1193";"216";"327";"93";"341";"129";"-";"19";"15";"-";"-";"13";"-";"-";"230";"-";"-";"-";"287";"-";"-";"329";"23";"-";"-";"-";"-";"-";"-"
"265011";"265011";"36";"5";"2";"2863";"2017";"16";"12";"1989";"423";"119";"219";"96";"138";"50";"-";"12";"2";"-";"-";"6";"-";"-";"116";"-";"-";"-";"663";"-";"-";"131";"14";"-";"-";"-";"-";"-";"-";"-";"-";"2863";"2017";"16";"12";"1989";"423";"119";"219";"96";"138";"50";"-";"12";"2";"-";"-";"6";"-";"-";"116";"-";"-";"-";"663";"-";"-";"131";"14";"-";"-";"-";"-";"-";"-"
"265013";"265013";"36";"5";"2";"5267";"3742";"33";"4";"3705";"929";"124";"1247";"155";"251";"123";"-";"9";"7";"-";"-";"3";"-";"-";"174";"-";"-";"-";"551";"-";"-";"120";"12";"-";"-";"-";"-";"-";"-";"-";"-";"5267";"3742";"33";"4";"3705";"929";"124";"1247";"155";"251";"123";"-";"9";"7";"-";"-";"3";"-";"-";"174";"-";"-";"-";"551";"-";"-";"120";"12";"-";"-";"-";"-";"-";"-"
"265014";"265014";"36";"5";"2";"2334";"1725";"27";"6";"1692";"470";"59";"215";"82";"108";"50";"-";"2";"4";"-";"-";"1";"-";"-";"142";"-";"-";"-";"482";"-";"-";"73";"4";"-";"-";"-";"-";"-";"-";"-";"-";"2334";"1725";"27";"6";"1692";"470";"59";"215";"82";"108";"50";"-";"2";"4";"-";"-";"1";"-";"-";"142";"-";"-";"-";"482";"-";"-";"73";"4";"-";"-";"-";"-";"-";"-"
"265015";"265015";"36";"5";"2";"2807";"2104";"21";"4";"2079";"521";"66";"638";"74";"143";"71";"-";"2";"2";"-";"-";"6";"-";"-";"115";"-";"-";"-";"366";"-";"-";"72";"3";"-";"-";"-";"-";"-";"-";"-";"-";"2807";"2104";"21";"4";"2079";"521";"66";"638";"74";"143";"71";"-";"2";"2";"-";"-";"6";"-";"-";"115";"-";"-";"-";"366";"-";"-";"72";"3";"-";"-";"-";"-";"-";"-"
"265016";"265016";"36";"5";"2";"1803";"1316";"18";"7";"1291";"411";"56";"184";"53";"118";"36";"-";"4";"3";"-";"-";"8";"-";"-";"96";"-";"-";"-";"262";"-";"-";"56";"4";"-";"-";"-";"-";"-";"-";"-";"-";"1803";"1316";"18";"7";"1291";"411";"56";"184";"53";"118";"36";"-";"4";"3";"-";"-";"8";"-";"-";"96";"-";"-";"-";"262";"-";"-";"56";"4";"-";"-";"-";"-";"-";"-"
"265017";"265017";"36";"5";"2";"3591";"2633";"40";"6";"2587";"707";"98";"256";"84";"209";"97";"-";"10";"19";"-";"-";"14";"-";"-";"182";"-";"-";"-";"770";"-";"-";"133";"8";"-";"-";"-";"-";"-";"-";"-";"-";"3591";"2633";"40";"6";"2587";"707";"98";"256";"84";"209";"97";"-";"10";"19";"-";"-";"14";"-";"-";"182";"-";"-";"-";"770";"-";"-";"133";"8";"-";"-";"-";"-";"-";"-"
"265018";"265018";"36";"5";"2";"929";"586";"13";"0";"573";"138";"26";"100";"48";"46";"10";"-";"0";"6";"-";"-";"3";"-";"-";"55";"-";"-";"-";"110";"-";"-";"29";"2";"-";"-";"-";"-";"-";"-";"-";"-";"929";"586";"13";"0";"573";"138";"26";"100";"48";"46";"10";"-";"0";"6";"-";"-";"3";"-";"-";"55";"-";"-";"-";"110";"-";"-";"29";"2";"-";"-";"-";"-";"-";"-"
"265020";"265020";"36";"5";"2";"1253";"979";"9";"1";"969";"206";"46";"106";"42";"91";"56";"-";"10";"7";"-";"-";"3";"-";"-";"63";"-";"-";"-";"283";"-";"-";"52";"4";"-";"-";"-";"-";"-";"-";"-";"-";"1253";"979";"9";"1";"969";"206";"46";"106";"42";"91";"56";"-";"10";"7";"-";"-";"3";"-";"-";"63";"-";"-";"-";"283";"-";"-";"52";"4";"-";"-";"-";"-";"-";"-"
"265021";"265021";"36";"5";"2";"4445";"3104";"38";"6";"3060";"815";"361";"366";"51";"331";"121";"-";"21";"7";"-";"-";"2";"-";"-";"70";"-";"-";"-";"345";"-";"-";"545";"25";"-";"-";"-";"-";"-";"-";"-";"-";"4445";"3104";"38";"6";"3060";"815";"361";"366";"51";"331";"121";"-";"21";"7";"-";"-";"2";"-";"-";"70";"-";"-";"-";"345";"-";"-";"545";"25";"-";"-";"-";"-";"-";"-"
"269001";"269001";"35";"5";"2";"3732";"2619";"29";"7";"2583";"428";"15";"192";"92";"119";"227";"-";"-";"-";"-";"133";"-";"-";"-";"159";"-";"791";"-";"374";"-";"-";"53";"-";"-";"-";"-";"-";"-";"-";"-";"-";"3732";"2619";"29";"7";"2583";"428";"15";"192";"92";"119";"227";"-";"-";"-";"-";"133";"-";"-";"-";"159";"-";"791";"-";"374";"-";"-";"53";"-";"-";"-";"-";"-";"-";"-"
"269004";"269004";"35";"5";"2";"6484";"4726";"34";"17";"4675";"775";"58";"627";"158";"177";"752";"-";"-";"-";"-";"757";"-";"-";"-";"192";"-";"17";"-";"1066";"-";"-";"96";"-";"-";"-";"-";"-";"-";"-";"-";"-";"6484";"4726";"34";"17";"4675";"775";"58";"627";"158";"177";"752";"-";"-";"-";"-";"757";"-";"-";"-";"192";"-";"17";"-";"1066";"-";"-";"96";"-";"-";"-";"-";"-";"-";"-"
"269005";"269005";"35";"5";"2";"7748";"5832";"35";"6";"5791";"984";"56";"654";"199";"193";"965";"-";"-";"-";"-";"1194";"-";"-";"-";"253";"-";"23";"-";"1113";"-";"-";"157";"-";"-";"-";"-";"-";"-";"-";"-";"-";"7748";"5832";"35";"6";"5791";"984";"56";"654";"199";"193";"965";"-";"-";"-";"-";"1194";"-";"-";"-";"253";"-";"23";"-";"1113";"-";"-";"157";"-";"-";"-";"-";"-";"-";"-"
"270001";"270001";"23";"3";"1";"3781";"2471";"49";"10";"2412";"299";"59";"498";"180";"188";"-";"-";"-";"-";"-";"-";"4";"-";"16";"150";"-";"-";"-";"552";"-";"343";"110";"13";"-";"-";"-";"-";"-";"-";"-";"-";"3781";"2471";"49";"10";"2412";"299";"59";"498";"180";"188";"-";"-";"-";"-";"-";"-";"4";"-";"16";"150";"-";"-";"-";"552";"-";"343";"110";"13";"-";"-";"-";"-";"-";"-"
"270002";"270002";"23";"3";"1";"2633";"1729";"21";"1";"1707";"220";"70";"337";"125";"179";"-";"-";"-";"-";"-";"-";"5";"-";"15";"67";"-";"-";"-";"285";"-";"217";"122";"65";"-";"-";"-";"-";"-";"-";"-";"-";"2633";"1729";"21";"1";"1707";"220";"70";"337";"125";"179";"-";"-";"-";"-";"-";"-";"5";"-";"15";"67";"-";"-";"-";"285";"-";"217";"122";"65";"-";"-";"-";"-";"-";"-"
"270003";"270003";"23";"3";"1";"455";"335";"1";"0";"334";"27";"12";"59";"23";"38";"-";"-";"-";"-";"-";"-";"2";"-";"2";"8";"-";"-";"-";"92";"-";"47";"20";"4";"-";"-";"-";"-";"-";"-";"-";"-";"455";"335";"1";"0";"334";"27";"12";"59";"23";"38";"-";"-";"-";"-";"-";"-";"2";"-";"2";"8";"-";"-";"-";"92";"-";"47";"20";"4";"-";"-";"-";"-";"-";"-"
"270004";"270004";"23";"3";"1";"3948";"2638";"55";"5";"2578";"332";"97";"490";"205";"208";"-";"-";"-";"-";"-";"-";"5";"-";"25";"130";"-";"-";"-";"630";"-";"311";"134";"11";"-";"-";"-";"-";"-";"-";"-";"-";"3948";"2638";"55";"5";"2578";"332";"97";"490";"205";"208";"-";"-";"-";"-";"-";"-";"5";"-";"25";"130";"-";"-";"-";"630";"-";"311";"134";"11";"-";"-";"-";"-";"-";"-"
"270005";"270005";"23";"3";"1";"1819";"1372";"18";"6";"1348";"141";"40";"303";"90";"89";"-";"-";"-";"-";"-";"-";"4";"-";"3";"48";"-";"-";"-";"222";"-";"354";"46";"8";"-";"-";"-";"-";"-";"-";"-";"-";"1819";"1372";"18";"6";"1348";"141";"40";"303";"90";"89";"-";"-";"-";"-";"-";"-";"4";"-";"3";"48";"-";"-";"-";"222";"-";"354";"46";"8";"-";"-";"-";"-";"-";"-"
"270006";"270006";"23";"3";"1";"5774";"4190";"51";"13";"4126";"433";"214";"1443";"220";"280";"-";"-";"-";"-";"-";"-";"11";"-";"79";"152";"-";"-";"-";"643";"-";"380";"251";"20";"-";"-";"-";"-";"-";"-";"-";"-";"5774";"4190";"51";"13";"4126";"433";"214";"1443";"220";"280";"-";"-";"-";"-";"-";"-";"11";"-";"79";"152";"-";"-";"-";"643";"-";"380";"251";"20";"-";"-";"-";"-";"-";"-"
"270007";"270007";"23";"3";"1";"1262";"854";"5";"1";"848";"92";"41";"179";"65";"61";"-";"-";"-";"-";"-";"-";"3";"-";"12";"30";"-";"-";"-";"172";"-";"119";"65";"9";"-";"-";"-";"-";"-";"-";"-";"-";"1262";"854";"5";"1";"848";"92";"41";"179";"65";"61";"-";"-";"-";"-";"-";"-";"3";"-";"12";"30";"-";"-";"-";"172";"-";"119";"65";"9";"-";"-";"-";"-";"-";"-"
"270008";"270008";"23";"3";"1";"6730";"4487";"85";"19";"4383";"626";"106";"911";"230";"349";"-";"-";"-";"-";"-";"-";"2";"-";"19";"217";"-";"-";"-";"812";"-";"922";"176";"13";"-";"-";"-";"-";"-";"-";"-";"-";"6730";"4487";"85";"19";"4383";"626";"106";"911";"230";"349";"-";"-";"-";"-";"-";"-";"2";"-";"19";"217";"-";"-";"-";"812";"-";"922";"176";"13";"-";"-";"-";"-";"-";"-"
"270009";"270009";"23";"3";"1";"854";"596";"13";"2";"581";"47";"35";"110";"35";"42";"-";"-";"-";"-";"-";"-";"2";"-";"1";"39";"-";"-";"-";"130";"-";"98";"37";"5";"-";"-";"-";"-";"-";"-";"-";"-";"854";"596";"13";"2";"581";"47";"35";"110";"35";"42";"-";"-";"-";"-";"-";"-";"2";"-";"1";"39";"-";"-";"-";"130";"-";"98";"37";"5";"-";"-";"-";"-";"-";"-"
"270010";"270010";"23";"3";"1";"2416";"1782";"19";"7";"1756";"165";"46";"370";"129";"136";"-";"-";"-";"-";"-";"-";"6";"-";"3";"66";"-";"-";"-";"486";"-";"279";"65";"5";"-";"-";"-";"-";"-";"-";"-";"-";"2416";"1782";"19";"7";"1756";"165";"46";"370";"129";"136";"-";"-";"-";"-";"-";"-";"6";"-";"3";"66";"-";"-";"-";"486";"-";"279";"65";"5";"-";"-";"-";"-";"-";"-"
"270011";"270011";"23";"3";"1";"2349";"1661";"19";"8";"1634";"224";"39";"310";"123";"151";"-";"-";"-";"-";"-";"-";"6";"-";"6";"85";"-";"-";"-";"247";"-";"335";"105";"3";"-";"-";"-";"-";"-";"-";"-";"-";"2349";"1661";"19";"8";"1634";"224";"39";"310";"123";"151";"-";"-";"-";"-";"-";"-";"6";"-";"6";"85";"-";"-";"-";"247";"-";"335";"105";"3";"-";"-";"-";"-";"-";"-"
"270012";"270012";"23";"3";"1";"1595";"1225";"18";"0";"1207";"153";"38";"210";"44";"180";"-";"-";"-";"-";"-";"-";"4";"-";"6";"31";"-";"-";"-";"129";"-";"309";"94";"9";"-";"-";"-";"-";"-";"-";"-";"-";"1595";"1225";"18";"0";"1207";"153";"38";"210";"44";"180";"-";"-";"-";"-";"-";"-";"4";"-";"6";"31";"-";"-";"-";"129";"-";"309";"94";"9";"-";"-";"-";"-";"-";"-"
"306001";"306001";"38";"5";"2";"3480";"2399";"32";"5";"2362";"990";"133";"115";"107";"111";"6";"-";"6";"-";"238";"-";"-";"-";"-";"164";"-";"-";"-";"387";"-";"-";"99";"-";"-";"-";"-";"-";"-";"-";"6";"-";"3480";"2399";"32";"5";"2362";"990";"133";"115";"107";"111";"6";"-";"6";"-";"238";"-";"-";"-";"-";"164";"-";"-";"-";"387";"-";"-";"99";"-";"-";"-";"-";"-";"-";"6"
"306002";"306002";"38";"5";"2";"3136";"2081";"15";"10";"2056";"770";"74";"91";"127";"102";"8";"-";"5";"-";"298";"-";"-";"-";"-";"191";"-";"-";"-";"293";"-";"-";"92";"-";"-";"-";"-";"-";"-";"-";"5";"-";"3136";"2081";"15";"10";"2056";"770";"74";"91";"127";"102";"8";"-";"5";"-";"298";"-";"-";"-";"-";"191";"-";"-";"-";"293";"-";"-";"92";"-";"-";"-";"-";"-";"-";"5"
"306003";"306003";"38";"5";"2";"2121";"1340";"19";"8";"1313";"498";"57";"56";"89";"67";"7";"-";"5";"-";"170";"-";"-";"-";"-";"101";"-";"-";"-";"199";"-";"-";"56";"-";"-";"-";"-";"-";"-";"-";"8";"-";"2121";"1340";"19";"8";"1313";"498";"57";"56";"89";"67";"7";"-";"5";"-";"170";"-";"-";"-";"-";"101";"-";"-";"-";"199";"-";"-";"56";"-";"-";"-";"-";"-";"-";"8"
"306004";"306004";"38";"5";"2";"2733";"1775";"29";"9";"1737";"590";"68";"135";"119";"85";"5";"-";"3";"-";"193";"-";"-";"-";"-";"181";"-";"-";"-";"272";"-";"-";"80";"-";"-";"-";"-";"-";"-";"-";"6";"-";"2733";"1775";"29";"9";"1737";"590";"68";"135";"119";"85";"5";"-";"3";"-";"193";"-";"-";"-";"-";"181";"-";"-";"-";"272";"-";"-";"80";"-";"-";"-";"-";"-";"-";"6"
"306005";"306005";"38";"5";"2";"1111";"761";"10";"4";"747";"247";"33";"30";"25";"25";"1";"-";"2";"-";"242";"-";"-";"-";"-";"41";"-";"-";"-";"58";"-";"-";"40";"-";"-";"-";"-";"-";"-";"-";"3";"-";"1111";"761";"10";"4";"747";"247";"33";"30";"25";"25";"1";"-";"2";"-";"242";"-";"-";"-";"-";"41";"-";"-";"-";"58";"-";"-";"40";"-";"-";"-";"-";"-";"-";"3"
"306006";"306006";"38";"5";"2";"2740";"1881";"24";"11";"1846";"444";"194";"149";"126";"83";"16";"-";"11";"-";"230";"-";"-";"-";"-";"197";"-";"-";"-";"310";"-";"-";"80";"-";"-";"-";"-";"-";"-";"-";"6";"-";"2740";"1881";"24";"11";"1846";"444";"194";"149";"126";"83";"16";"-";"11";"-";"230";"-";"-";"-";"-";"197";"-";"-";"-";"310";"-";"-";"80";"-";"-";"-";"-";"-";"-";"6"
"306007";"306007";"38";"5";"2";"5159";"3618";"42";"26";"3550";"1588";"174";"147";"210";"249";"9";"-";"22";"-";"472";"-";"-";"-";"-";"192";"-";"-";"-";"329";"-";"-";"141";"-";"-";"-";"-";"-";"-";"-";"17";"-";"5159";"3618";"42";"26";"3550";"1588";"174";"147";"210";"249";"9";"-";"22";"-";"472";"-";"-";"-";"-";"192";"-";"-";"-";"329";"-";"-";"141";"-";"-";"-";"-";"-";"-";"17"
"306008";"306008";"38";"5";"2";"1373";"1041";"18";"6";"1017";"349";"52";"74";"31";"90";"3";"-";"8";"-";"145";"-";"-";"-";"-";"38";"-";"-";"-";"154";"-";"-";"73";"-";"-";"-";"-";"-";"-";"-";"0";"-";"1373";"1041";"18";"6";"1017";"349";"52";"74";"31";"90";"3";"-";"8";"-";"145";"-";"-";"-";"-";"38";"-";"-";"-";"154";"-";"-";"73";"-";"-";"-";"-";"-";"-";"0"
"306010";"306010";"38";"5";"2";"1242";"872";"9";"3";"860";"237";"55";"32";"61";"72";"6";"-";"9";"-";"71";"-";"-";"-";"-";"49";"-";"-";"-";"152";"-";"-";"108";"-";"-";"-";"-";"-";"-";"-";"8";"-";"1242";"872";"9";"3";"860";"237";"55";"32";"61";"72";"6";"-";"9";"-";"71";"-";"-";"-";"-";"49";"-";"-";"-";"152";"-";"-";"108";"-";"-";"-";"-";"-";"-";"8"
"306011";"306011";"38";"5";"2";"3157";"2023";"30";"9";"1984";"694";"239";"100";"92";"98";"9";"-";"36";"-";"186";"-";"-";"-";"-";"139";"-";"-";"-";"280";"-";"-";"97";"-";"-";"-";"-";"-";"-";"-";"14";"-";"3157";"2023";"30";"9";"1984";"694";"239";"100";"92";"98";"9";"-";"36";"-";"186";"-";"-";"-";"-";"139";"-";"-";"-";"280";"-";"-";"97";"-";"-";"-";"-";"-";"-";"14"
"306012";"306012";"38";"5";"2";"598";"420";"5";"2";"413";"150";"43";"17";"20";"28";"3";"-";"2";"-";"43";"-";"-";"-";"-";"17";"-";"-";"-";"55";"-";"-";"31";"-";"-";"-";"-";"-";"-";"-";"4";"-";"598";"420";"5";"2";"413";"150";"43";"17";"20";"28";"3";"-";"2";"-";"43";"-";"-";"-";"-";"17";"-";"-";"-";"55";"-";"-";"31";"-";"-";"-";"-";"-";"-";"4"
"306013";"306013";"38";"5";"2";"881";"577";"12";"4";"561";"186";"41";"35";"28";"23";"5";"-";"4";"-";"60";"-";"-";"-";"-";"50";"-";"-";"-";"81";"-";"-";"46";"-";"-";"-";"-";"-";"-";"-";"2";"-";"881";"577";"12";"4";"561";"186";"41";"35";"28";"23";"5";"-";"4";"-";"60";"-";"-";"-";"-";"50";"-";"-";"-";"81";"-";"-";"46";"-";"-";"-";"-";"-";"-";"2"
"316001";"316001";"37";"5";"2";"8618";"6263";"34";"15";"6214";"3593";"530";"404";"146";"213";"79";"-";"-";"-";"-";"-";"-";"-";"-";"175";"-";"-";"-";"844";"-";"-";"230";"-";"-";"-";"-";"-";"-";"-";"-";"-";"8618";"6263";"34";"15";"6214";"3593";"530";"404";"146";"213";"79";"-";"-";"-";"-";"-";"-";"-";"-";"175";"-";"-";"-";"844";"-";"-";"230";"-";"-";"-";"-";"-";"-";"-"
"316002";"316002";"37";"5";"2";"8155";"5308";"48";"44";"5216";"3397";"246";"274";"126";"135";"54";"-";"-";"-";"-";"-";"-";"-";"-";"157";"-";"-";"-";"605";"-";"-";"222";"-";"-";"-";"-";"-";"-";"-";"-";"-";"8155";"5308";"48";"44";"5216";"3397";"246";"274";"126";"135";"54";"-";"-";"-";"-";"-";"-";"-";"-";"157";"-";"-";"-";"605";"-";"-";"222";"-";"-";"-";"-";"-";"-";"-"
"316003";"316003";"37";"5";"2";"5538";"3924";"25";"50";"3849";"2453";"150";"258";"98";"136";"42";"-";"-";"-";"-";"-";"-";"-";"-";"80";"-";"-";"-";"458";"-";"-";"174";"-";"-";"-";"-";"-";"-";"-";"-";"-";"5538";"3924";"25";"50";"3849";"2453";"150";"258";"98";"136";"42";"-";"-";"-";"-";"-";"-";"-";"-";"80";"-";"-";"-";"458";"-";"-";"174";"-";"-";"-";"-";"-";"-";"-"
"316004";"316004";"37";"5";"2";"3305";"2546";"20";"4";"2522";"1518";"74";"134";"79";"70";"33";"-";"-";"-";"-";"-";"-";"-";"-";"83";"-";"-";"-";"458";"-";"-";"73";"-";"-";"-";"-";"-";"-";"-";"-";"-";"3305";"2546";"20";"4";"2522";"1518";"74";"134";"79";"70";"33";"-";"-";"-";"-";"-";"-";"-";"-";"83";"-";"-";"-";"458";"-";"-";"73";"-";"-";"-";"-";"-";"-";"-"
"316005";"316005";"37";"5";"2";"3635";"2750";"22";"10";"2718";"1703";"100";"177";"72";"61";"38";"-";"-";"-";"-";"-";"-";"-";"-";"75";"-";"-";"-";"423";"-";"-";"69";"-";"-";"-";"-";"-";"-";"-";"-";"-";"3635";"2750";"22";"10";"2718";"1703";"100";"177";"72";"61";"38";"-";"-";"-";"-";"-";"-";"-";"-";"75";"-";"-";"-";"423";"-";"-";"69";"-";"-";"-";"-";"-";"-";"-"
"316006";"316006";"37";"5";"2";"1967";"1434";"10";"5";"1419";"854";"41";"65";"50";"35";"33";"-";"-";"-";"-";"-";"-";"-";"-";"65";"-";"-";"-";"215";"-";"-";"61";"-";"-";"-";"-";"-";"-";"-";"-";"-";"1967";"1434";"10";"5";"1419";"854";"41";"65";"50";"35";"33";"-";"-";"-";"-";"-";"-";"-";"-";"65";"-";"-";"-";"215";"-";"-";"61";"-";"-";"-";"-";"-";"-";"-"
"316007";"316007";"37";"5";"2";"3946";"2965";"32";"16";"2917";"1759";"98";"136";"106";"97";"52";"-";"-";"-";"-";"-";"-";"-";"-";"152";"-";"-";"-";"377";"-";"-";"140";"-";"-";"-";"-";"-";"-";"-";"-";"-";"3946";"2965";"32";"16";"2917";"1759";"98";"136";"106";"97";"52";"-";"-";"-";"-";"-";"-";"-";"-";"152";"-";"-";"-";"377";"-";"-";"140";"-";"-";"-";"-";"-";"-";"-"
"316008";"316008";"37";"5";"2";"2765";"1846";"18";"2";"1826";"922";"111";"91";"82";"53";"18";"-";"-";"-";"-";"-";"-";"-";"-";"142";"-";"-";"-";"262";"-";"-";"145";"-";"-";"-";"-";"-";"-";"-";"-";"-";"2765";"1846";"18";"2";"1826";"922";"111";"91";"82";"53";"18";"-";"-";"-";"-";"-";"-";"-";"-";"142";"-";"-";"-";"262";"-";"-";"145";"-";"-";"-";"-";"-";"-";"-"
"316009";"316009";"37";"5";"2";"3237";"2317";"26";"9";"2282";"975";"100";"128";"76";"78";"27";"-";"-";"-";"-";"-";"-";"-";"-";"67";"-";"-";"-";"717";"-";"-";"114";"-";"-";"-";"-";"-";"-";"-";"-";"-";"3237";"2317";"26";"9";"2282";"975";"100";"128";"76";"78";"27";"-";"-";"-";"-";"-";"-";"-";"-";"67";"-";"-";"-";"717";"-";"-";"114";"-";"-";"-";"-";"-";"-";"-"
"316010";"316010";"37";"5";"2";"2614";"1729";"17";"10";"1702";"889";"70";"122";"69";"45";"19";"-";"-";"-";"-";"-";"-";"-";"-";"115";"-";"-";"-";"301";"-";"-";"72";"-";"-";"-";"-";"-";"-";"-";"-";"-";"2614";"1729";"17";"10";"1702";"889";"70";"122";"69";"45";"19";"-";"-";"-";"-";"-";"-";"-";"-";"115";"-";"-";"-";"301";"-";"-";"72";"-";"-";"-";"-";"-";"-";"-"
"316011";"316011";"37";"5";"2";"4069";"2722";"21";"7";"2694";"1550";"46";"231";"68";"61";"20";"-";"-";"-";"-";"-";"-";"-";"-";"267";"-";"-";"-";"349";"-";"-";"102";"-";"-";"-";"-";"-";"-";"-";"-";"-";"4069";"2722";"21";"7";"2694";"1550";"46";"231";"68";"61";"20";"-";"-";"-";"-";"-";"-";"-";"-";"267";"-";"-";"-";"349";"-";"-";"102";"-";"-";"-";"-";"-";"-";"-"
"316012";"316012";"37";"5";"2";"3347";"2206";"23";"5";"2178";"1244";"100";"101";"90";"36";"35";"-";"-";"-";"-";"-";"-";"-";"-";"142";"-";"-";"-";"339";"-";"-";"91";"-";"-";"-";"-";"-";"-";"-";"-";"-";"3347";"2206";"23";"5";"2178";"1244";"100";"101";"90";"36";"35";"-";"-";"-";"-";"-";"-";"-";"-";"142";"-";"-";"-";"339";"-";"-";"91";"-";"-";"-";"-";"-";"-";"-"
"316013";"316013";"37";"5";"2";"2937";"1948";"20";"8";"1920";"1292";"29";"53";"57";"32";"24";"-";"-";"-";"-";"-";"-";"-";"-";"105";"-";"-";"-";"281";"-";"-";"47";"-";"-";"-";"-";"-";"-";"-";"-";"-";"2937";"1948";"20";"8";"1920";"1292";"29";"53";"57";"32";"24";"-";"-";"-";"-";"-";"-";"-";"-";"105";"-";"-";"-";"281";"-";"-";"47";"-";"-";"-";"-";"-";"-";"-"
"316014";"316014";"37";"5";"2";"2773";"1921";"19";"3";"1899";"1037";"35";"74";"76";"33";"41";"-";"-";"-";"-";"-";"-";"-";"-";"77";"-";"-";"-";"468";"-";"-";"58";"-";"-";"-";"-";"-";"-";"-";"-";"-";"2773";"1921";"19";"3";"1899";"1037";"35";"74";"76";"33";"41";"-";"-";"-";"-";"-";"-";"-";"-";"77";"-";"-";"-";"468";"-";"-";"58";"-";"-";"-";"-";"-";"-";"-"
"316015";"316015";"37";"5";"2";"837";"632";"4";"0";"628";"400";"9";"26";"26";"35";"5";"-";"-";"-";"-";"-";"-";"-";"-";"32";"-";"-";"-";"42";"-";"-";"53";"-";"-";"-";"-";"-";"-";"-";"-";"-";"837";"632";"4";"0";"628";"400";"9";"26";"26";"35";"5";"-";"-";"-";"-";"-";"-";"-";"-";"32";"-";"-";"-";"42";"-";"-";"53";"-";"-";"-";"-";"-";"-";"-"
"320001";"320001";"33";"5";"2";"6055";"4027";"44";"15";"3968";"1162";"58";"344";"174";"324";"217";"-";"-";"-";"-";"-";"-";"-";"-";"307";"-";"70";"-";"1166";"-";"-";"146";"-";"-";"-";"-";"-";"-";"-";"-";"-";"6055";"4027";"44";"15";"3968";"1162";"58";"344";"174";"324";"217";"-";"-";"-";"-";"-";"-";"-";"-";"307";"-";"70";"-";"1166";"-";"-";"146";"-";"-";"-";"-";"-";"-";"-"
"320002";"320002";"33";"5";"2";"6962";"4229";"62";"11";"4156";"1390";"79";"358";"187";"335";"227";"-";"-";"-";"-";"-";"-";"-";"-";"292";"-";"91";"-";"1004";"-";"-";"193";"-";"-";"-";"-";"-";"-";"-";"-";"-";"6962";"4229";"62";"11";"4156";"1390";"79";"358";"187";"335";"227";"-";"-";"-";"-";"-";"-";"-";"-";"292";"-";"91";"-";"1004";"-";"-";"193";"-";"-";"-";"-";"-";"-";"-"
"320003";"320003";"33";"5";"2";"4046";"2571";"41";"10";"2520";"790";"29";"117";"130";"116";"65";"-";"-";"-";"-";"-";"-";"-";"-";"181";"-";"313";"-";"705";"-";"-";"74";"-";"-";"-";"-";"-";"-";"-";"-";"-";"4046";"2571";"41";"10";"2520";"790";"29";"117";"130";"116";"65";"-";"-";"-";"-";"-";"-";"-";"-";"181";"-";"313";"-";"705";"-";"-";"74";"-";"-";"-";"-";"-";"-";"-"
"320004";"320004";"33";"5";"2";"3411";"2302";"41";"10";"2251";"679";"24";"98";"83";"181";"42";"-";"-";"-";"-";"-";"-";"-";"-";"153";"-";"282";"-";"530";"-";"-";"179";"-";"-";"-";"-";"-";"-";"-";"-";"-";"3411";"2302";"41";"10";"2251";"679";"24";"98";"83";"181";"42";"-";"-";"-";"-";"-";"-";"-";"-";"153";"-";"282";"-";"530";"-";"-";"179";"-";"-";"-";"-";"-";"-";"-"
"320005";"320005";"33";"5";"2";"3369";"2201";"33";"6";"2162";"440";"31";"121";"140";"207";"44";"-";"-";"-";"-";"-";"-";"-";"-";"234";"-";"311";"-";"439";"-";"-";"195";"-";"-";"-";"-";"-";"-";"-";"-";"-";"3369";"2201";"33";"6";"2162";"440";"31";"121";"140";"207";"44";"-";"-";"-";"-";"-";"-";"-";"-";"234";"-";"311";"-";"439";"-";"-";"195";"-";"-";"-";"-";"-";"-";"-"
"320006";"320006";"33";"5";"2";"2958";"1930";"38";"7";"1885";"478";"36";"137";"133";"101";"55";"-";"-";"-";"-";"-";"-";"-";"-";"163";"-";"103";"-";"647";"-";"-";"32";"-";"-";"-";"-";"-";"-";"-";"-";"-";"2958";"1930";"38";"7";"1885";"478";"36";"137";"133";"101";"55";"-";"-";"-";"-";"-";"-";"-";"-";"163";"-";"103";"-";"647";"-";"-";"32";"-";"-";"-";"-";"-";"-";"-"
"320007";"320007";"33";"5";"2";"3118";"2006";"29";"7";"1970";"602";"66";"131";"135";"90";"93";"-";"-";"-";"-";"-";"-";"-";"-";"178";"-";"71";"-";"550";"-";"-";"54";"-";"-";"-";"-";"-";"-";"-";"-";"-";"3118";"2006";"29";"7";"1970";"602";"66";"131";"135";"90";"93";"-";"-";"-";"-";"-";"-";"-";"-";"178";"-";"71";"-";"550";"-";"-";"54";"-";"-";"-";"-";"-";"-";"-"
"326001";"326001";"38";"5";"2";"2899";"1766";"24";"6";"1736";"351";"76";"85";"126";"93";"2";"-";"-";"-";"-";"29";"-";"-";"-";"165";"-";"-";"-";"673";"-";"-";"121";"-";"-";"-";"-";"-";"-";"-";"15";"-";"2899";"1766";"24";"6";"1736";"351";"76";"85";"126";"93";"2";"-";"-";"-";"-";"29";"-";"-";"-";"165";"-";"-";"-";"673";"-";"-";"121";"-";"-";"-";"-";"-";"-";"15"
"326002";"326002";"38";"5";"2";"295";"237";"5";"0";"232";"38";"3";"3";"4";"4";"1";"-";"-";"-";"-";"3";"-";"-";"-";"21";"-";"-";"-";"147";"-";"-";"7";"-";"-";"-";"-";"-";"-";"-";"1";"-";"295";"237";"5";"0";"232";"38";"3";"3";"4";"4";"1";"-";"-";"-";"-";"3";"-";"-";"-";"21";"-";"-";"-";"147";"-";"-";"7";"-";"-";"-";"-";"-";"-";"1"
"326003";"326003";"38";"5";"2";"3640";"2318";"43";"10";"2265";"623";"41";"87";"196";"288";"7";"-";"-";"-";"-";"51";"-";"-";"-";"196";"-";"-";"-";"629";"-";"-";"122";"-";"-";"-";"-";"-";"-";"-";"25";"-";"3640";"2318";"43";"10";"2265";"623";"41";"87";"196";"288";"7";"-";"-";"-";"-";"51";"-";"-";"-";"196";"-";"-";"-";"629";"-";"-";"122";"-";"-";"-";"-";"-";"-";"25"
"326004";"326004";"38";"5";"2";"2474";"1584";"25";"6";"1553";"478";"20";"51";"115";"91";"6";"-";"-";"-";"-";"5";"-";"-";"-";"95";"-";"-";"-";"625";"-";"-";"63";"-";"-";"-";"-";"-";"-";"-";"4";"-";"2474";"1584";"25";"6";"1553";"478";"20";"51";"115";"91";"6";"-";"-";"-";"-";"5";"-";"-";"-";"95";"-";"-";"-";"625";"-";"-";"63";"-";"-";"-";"-";"-";"-";"4"
"326005";"326005";"38";"5";"2";"1507";"1020";"11";"2";"1007";"215";"24";"46";"84";"57";"6";"-";"-";"-";"-";"0";"-";"-";"-";"51";"-";"-";"-";"469";"-";"-";"50";"-";"-";"-";"-";"-";"-";"-";"5";"-";"1507";"1020";"11";"2";"1007";"215";"24";"46";"84";"57";"6";"-";"-";"-";"-";"0";"-";"-";"-";"51";"-";"-";"-";"469";"-";"-";"50";"-";"-";"-";"-";"-";"-";"5"
"326006";"326006";"38";"5";"2";"542";"389";"6";"1";"382";"117";"1";"11";"23";"21";"2";"-";"-";"-";"-";"3";"-";"-";"-";"19";"-";"-";"-";"159";"-";"-";"22";"-";"-";"-";"-";"-";"-";"-";"4";"-";"542";"389";"6";"1";"382";"117";"1";"11";"23";"21";"2";"-";"-";"-";"-";"3";"-";"-";"-";"19";"-";"-";"-";"159";"-";"-";"22";"-";"-";"-";"-";"-";"-";"4"
"326007";"326007";"38";"5";"2";"1052";"697";"9";"2";"686";"180";"20";"20";"54";"42";"2";"-";"-";"-";"-";"2";"-";"-";"-";"46";"-";"-";"-";"289";"-";"-";"28";"-";"-";"-";"-";"-";"-";"-";"3";"-";"1052";"697";"9";"2";"686";"180";"20";"20";"54";"42";"2";"-";"-";"-";"-";"2";"-";"-";"-";"46";"-";"-";"-";"289";"-";"-";"28";"-";"-";"-";"-";"-";"-";"3"
"326008";"326008";"38";"5";"2";"2471";"1557";"22";"12";"1523";"407";"35";"52";"160";"90";"5";"-";"-";"-";"-";"5";"-";"-";"-";"110";"-";"-";"-";"604";"-";"-";"46";"-";"-";"-";"-";"-";"-";"-";"9";"-";"2471";"1557";"22";"12";"1523";"407";"35";"52";"160";"90";"5";"-";"-";"-";"-";"5";"-";"-";"-";"110";"-";"-";"-";"604";"-";"-";"46";"-";"-";"-";"-";"-";"-";"9"
"326009";"326009";"38";"5";"2";"4083";"2585";"31";"14";"2540";"765";"45";"242";"171";"148";"9";"-";"-";"-";"-";"6";"-";"-";"-";"137";"-";"-";"-";"844";"-";"-";"153";"-";"-";"-";"-";"-";"-";"-";"20";"-";"4083";"2585";"31";"14";"2540";"765";"45";"242";"171";"148";"9";"-";"-";"-";"-";"6";"-";"-";"-";"137";"-";"-";"-";"844";"-";"-";"153";"-";"-";"-";"-";"-";"-";"20"
"326010";"326010";"38";"5";"2";"1466";"956";"12";"1";"943";"207";"27";"61";"59";"78";"10";"-";"-";"-";"-";"6";"-";"-";"-";"52";"-";"-";"-";"317";"-";"-";"120";"-";"-";"-";"-";"-";"-";"-";"6";"-";"1466";"956";"12";"1";"943";"207";"27";"61";"59";"78";"10";"-";"-";"-";"-";"6";"-";"-";"-";"52";"-";"-";"-";"317";"-";"-";"120";"-";"-";"-";"-";"-";"-";"6"
"326011";"326011";"38";"5";"2";"1124";"757";"12";"7";"738";"150";"17";"58";"57";"55";"4";"-";"-";"-";"-";"0";"-";"-";"-";"45";"-";"-";"-";"298";"-";"-";"45";"-";"-";"-";"-";"-";"-";"-";"9";"-";"1124";"757";"12";"7";"738";"150";"17";"58";"57";"55";"4";"-";"-";"-";"-";"0";"-";"-";"-";"45";"-";"-";"-";"298";"-";"-";"45";"-";"-";"-";"-";"-";"-";"9"
"326012";"326012";"38";"5";"2";"3301";"2142";"29";"22";"2091";"535";"107";"109";"158";"239";"6";"-";"-";"-";"-";"20";"-";"-";"-";"107";"-";"-";"-";"663";"-";"-";"138";"-";"-";"-";"-";"-";"-";"-";"9";"-";"3301";"2142";"29";"22";"2091";"535";"107";"109";"158";"239";"6";"-";"-";"-";"-";"20";"-";"-";"-";"107";"-";"-";"-";"663";"-";"-";"138";"-";"-";"-";"-";"-";"-";"9"
"326013";"326013";"38";"5";"2";"2784";"1660";"25";"21";"1614";"505";"61";"57";"147";"143";"5";"-";"-";"-";"-";"17";"-";"-";"-";"145";"-";"-";"-";"443";"-";"-";"80";"-";"-";"-";"-";"-";"-";"-";"11";"-";"2784";"1660";"25";"21";"1614";"505";"61";"57";"147";"143";"5";"-";"-";"-";"-";"17";"-";"-";"-";"145";"-";"-";"-";"443";"-";"-";"80";"-";"-";"-";"-";"-";"-";"11"
"326014";"326014";"38";"5";"2";"1312";"903";"12";"2";"889";"190";"40";"38";"111";"63";"4";"-";"-";"-";"-";"4";"-";"-";"-";"67";"-";"-";"-";"324";"-";"-";"43";"-";"-";"-";"-";"-";"-";"-";"5";"-";"1312";"903";"12";"2";"889";"190";"40";"38";"111";"63";"4";"-";"-";"-";"-";"4";"-";"-";"-";"67";"-";"-";"-";"324";"-";"-";"43";"-";"-";"-";"-";"-";"-";"5"
"326015";"326015";"38";"5";"2";"2693";"1800";"24";"9";"1767";"496";"60";"74";"204";"119";"6";"-";"-";"-";"-";"12";"-";"-";"-";"176";"-";"-";"-";"572";"-";"-";"42";"-";"-";"-";"-";"-";"-";"-";"6";"-";"2693";"1800";"24";"9";"1767";"496";"60";"74";"204";"119";"6";"-";"-";"-";"-";"12";"-";"-";"-";"176";"-";"-";"-";"572";"-";"-";"42";"-";"-";"-";"-";"-";"-";"6"
"326016";"326016";"38";"5";"2";"3512";"2616";"22";"13";"2581";"615";"154";"136";"263";"262";"4";"-";"-";"-";"-";"9";"-";"-";"-";"176";"-";"-";"-";"807";"-";"-";"146";"-";"-";"-";"-";"-";"-";"-";"9";"-";"3512";"2616";"22";"13";"2581";"615";"154";"136";"263";"262";"4";"-";"-";"-";"-";"9";"-";"-";"-";"176";"-";"-";"-";"807";"-";"-";"146";"-";"-";"-";"-";"-";"-";"9"
"326017";"326017";"38";"5";"2";"631";"472";"0";"3";"469";"84";"24";"18";"43";"54";"0";"-";"-";"-";"-";"3";"-";"-";"-";"37";"-";"-";"-";"147";"-";"-";"58";"-";"-";"-";"-";"-";"-";"-";"1";"-";"631";"472";"0";"3";"469";"84";"24";"18";"43";"54";"0";"-";"-";"-";"-";"3";"-";"-";"-";"37";"-";"-";"-";"147";"-";"-";"58";"-";"-";"-";"-";"-";"-";"1"
"326018";"326018";"38";"5";"2";"3516";"2141";"15";"32";"2094";"580";"110";"73";"122";"199";"9";"-";"-";"-";"-";"29";"-";"-";"-";"118";"-";"-";"-";"768";"-";"-";"77";"-";"-";"-";"-";"-";"-";"-";"9";"-";"3516";"2141";"15";"32";"2094";"580";"110";"73";"122";"199";"9";"-";"-";"-";"-";"29";"-";"-";"-";"118";"-";"-";"-";"768";"-";"-";"77";"-";"-";"-";"-";"-";"-";"9"
"329001";"329001";"39";"5";"2";"9220";"5893";"76";"38";"5779";"1293";"228";"1619";"200";"387";"31";"-";"-";"73";"-";"-";"-";"-";"-";"173";"-";"-";"-";"1502";"-";"-";"254";"-";"-";"-";"-";"-";"-";"-";"19";"-";"9220";"5893";"76";"38";"5779";"1293";"228";"1619";"200";"387";"31";"-";"-";"73";"-";"-";"-";"-";"-";"173";"-";"-";"-";"1502";"-";"-";"254";"-";"-";"-";"-";"-";"-";"19"
"329002";"329002";"39";"5";"2";"725";"472";"4";"1";"467";"76";"14";"92";"24";"38";"3";"-";"-";"11";"-";"-";"-";"-";"-";"18";"-";"-";"-";"163";"-";"-";"26";"-";"-";"-";"-";"-";"-";"-";"2";"-";"725";"472";"4";"1";"467";"76";"14";"92";"24";"38";"3";"-";"-";"11";"-";"-";"-";"-";"-";"18";"-";"-";"-";"163";"-";"-";"26";"-";"-";"-";"-";"-";"-";"2"
"329003";"329003";"39";"5";"2";"638";"485";"8";"2";"475";"95";"11";"103";"38";"22";"6";"-";"-";"11";"-";"-";"-";"-";"-";"21";"-";"-";"-";"132";"-";"-";"35";"-";"-";"-";"-";"-";"-";"-";"1";"-";"638";"485";"8";"2";"475";"95";"11";"103";"38";"22";"6";"-";"-";"11";"-";"-";"-";"-";"-";"21";"-";"-";"-";"132";"-";"-";"35";"-";"-";"-";"-";"-";"-";"1"
"329004";"329004";"39";"5";"2";"4630";"2992";"45";"10";"2937";"644";"65";"763";"114";"160";"28";"-";"-";"97";"-";"-";"-";"-";"-";"120";"-";"-";"-";"866";"-";"-";"76";"-";"-";"-";"-";"-";"-";"-";"4";"-";"4630";"2992";"45";"10";"2937";"644";"65";"763";"114";"160";"28";"-";"-";"97";"-";"-";"-";"-";"-";"120";"-";"-";"-";"866";"-";"-";"76";"-";"-";"-";"-";"-";"-";"4"
"329005";"329005";"39";"5";"2";"1067";"811";"10";"3";"798";"130";"23";"178";"38";"94";"22";"-";"-";"20";"-";"-";"-";"-";"-";"36";"-";"-";"-";"175";"-";"-";"78";"-";"-";"-";"-";"-";"-";"-";"4";"-";"1067";"811";"10";"3";"798";"130";"23";"178";"38";"94";"22";"-";"-";"20";"-";"-";"-";"-";"-";"36";"-";"-";"-";"175";"-";"-";"78";"-";"-";"-";"-";"-";"-";"4"
"329006";"329006";"39";"5";"2";"4950";"3027";"45";"20";"2962";"672";"94";"649";"107";"265";"14";"-";"-";"36";"-";"-";"-";"-";"-";"113";"-";"-";"-";"756";"-";"-";"239";"-";"-";"-";"-";"-";"-";"-";"17";"-";"4950";"3027";"45";"20";"2962";"672";"94";"649";"107";"265";"14";"-";"-";"36";"-";"-";"-";"-";"-";"113";"-";"-";"-";"756";"-";"-";"239";"-";"-";"-";"-";"-";"-";"17"
"329008";"329008";"39";"5";"2";"1190";"918";"10";"4";"904";"156";"43";"159";"23";"153";"9";"-";"-";"28";"-";"-";"-";"-";"-";"28";"-";"-";"-";"166";"-";"-";"135";"-";"-";"-";"-";"-";"-";"-";"4";"-";"1190";"918";"10";"4";"904";"156";"43";"159";"23";"153";"9";"-";"-";"28";"-";"-";"-";"-";"-";"28";"-";"-";"-";"166";"-";"-";"135";"-";"-";"-";"-";"-";"-";"4"
"329009";"329009";"39";"5";"2";"1006";"691";"7";"1";"683";"81";"13";"285";"25";"24";"1";"-";"-";"108";"-";"-";"-";"-";"-";"22";"-";"-";"-";"98";"-";"-";"26";"-";"-";"-";"-";"-";"-";"-";"0";"-";"1006";"691";"7";"1";"683";"81";"13";"285";"25";"24";"1";"-";"-";"108";"-";"-";"-";"-";"-";"22";"-";"-";"-";"98";"-";"-";"26";"-";"-";"-";"-";"-";"-";"0"
"329010";"329010";"39";"5";"2";"1080";"802";"13";"4";"785";"165";"26";"168";"39";"58";"8";"-";"-";"10";"-";"-";"-";"-";"-";"35";"-";"-";"-";"243";"-";"-";"28";"-";"-";"-";"-";"-";"-";"-";"5";"-";"1080";"802";"13";"4";"785";"165";"26";"168";"39";"58";"8";"-";"-";"10";"-";"-";"-";"-";"-";"35";"-";"-";"-";"243";"-";"-";"28";"-";"-";"-";"-";"-";"-";"5"
"329011";"329011";"39";"5";"2";"578";"375";"4";"0";"371";"66";"3";"70";"24";"29";"6";"-";"-";"8";"-";"-";"-";"-";"-";"17";"-";"-";"-";"125";"-";"-";"21";"-";"-";"-";"-";"-";"-";"-";"2";"-";"578";"375";"4";"0";"371";"66";"3";"70";"24";"29";"6";"-";"-";"8";"-";"-";"-";"-";"-";"17";"-";"-";"-";"125";"-";"-";"21";"-";"-";"-";"-";"-";"-";"2"
"329012";"329012";"39";"5";"2";"883";"634";"11";"1";"622";"121";"13";"150";"52";"44";"8";"-";"-";"12";"-";"-";"-";"-";"-";"24";"-";"-";"-";"155";"-";"-";"41";"-";"-";"-";"-";"-";"-";"-";"2";"-";"883";"634";"11";"1";"622";"121";"13";"150";"52";"44";"8";"-";"-";"12";"-";"-";"-";"-";"-";"24";"-";"-";"-";"155";"-";"-";"41";"-";"-";"-";"-";"-";"-";"2"
"329013";"329013";"39";"5";"2";"1104";"711";"12";"2";"697";"147";"17";"168";"28";"69";"4";"-";"-";"15";"-";"-";"-";"-";"-";"36";"-";"-";"-";"171";"-";"-";"40";"-";"-";"-";"-";"-";"-";"-";"2";"-";"1104";"711";"12";"2";"697";"147";"17";"168";"28";"69";"4";"-";"-";"15";"-";"-";"-";"-";"-";"36";"-";"-";"-";"171";"-";"-";"40";"-";"-";"-";"-";"-";"-";"2"
"329014";"329014";"39";"5";"2";"695";"462";"4";"3";"455";"115";"10";"83";"58";"26";"4";"-";"-";"7";"-";"-";"-";"-";"-";"31";"-";"-";"-";"97";"-";"-";"19";"-";"-";"-";"-";"-";"-";"-";"5";"-";"695";"462";"4";"3";"455";"115";"10";"83";"58";"26";"4";"-";"-";"7";"-";"-";"-";"-";"-";"31";"-";"-";"-";"97";"-";"-";"19";"-";"-";"-";"-";"-";"-";"5"
"330001";"330001";"40";"5";"2";"1344";"862";"16";"3";"843";"208";"54";"65";"75";"52";"15";"-";"6";"1";"-";"-";"-";"-";"-";"97";"-";"-";"-";"239";"-";"-";"29";"-";"-";"-";"-";"-";"-";"-";"2";"-";"1344";"862";"16";"3";"843";"208";"54";"65";"75";"52";"15";"-";"6";"1";"-";"-";"-";"-";"-";"97";"-";"-";"-";"239";"-";"-";"29";"-";"-";"-";"-";"-";"-";"2"
"330002";"330002";"40";"5";"2";"1209";"790";"8";"0";"782";"167";"39";"77";"81";"52";"8";"-";"0";"0";"-";"-";"-";"-";"-";"61";"-";"-";"-";"258";"-";"-";"36";"-";"-";"-";"-";"-";"-";"-";"3";"-";"1209";"790";"8";"0";"782";"167";"39";"77";"81";"52";"8";"-";"0";"0";"-";"-";"-";"-";"-";"61";"-";"-";"-";"258";"-";"-";"36";"-";"-";"-";"-";"-";"-";"3"
"330003";"330003";"40";"5";"2";"1365";"956";"19";"1";"936";"174";"81";"93";"92";"53";"9";"-";"2";"0";"-";"-";"-";"-";"-";"51";"-";"-";"-";"343";"-";"-";"35";"-";"-";"-";"-";"-";"-";"-";"3";"-";"1365";"956";"19";"1";"936";"174";"81";"93";"92";"53";"9";"-";"2";"0";"-";"-";"-";"-";"-";"51";"-";"-";"-";"343";"-";"-";"35";"-";"-";"-";"-";"-";"-";"3"
"330004";"330004";"40";"5";"2";"1460";"1070";"18";"0";"1052";"291";"37";"115";"86";"46";"30";"-";"6";"4";"-";"-";"-";"-";"-";"74";"-";"-";"-";"323";"-";"-";"39";"-";"-";"-";"-";"-";"-";"-";"1";"-";"1460";"1070";"18";"0";"1052";"291";"37";"115";"86";"46";"30";"-";"6";"4";"-";"-";"-";"-";"-";"74";"-";"-";"-";"323";"-";"-";"39";"-";"-";"-";"-";"-";"-";"1"
"330005";"330005";"40";"5";"2";"6269";"4132";"61";"15";"4056";"1435";"200";"315";"299";"219";"33";"-";"29";"22";"-";"-";"-";"-";"-";"202";"-";"-";"-";"1136";"-";"-";"150";"-";"-";"-";"-";"-";"-";"-";"16";"-";"6269";"4132";"61";"15";"4056";"1435";"200";"315";"299";"219";"33";"-";"29";"22";"-";"-";"-";"-";"-";"202";"-";"-";"-";"1136";"-";"-";"150";"-";"-";"-";"-";"-";"-";"16"
"330006";"330006";"40";"5";"2";"5796";"3280";"56";"13";"3211";"1291";"121";"202";"242";"188";"14";"-";"20";"26";"-";"-";"-";"-";"-";"186";"-";"-";"-";"748";"-";"-";"160";"-";"-";"-";"-";"-";"-";"-";"13";"-";"5796";"3280";"56";"13";"3211";"1291";"121";"202";"242";"188";"14";"-";"20";"26";"-";"-";"-";"-";"-";"186";"-";"-";"-";"748";"-";"-";"160";"-";"-";"-";"-";"-";"-";"13"
"330007";"330007";"40";"5";"2";"2029";"1391";"32";"3";"1356";"436";"37";"104";"142";"89";"9";"-";"9";"7";"-";"-";"-";"-";"-";"74";"-";"-";"-";"401";"-";"-";"46";"-";"-";"-";"-";"-";"-";"-";"2";"-";"2029";"1391";"32";"3";"1356";"436";"37";"104";"142";"89";"9";"-";"9";"7";"-";"-";"-";"-";"-";"74";"-";"-";"-";"401";"-";"-";"46";"-";"-";"-";"-";"-";"-";"2"
"330008";"330008";"40";"5";"2";"2712";"1924";"23";"6";"1895";"413";"72";"201";"195";"95";"24";"-";"10";"5";"-";"-";"-";"-";"-";"121";"-";"-";"-";"718";"-";"-";"35";"-";"-";"-";"-";"-";"-";"-";"6";"-";"2712";"1924";"23";"6";"1895";"413";"72";"201";"195";"95";"24";"-";"10";"5";"-";"-";"-";"-";"-";"121";"-";"-";"-";"718";"-";"-";"35";"-";"-";"-";"-";"-";"-";"6"
"330009";"330009";"40";"5";"2";"5949";"3357";"59";"15";"3283";"954";"162";"350";"225";"227";"26";"-";"9";"16";"-";"-";"-";"-";"-";"150";"-";"-";"-";"1000";"-";"-";"158";"-";"-";"-";"-";"-";"-";"-";"6";"-";"5949";"3357";"59";"15";"3283";"954";"162";"350";"225";"227";"26";"-";"9";"16";"-";"-";"-";"-";"-";"150";"-";"-";"-";"1000";"-";"-";"158";"-";"-";"-";"-";"-";"-";"6"
"330010";"330010";"40";"5";"2";"1380";"997";"13";"3";"981";"181";"29";"34";"60";"61";"9";"-";"10";"1";"-";"-";"-";"-";"-";"52";"-";"-";"-";"481";"-";"-";"60";"-";"-";"-";"-";"-";"-";"-";"3";"-";"1380";"997";"13";"3";"981";"181";"29";"34";"60";"61";"9";"-";"10";"1";"-";"-";"-";"-";"-";"52";"-";"-";"-";"481";"-";"-";"60";"-";"-";"-";"-";"-";"-";"3"
"330011";"330011";"40";"5";"2";"3099";"2107";"21";"4";"2082";"552";"128";"110";"83";"118";"3";"-";"15";"2";"-";"-";"-";"-";"-";"112";"-";"-";"-";"836";"-";"-";"121";"-";"-";"-";"-";"-";"-";"-";"2";"-";"3099";"2107";"21";"4";"2082";"552";"128";"110";"83";"118";"3";"-";"15";"2";"-";"-";"-";"-";"-";"112";"-";"-";"-";"836";"-";"-";"121";"-";"-";"-";"-";"-";"-";"2"
"330012";"330012";"40";"5";"2";"163";"138";"1";"0";"137";"95";"2";"2";"3";"0";"0";"-";"1";"0";"-";"-";"-";"-";"-";"2";"-";"-";"-";"28";"-";"-";"1";"-";"-";"-";"-";"-";"-";"-";"3";"-";"163";"138";"1";"0";"137";"95";"2";"2";"3";"0";"0";"-";"1";"0";"-";"-";"-";"-";"-";"2";"-";"-";"-";"28";"-";"-";"1";"-";"-";"-";"-";"-";"-";"3"
"330013";"330013";"40";"5";"2";"1113";"791";"9";"3";"779";"154";"36";"70";"61";"29";"8";"-";"8";"1";"-";"-";"-";"-";"-";"61";"-";"-";"-";"306";"-";"-";"44";"-";"-";"-";"-";"-";"-";"-";"1";"-";"1113";"791";"9";"3";"779";"154";"36";"70";"61";"29";"8";"-";"8";"1";"-";"-";"-";"-";"-";"61";"-";"-";"-";"306";"-";"-";"44";"-";"-";"-";"-";"-";"-";"1"
"330014";"330014";"40";"5";"2";"386";"271";"5";"2";"264";"47";"17";"23";"19";"9";"0";"-";"3";"0";"-";"-";"-";"-";"-";"13";"-";"-";"-";"121";"-";"-";"12";"-";"-";"-";"-";"-";"-";"-";"0";"-";"386";"271";"5";"2";"264";"47";"17";"23";"19";"9";"0";"-";"3";"0";"-";"-";"-";"-";"-";"13";"-";"-";"-";"121";"-";"-";"12";"-";"-";"-";"-";"-";"-";"0"
"330015";"330015";"40";"5";"2";"2391";"1606";"17";"8";"1581";"368";"84";"88";"80";"65";"13";"-";"4";"2";"-";"-";"-";"-";"-";"108";"-";"-";"-";"713";"-";"-";"55";"-";"-";"-";"-";"-";"-";"-";"1";"-";"2391";"1606";"17";"8";"1581";"368";"84";"88";"80";"65";"13";"-";"4";"2";"-";"-";"-";"-";"-";"108";"-";"-";"-";"713";"-";"-";"55";"-";"-";"-";"-";"-";"-";"1"
"330016";"330016";"40";"5";"2";"429";"299";"4";"1";"294";"61";"24";"18";"30";"10";"2";"-";"1";"0";"-";"-";"-";"-";"-";"20";"-";"-";"-";"118";"-";"-";"10";"-";"-";"-";"-";"-";"-";"-";"0";"-";"429";"299";"4";"1";"294";"61";"24";"18";"30";"10";"2";"-";"1";"0";"-";"-";"-";"-";"-";"20";"-";"-";"-";"118";"-";"-";"10";"-";"-";"-";"-";"-";"-";"0"
"330017";"330017";"40";"5";"2";"143";"113";"3";"1";"109";"66";"2";"2";"2";"4";"0";"-";"2";"0";"-";"-";"-";"-";"-";"5";"-";"-";"-";"15";"-";"-";"11";"-";"-";"-";"-";"-";"-";"-";"0";"-";"143";"113";"3";"1";"109";"66";"2";"2";"2";"4";"0";"-";"2";"0";"-";"-";"-";"-";"-";"5";"-";"-";"-";"15";"-";"-";"11";"-";"-";"-";"-";"-";"-";"0"
"330018";"330018";"40";"5";"2";"550";"379";"4";"1";"374";"74";"22";"11";"32";"21";"2";"-";"3";"0";"-";"-";"-";"-";"-";"32";"-";"-";"-";"163";"-";"-";"14";"-";"-";"-";"-";"-";"-";"-";"0";"-";"550";"379";"4";"1";"374";"74";"22";"11";"32";"21";"2";"-";"3";"0";"-";"-";"-";"-";"-";"32";"-";"-";"-";"163";"-";"-";"14";"-";"-";"-";"-";"-";"-";"0"
"330019";"330019";"40";"5";"2";"6186";"3325";"81";"13";"3231";"745";"209";"328";"213";"282";"70";"-";"27";"5";"-";"-";"-";"-";"-";"135";"-";"-";"-";"1070";"-";"-";"136";"-";"-";"-";"-";"-";"-";"-";"11";"-";"6186";"3325";"81";"13";"3231";"745";"209";"328";"213";"282";"70";"-";"27";"5";"-";"-";"-";"-";"-";"135";"-";"-";"-";"1070";"-";"-";"136";"-";"-";"-";"-";"-";"-";"11"
"330020";"330020";"40";"5";"2";"4625";"2966";"53";"6";"2907";"775";"145";"323";"171";"209";"32";"-";"18";"7";"-";"-";"-";"-";"-";"111";"-";"-";"-";"1001";"-";"-";"110";"-";"-";"-";"-";"-";"-";"-";"5";"-";"4625";"2966";"53";"6";"2907";"775";"145";"323";"171";"209";"32";"-";"18";"7";"-";"-";"-";"-";"-";"111";"-";"-";"-";"1001";"-";"-";"110";"-";"-";"-";"-";"-";"-";"5"
"330021";"330021";"40";"5";"2";"5260";"3638";"60";"7";"3571";"939";"172";"382";"201";"259";"32";"-";"23";"4";"-";"-";"-";"-";"-";"162";"-";"-";"-";"1295";"-";"-";"97";"-";"-";"-";"-";"-";"-";"-";"5";"-";"5260";"3638";"60";"7";"3571";"939";"172";"382";"201";"259";"32";"-";"23";"4";"-";"-";"-";"-";"-";"162";"-";"-";"-";"1295";"-";"-";"97";"-";"-";"-";"-";"-";"-";"5"
"330022";"330022";"40";"5";"2";"6928";"3985";"69";"11";"3905";"1167";"185";"383";"234";"273";"46";"-";"19";"11";"-";"-";"-";"-";"-";"187";"-";"-";"-";"1181";"-";"-";"209";"-";"-";"-";"-";"-";"-";"-";"10";"-";"6928";"3985";"69";"11";"3905";"1167";"185";"383";"234";"273";"46";"-";"19";"11";"-";"-";"-";"-";"-";"187";"-";"-";"-";"1181";"-";"-";"209";"-";"-";"-";"-";"-";"-";"10"
"330024";"330024";"40";"5";"2";"1066";"726";"8";"2";"716";"133";"27";"81";"57";"48";"11";"-";"5";"1";"-";"-";"-";"-";"-";"46";"-";"-";"-";"290";"-";"-";"17";"-";"-";"-";"-";"-";"-";"-";"0";"-";"1066";"726";"8";"2";"716";"133";"27";"81";"57";"48";"11";"-";"5";"1";"-";"-";"-";"-";"-";"46";"-";"-";"-";"290";"-";"-";"17";"-";"-";"-";"-";"-";"-";"0"
"330025";"330025";"40";"5";"2";"2138";"1595";"28";"4";"1563";"406";"38";"167";"108";"93";"7";"-";"5";"4";"-";"-";"-";"-";"-";"89";"-";"-";"-";"604";"-";"-";"41";"-";"-";"-";"-";"-";"-";"-";"1";"-";"2138";"1595";"28";"4";"1563";"406";"38";"167";"108";"93";"7";"-";"5";"4";"-";"-";"-";"-";"-";"89";"-";"-";"-";"604";"-";"-";"41";"-";"-";"-";"-";"-";"-";"1"
"330026";"330026";"40";"5";"2";"476";"346";"5";"1";"340";"96";"9";"22";"23";"28";"6";"-";"0";"0";"-";"-";"-";"-";"-";"23";"-";"-";"-";"119";"-";"-";"14";"-";"-";"-";"-";"-";"-";"-";"0";"-";"476";"346";"5";"1";"340";"96";"9";"22";"23";"28";"6";"-";"0";"0";"-";"-";"-";"-";"-";"23";"-";"-";"-";"119";"-";"-";"14";"-";"-";"-";"-";"-";"-";"0"
"336001";"336001";"33";"5";"2";"4816";"3249";"57";"10";"3182";"780";"171";"357";"122";"181";"22";"-";"-";"-";"334";"-";"-";"-";"-";"200";"-";"-";"-";"779";"-";"-";"236";"-";"-";"-";"-";"-";"-";"-";"-";"-";"4816";"3249";"57";"10";"3182";"780";"171";"357";"122";"181";"22";"-";"-";"-";"334";"-";"-";"-";"-";"200";"-";"-";"-";"779";"-";"-";"236";"-";"-";"-";"-";"-";"-";"-"
"336002";"336002";"33";"5";"2";"5926";"4146";"56";"21";"4069";"932";"216";"616";"158";"249";"36";"-";"-";"-";"213";"-";"-";"-";"-";"238";"-";"-";"-";"1173";"-";"-";"238";"-";"-";"-";"-";"-";"-";"-";"-";"-";"5926";"4146";"56";"21";"4069";"932";"216";"616";"158";"249";"36";"-";"-";"-";"213";"-";"-";"-";"-";"238";"-";"-";"-";"1173";"-";"-";"238";"-";"-";"-";"-";"-";"-";"-"
"336003";"336003";"33";"5";"2";"4985";"3371";"40";"29";"3302";"894";"183";"473";"114";"145";"28";"-";"-";"-";"323";"-";"-";"-";"-";"256";"-";"-";"-";"678";"-";"-";"208";"-";"-";"-";"-";"-";"-";"-";"-";"-";"4985";"3371";"40";"29";"3302";"894";"183";"473";"114";"145";"28";"-";"-";"-";"323";"-";"-";"-";"-";"256";"-";"-";"-";"678";"-";"-";"208";"-";"-";"-";"-";"-";"-";"-"
"336004";"336004";"33";"5";"2";"3230";"2297";"31";"9";"2257";"535";"150";"295";"58";"107";"27";"-";"-";"-";"312";"-";"-";"-";"-";"192";"-";"-";"-";"424";"-";"-";"157";"-";"-";"-";"-";"-";"-";"-";"-";"-";"3230";"2297";"31";"9";"2257";"535";"150";"295";"58";"107";"27";"-";"-";"-";"312";"-";"-";"-";"-";"192";"-";"-";"-";"424";"-";"-";"157";"-";"-";"-";"-";"-";"-";"-"
"340001";"340001";"39";"5";"2";"4687";"2843";"46";"23";"2774";"887";"53";"874";"168";"166";"31";"-";"-";"23";"-";"-";"-";"-";"-";"203";"-";"-";"-";"260";"-";"-";"92";"-";"-";"-";"5";"-";"-";"-";"12";"-";"4687";"2843";"46";"23";"2774";"887";"53";"874";"168";"166";"31";"-";"-";"23";"-";"-";"-";"-";"-";"203";"-";"-";"-";"260";"-";"-";"92";"-";"-";"5";"-";"-";"-";"12"
"340002";"340002";"39";"5";"2";"1630";"927";"17";"4";"906";"272";"10";"364";"58";"41";"7";"-";"-";"11";"-";"-";"-";"-";"-";"56";"-";"-";"-";"34";"-";"-";"44";"-";"-";"-";"2";"-";"-";"-";"7";"-";"1630";"927";"17";"4";"906";"272";"10";"364";"58";"41";"7";"-";"-";"11";"-";"-";"-";"-";"-";"56";"-";"-";"-";"34";"-";"-";"44";"-";"-";"2";"-";"-";"-";"7"
"340004";"340004";"39";"5";"2";"1530";"989";"16";"2";"971";"259";"19";"258";"79";"72";"12";"-";"-";"1";"-";"-";"-";"-";"-";"46";"-";"-";"-";"161";"-";"-";"46";"-";"-";"-";"11";"-";"-";"-";"7";"-";"1530";"989";"16";"2";"971";"259";"19";"258";"79";"72";"12";"-";"-";"1";"-";"-";"-";"-";"-";"46";"-";"-";"-";"161";"-";"-";"46";"-";"-";"11";"-";"-";"-";"7"
"340005";"340005";"39";"5";"2";"4372";"3089";"40";"23";"3026";"933";"139";"953";"73";"373";"29";"-";"-";"7";"-";"-";"-";"-";"-";"90";"-";"-";"-";"245";"-";"-";"153";"-";"-";"-";"21";"-";"-";"-";"10";"-";"4372";"3089";"40";"23";"3026";"933";"139";"953";"73";"373";"29";"-";"-";"7";"-";"-";"-";"-";"-";"90";"-";"-";"-";"245";"-";"-";"153";"-";"-";"21";"-";"-";"-";"10"
"340006";"340006";"39";"5";"2";"3945";"3075";"32";"4";"3039";"912";"133";"749";"89";"492";"27";"-";"-";"6";"-";"-";"-";"-";"-";"63";"-";"-";"-";"321";"-";"-";"204";"-";"-";"-";"35";"-";"-";"-";"8";"-";"3945";"3075";"32";"4";"3039";"912";"133";"749";"89";"492";"27";"-";"-";"6";"-";"-";"-";"-";"-";"63";"-";"-";"-";"321";"-";"-";"204";"-";"-";"35";"-";"-";"-";"8"
"340008";"340008";"39";"5";"2";"3229";"2266";"50";"12";"2204";"715";"54";"642";"115";"164";"19";"-";"-";"2";"-";"-";"-";"-";"-";"90";"-";"-";"-";"312";"-";"-";"76";"-";"-";"-";"8";"-";"-";"-";"7";"-";"3229";"2266";"50";"12";"2204";"715";"54";"642";"115";"164";"19";"-";"-";"2";"-";"-";"-";"-";"-";"90";"-";"-";"-";"312";"-";"-";"76";"-";"-";"8";"-";"-";"-";"7"
"340010";"340010";"39";"5";"2";"4370";"2668";"47";"17";"2604";"726";"50";"751";"216";"218";"33";"-";"-";"9";"-";"-";"-";"-";"-";"162";"-";"-";"-";"314";"-";"-";"100";"-";"-";"-";"7";"-";"-";"-";"18";"-";"4370";"2668";"47";"17";"2604";"726";"50";"751";"216";"218";"33";"-";"-";"9";"-";"-";"-";"-";"-";"162";"-";"-";"-";"314";"-";"-";"100";"-";"-";"7";"-";"-";"-";"18"
"350001";"350001";"34";"5";"2";"3347";"2377";"27";"11";"2339";"628";"52";"247";"100";"238";"51";"-";"-";"-";"-";"-";"-";"-";"-";"93";"-";"26";"-";"789";"-";"-";"115";"-";"-";"-";"-";"-";"-";"-";"-";"-";"3347";"2377";"27";"11";"2339";"628";"52";"247";"100";"238";"51";"-";"-";"-";"-";"-";"-";"-";"-";"93";"-";"26";"-";"789";"-";"-";"115";"-";"-";"-";"-";"-";"-";"-"
"350002";"350002";"34";"5";"2";"2099";"1523";"26";"3";"1494";"380";"62";"176";"67";"198";"33";"-";"-";"-";"-";"-";"-";"-";"-";"64";"-";"13";"-";"414";"-";"-";"87";"-";"-";"-";"-";"-";"-";"-";"-";"-";"2099";"1523";"26";"3";"1494";"380";"62";"176";"67";"198";"33";"-";"-";"-";"-";"-";"-";"-";"-";"64";"-";"13";"-";"414";"-";"-";"87";"-";"-";"-";"-";"-";"-";"-"
"350003";"350003";"34";"5";"2";"1314";"966";"13";"0";"953";"233";"17";"99";"27";"158";"10";"-";"-";"-";"-";"-";"-";"-";"-";"41";"-";"17";"-";"301";"-";"-";"50";"-";"-";"-";"-";"-";"-";"-";"-";"-";"1314";"966";"13";"0";"953";"233";"17";"99";"27";"158";"10";"-";"-";"-";"-";"-";"-";"-";"-";"41";"-";"17";"-";"301";"-";"-";"50";"-";"-";"-";"-";"-";"-";"-"
"350004";"350004";"34";"5";"2";"1150";"794";"11";"4";"779";"202";"26";"110";"36";"89";"9";"-";"-";"-";"-";"-";"-";"-";"-";"40";"-";"25";"-";"216";"-";"-";"26";"-";"-";"-";"-";"-";"-";"-";"-";"-";"1150";"794";"11";"4";"779";"202";"26";"110";"36";"89";"9";"-";"-";"-";"-";"-";"-";"-";"-";"40";"-";"25";"-";"216";"-";"-";"26";"-";"-";"-";"-";"-";"-";"-"
"350005";"350005";"34";"5";"2";"1044";"732";"10";"3";"719";"119";"25";"87";"26";"114";"19";"-";"-";"-";"-";"-";"-";"-";"-";"31";"-";"22";"-";"216";"-";"-";"60";"-";"-";"-";"-";"-";"-";"-";"-";"-";"1044";"732";"10";"3";"719";"119";"25";"87";"26";"114";"19";"-";"-";"-";"-";"-";"-";"-";"-";"31";"-";"22";"-";"216";"-";"-";"60";"-";"-";"-";"-";"-";"-";"-"
"350006";"350006";"34";"5";"2";"3788";"2846";"30";"4";"2812";"770";"118";"419";"58";"484";"37";"-";"-";"-";"-";"-";"-";"-";"-";"88";"-";"54";"-";"494";"-";"-";"290";"-";"-";"-";"-";"-";"-";"-";"-";"-";"3788";"2846";"30";"4";"2812";"770";"118";"419";"58";"484";"37";"-";"-";"-";"-";"-";"-";"-";"-";"88";"-";"54";"-";"494";"-";"-";"290";"-";"-";"-";"-";"-";"-";"-"
"350008";"350008";"34";"5";"2";"2249";"1604";"18";"7";"1579";"293";"36";"346";"56";"289";"22";"-";"-";"-";"-";"-";"-";"-";"-";"79";"-";"76";"-";"310";"-";"-";"72";"-";"-";"-";"-";"-";"-";"-";"-";"-";"2249";"1604";"18";"7";"1579";"293";"36";"346";"56";"289";"22";"-";"-";"-";"-";"-";"-";"-";"-";"79";"-";"76";"-";"310";"-";"-";"72";"-";"-";"-";"-";"-";"-";"-"
"350009";"350009";"34";"5";"2";"2255";"1735";"14";"5";"1716";"299";"48";"218";"52";"246";"22";"-";"-";"-";"-";"-";"-";"-";"-";"57";"-";"26";"-";"628";"-";"-";"120";"-";"-";"-";"-";"-";"-";"-";"-";"-";"2255";"1735";"14";"5";"1716";"299";"48";"218";"52";"246";"22";"-";"-";"-";"-";"-";"-";"-";"-";"57";"-";"26";"-";"628";"-";"-";"120";"-";"-";"-";"-";"-";"-";"-"
"350011";"350011";"34";"5";"2";"2435";"2098";"23";"2";"2073";"221";"102";"280";"25";"446";"15";"-";"-";"-";"-";"-";"-";"-";"-";"19";"-";"103";"-";"654";"-";"-";"208";"-";"-";"-";"-";"-";"-";"-";"-";"-";"2435";"2098";"23";"2";"2073";"221";"102";"280";"25";"446";"15";"-";"-";"-";"-";"-";"-";"-";"-";"19";"-";"103";"-";"654";"-";"-";"208";"-";"-";"-";"-";"-";"-";"-"
"350012";"350012";"34";"5";"2";"2478";"1752";"28";"3";"1721";"344";"143";"220";"76";"192";"39";"-";"-";"-";"-";"-";"-";"-";"-";"53";"-";"23";"-";"536";"-";"-";"95";"-";"-";"-";"-";"-";"-";"-";"-";"-";"2478";"1752";"28";"3";"1721";"344";"143";"220";"76";"192";"39";"-";"-";"-";"-";"-";"-";"-";"-";"53";"-";"23";"-";"536";"-";"-";"95";"-";"-";"-";"-";"-";"-";"-"
"360001";"360001";"29";"5";"2";"619";"446";"6";"2";"438";"161";"1";"27";"18";"14";"-";"0";"-";"-";"0";"29";"-";"-";"-";"30";"-";"13";"-";"131";"-";"-";"14";"-";"-";"-";"-";"-";"-";"-";"-";"-";"619";"446";"6";"2";"438";"161";"1";"27";"18";"14";"-";"0";"-";"-";"0";"29";"-";"-";"-";"30";"-";"13";"-";"131";"-";"-";"14";"-";"-";"-";"-";"-";"-";"-"
"360003";"360003";"29";"5";"2";"2040";"1264";"16";"12";"1236";"576";"11";"59";"41";"39";"-";"1";"-";"-";"4";"98";"-";"-";"-";"63";"-";"51";"-";"252";"-";"-";"41";"-";"-";"-";"-";"-";"-";"-";"-";"-";"2040";"1264";"16";"12";"1236";"576";"11";"59";"41";"39";"-";"1";"-";"-";"4";"98";"-";"-";"-";"63";"-";"51";"-";"252";"-";"-";"41";"-";"-";"-";"-";"-";"-";"-"
"360008";"360008";"29";"5";"2";"770";"494";"4";"4";"486";"178";"3";"35";"15";"17";"-";"4";"-";"-";"21";"58";"-";"-";"-";"32";"-";"21";"-";"81";"-";"-";"21";"-";"-";"-";"-";"-";"-";"-";"-";"-";"770";"494";"4";"4";"486";"178";"3";"35";"15";"17";"-";"4";"-";"-";"21";"58";"-";"-";"-";"32";"-";"21";"-";"81";"-";"-";"21";"-";"-";"-";"-";"-";"-";"-"
"360011";"360011";"29";"5";"2";"1642";"1048";"18";"2";"1028";"385";"10";"51";"42";"28";"-";"39";"-";"-";"24";"110";"-";"-";"-";"69";"-";"43";"-";"191";"-";"-";"36";"-";"-";"-";"-";"-";"-";"-";"-";"-";"1642";"1048";"18";"2";"1028";"385";"10";"51";"42";"28";"-";"39";"-";"-";"24";"110";"-";"-";"-";"69";"-";"43";"-";"191";"-";"-";"36";"-";"-";"-";"-";"-";"-";"-"
"360013";"360013";"29";"5";"2";"5521";"3740";"40";"16";"3684";"1788";"48";"168";"75";"123";"-";"2";"-";"-";"5";"270";"-";"-";"-";"138";"-";"143";"-";"801";"-";"-";"123";"-";"-";"-";"-";"-";"-";"-";"-";"-";"5521";"3740";"40";"16";"3684";"1788";"48";"168";"75";"123";"-";"2";"-";"-";"5";"270";"-";"-";"-";"138";"-";"143";"-";"801";"-";"-";"123";"-";"-";"-";"-";"-";"-";"-"
"360014";"360014";"29";"5";"2";"44";"42";"0";"0";"42";"9";"0";"0";"2";"0";"-";"1";"-";"-";"0";"0";"-";"-";"-";"3";"-";"0";"-";"27";"-";"-";"0";"-";"-";"-";"-";"-";"-";"-";"-";"-";"44";"42";"0";"0";"42";"9";"0";"0";"2";"0";"-";"1";"-";"-";"0";"0";"-";"-";"-";"3";"-";"0";"-";"27";"-";"-";"0";"-";"-";"-";"-";"-";"-";"-"
"360019";"360019";"29";"5";"2";"2546";"1635";"23";"6";"1606";"616";"10";"77";"64";"62";"-";"6";"-";"-";"5";"134";"-";"-";"-";"92";"-";"55";"-";"383";"-";"-";"102";"-";"-";"-";"-";"-";"-";"-";"-";"-";"2546";"1635";"23";"6";"1606";"616";"10";"77";"64";"62";"-";"6";"-";"-";"5";"134";"-";"-";"-";"92";"-";"55";"-";"383";"-";"-";"102";"-";"-";"-";"-";"-";"-";"-"
"360020";"360020";"29";"5";"2";"7194";"4251";"69";"28";"4154";"1765";"18";"154";"109";"184";"-";"166";"-";"-";"341";"228";"-";"-";"-";"189";"-";"296";"-";"579";"-";"-";"125";"-";"-";"-";"-";"-";"-";"-";"-";"-";"7194";"4251";"69";"28";"4154";"1765";"18";"154";"109";"184";"-";"166";"-";"-";"341";"228";"-";"-";"-";"189";"-";"296";"-";"579";"-";"-";"125";"-";"-";"-";"-";"-";"-";"-"
"360021";"360021";"29";"5";"2";"4152";"2644";"51";"12";"2581";"1049";"13";"116";"67";"116";"-";"93";"-";"-";"185";"177";"-";"-";"-";"104";"-";"169";"-";"432";"-";"-";"60";"-";"-";"-";"-";"-";"-";"-";"-";"-";"4152";"2644";"51";"12";"2581";"1049";"13";"116";"67";"116";"-";"93";"-";"-";"185";"177";"-";"-";"-";"104";"-";"169";"-";"432";"-";"-";"60";"-";"-";"-";"-";"-";"-";"-"
"360026";"360026";"29";"5";"2";"380";"254";"3";"1";"250";"87";"0";"6";"9";"19";"-";"2";"-";"-";"5";"13";"-";"-";"-";"21";"-";"10";"-";"54";"-";"-";"24";"-";"-";"-";"-";"-";"-";"-";"-";"-";"380";"254";"3";"1";"250";"87";"0";"6";"9";"19";"-";"2";"-";"-";"5";"13";"-";"-";"-";"21";"-";"10";"-";"54";"-";"-";"24";"-";"-";"-";"-";"-";"-";"-"
"360027";"360027";"29";"5";"2";"392";"295";"8";"0";"287";"104";"5";"9";"14";"12";"-";"6";"-";"-";"2";"3";"-";"-";"-";"17";"-";"37";"-";"57";"-";"-";"21";"-";"-";"-";"-";"-";"-";"-";"-";"-";"392";"295";"8";"0";"287";"104";"5";"9";"14";"12";"-";"6";"-";"-";"2";"3";"-";"-";"-";"17";"-";"37";"-";"57";"-";"-";"21";"-";"-";"-";"-";"-";"-";"-"
"360028";"360028";"29";"5";"2";"106";"81";"1";"0";"80";"21";"0";"8";"2";"9";"-";"0";"-";"-";"0";"5";"-";"-";"-";"3";"-";"3";"-";"24";"-";"-";"5";"-";"-";"-";"-";"-";"-";"-";"-";"-";"106";"81";"1";"0";"80";"21";"0";"8";"2";"9";"-";"0";"-";"-";"0";"5";"-";"-";"-";"3";"-";"3";"-";"24";"-";"-";"5";"-";"-";"-";"-";"-";"-";"-"
"360029";"360029";"29";"5";"2";"1847";"1154";"18";"4";"1132";"448";"1";"58";"60";"78";"-";"14";"-";"-";"54";"65";"-";"-";"-";"62";"-";"44";"-";"210";"-";"-";"38";"-";"-";"-";"-";"-";"-";"-";"-";"-";"1847";"1154";"18";"4";"1132";"448";"1";"58";"60";"78";"-";"14";"-";"-";"54";"65";"-";"-";"-";"62";"-";"44";"-";"210";"-";"-";"38";"-";"-";"-";"-";"-";"-";"-"
"360035";"360035";"29";"5";"2";"2088";"1364";"22";"3";"1339";"435";"8";"58";"33";"40";"-";"22";"-";"-";"80";"197";"-";"-";"-";"106";"-";"59";"-";"245";"-";"-";"56";"-";"-";"-";"-";"-";"-";"-";"-";"-";"2088";"1364";"22";"3";"1339";"435";"8";"58";"33";"40";"-";"22";"-";"-";"80";"197";"-";"-";"-";"106";"-";"59";"-";"245";"-";"-";"56";"-";"-";"-";"-";"-";"-";"-"
"360036";"360036";"29";"5";"2";"2924";"1771";"17";"4";"1750";"735";"11";"102";"91";"71";"-";"0";"-";"-";"7";"108";"-";"-";"-";"101";"-";"69";"-";"359";"-";"-";"96";"-";"-";"-";"-";"-";"-";"-";"-";"-";"2924";"1771";"17";"4";"1750";"735";"11";"102";"91";"71";"-";"0";"-";"-";"7";"108";"-";"-";"-";"101";"-";"69";"-";"359";"-";"-";"96";"-";"-";"-";"-";"-";"-";"-"
"360037";"360037";"29";"5";"2";"1420";"757";"22";"8";"727";"329";"8";"38";"30";"28";"-";"0";"-";"-";"7";"29";"-";"-";"-";"48";"-";"66";"-";"85";"-";"-";"59";"-";"-";"-";"-";"-";"-";"-";"-";"-";"1420";"757";"22";"8";"727";"329";"8";"38";"30";"28";"-";"0";"-";"-";"7";"29";"-";"-";"-";"48";"-";"66";"-";"85";"-";"-";"59";"-";"-";"-";"-";"-";"-";"-"
"370001";"370001";"32";"5";"2";"3547";"2177";"58";"4";"2115";"760";"68";"252";"167";"133";"13";"-";"1";"-";"-";"-";"-";"-";"6";"120";"-";"-";"-";"483";"-";"-";"106";"6";"-";"-";"-";"-";"-";"-";"-";"-";"3547";"2177";"58";"4";"2115";"760";"68";"252";"167";"133";"13";"-";"1";"-";"-";"-";"-";"-";"6";"120";"-";"-";"-";"483";"-";"-";"106";"6";"-";"-";"-";"-";"-";"-"
"370002";"370002";"32";"5";"2";"823";"562";"8";"1";"553";"222";"16";"74";"40";"13";"13";"-";"2";"-";"-";"-";"-";"-";"0";"26";"-";"-";"-";"121";"-";"-";"24";"2";"-";"-";"-";"-";"-";"-";"-";"-";"823";"562";"8";"1";"553";"222";"16";"74";"40";"13";"13";"-";"2";"-";"-";"-";"-";"-";"0";"26";"-";"-";"-";"121";"-";"-";"24";"2";"-";"-";"-";"-";"-";"-"
"370003";"370003";"32";"5";"2";"1647";"1036";"15";"4";"1017";"323";"34";"111";"96";"48";"13";"-";"1";"-";"-";"-";"-";"-";"1";"72";"-";"-";"-";"272";"-";"-";"45";"1";"-";"-";"-";"-";"-";"-";"-";"-";"1647";"1036";"15";"4";"1017";"323";"34";"111";"96";"48";"13";"-";"1";"-";"-";"-";"-";"-";"1";"72";"-";"-";"-";"272";"-";"-";"45";"1";"-";"-";"-";"-";"-";"-"
"370004";"370004";"32";"5";"2";"2102";"1532";"23";"5";"1504";"524";"62";"285";"105";"60";"17";"-";"4";"-";"-";"-";"-";"-";"0";"50";"-";"-";"-";"358";"-";"-";"36";"3";"-";"-";"-";"-";"-";"-";"-";"-";"2102";"1532";"23";"5";"1504";"524";"62";"285";"105";"60";"17";"-";"4";"-";"-";"-";"-";"-";"0";"50";"-";"-";"-";"358";"-";"-";"36";"3";"-";"-";"-";"-";"-";"-"
"370005";"370005";"32";"5";"2";"801";"539";"16";"2";"521";"151";"22";"52";"47";"27";"6";"-";"2";"-";"-";"-";"-";"-";"0";"34";"-";"-";"-";"159";"-";"-";"18";"3";"-";"-";"-";"-";"-";"-";"-";"-";"801";"539";"16";"2";"521";"151";"22";"52";"47";"27";"6";"-";"2";"-";"-";"-";"-";"-";"0";"34";"-";"-";"-";"159";"-";"-";"18";"3";"-";"-";"-";"-";"-";"-"
"370006";"370006";"32";"5";"2";"2119";"1377";"13";"8";"1356";"611";"34";"165";"117";"40";"17";"-";"2";"-";"-";"-";"-";"-";"3";"59";"-";"-";"-";"248";"-";"-";"57";"3";"-";"-";"-";"-";"-";"-";"-";"-";"2119";"1377";"13";"8";"1356";"611";"34";"165";"117";"40";"17";"-";"2";"-";"-";"-";"-";"-";"3";"59";"-";"-";"-";"248";"-";"-";"57";"3";"-";"-";"-";"-";"-";"-"
"370007";"370007";"32";"5";"2";"1349";"842";"18";"1";"823";"302";"37";"113";"95";"23";"10";"-";"3";"-";"-";"-";"-";"-";"0";"42";"-";"-";"-";"150";"-";"-";"44";"4";"-";"-";"-";"-";"-";"-";"-";"-";"1349";"842";"18";"1";"823";"302";"37";"113";"95";"23";"10";"-";"3";"-";"-";"-";"-";"-";"0";"42";"-";"-";"-";"150";"-";"-";"44";"4";"-";"-";"-";"-";"-";"-"
"370008";"370008";"32";"5";"2";"3977";"2861";"38";"25";"2798";"1213";"96";"445";"220";"129";"28";"-";"7";"-";"-";"-";"-";"-";"1";"117";"-";"-";"-";"465";"-";"-";"74";"3";"-";"-";"-";"-";"-";"-";"-";"-";"3977";"2861";"38";"25";"2798";"1213";"96";"445";"220";"129";"28";"-";"7";"-";"-";"-";"-";"-";"1";"117";"-";"-";"-";"465";"-";"-";"74";"3";"-";"-";"-";"-";"-";"-"
"370009";"370009";"32";"5";"2";"1205";"857";"14";"9";"834";"238";"15";"183";"59";"26";"4";"-";"1";"-";"-";"-";"-";"-";"2";"39";"-";"-";"-";"244";"-";"-";"23";"0";"-";"-";"-";"-";"-";"-";"-";"-";"1205";"857";"14";"9";"834";"238";"15";"183";"59";"26";"4";"-";"1";"-";"-";"-";"-";"-";"2";"39";"-";"-";"-";"244";"-";"-";"23";"0";"-";"-";"-";"-";"-";"-"
"370010";"370010";"32";"5";"2";"1330";"888";"13";"3";"872";"212";"24";"84";"83";"22";"6";"-";"3";"-";"-";"-";"-";"-";"1";"43";"-";"-";"-";"359";"-";"-";"34";"1";"-";"-";"-";"-";"-";"-";"-";"-";"1330";"888";"13";"3";"872";"212";"24";"84";"83";"22";"6";"-";"3";"-";"-";"-";"-";"-";"1";"43";"-";"-";"-";"359";"-";"-";"34";"1";"-";"-";"-";"-";"-";"-"
"370011";"370011";"32";"5";"2";"2570";"1806";"25";"4";"1777";"786";"89";"193";"111";"107";"22";"-";"10";"-";"-";"-";"-";"-";"0";"77";"-";"-";"-";"279";"-";"-";"101";"2";"-";"-";"-";"-";"-";"-";"-";"-";"2570";"1806";"25";"4";"1777";"786";"89";"193";"111";"107";"22";"-";"10";"-";"-";"-";"-";"-";"0";"77";"-";"-";"-";"279";"-";"-";"101";"2";"-";"-";"-";"-";"-";"-"
"370012";"370012";"32";"5";"2";"449";"280";"5";"0";"275";"63";"26";"48";"31";"15";"3";"-";"0";"-";"-";"-";"-";"-";"0";"22";"-";"-";"-";"53";"-";"-";"14";"0";"-";"-";"-";"-";"-";"-";"-";"-";"449";"280";"5";"0";"275";"63";"26";"48";"31";"15";"3";"-";"0";"-";"-";"-";"-";"-";"0";"22";"-";"-";"-";"53";"-";"-";"14";"0";"-";"-";"-";"-";"-";"-"
"370013";"370013";"32";"5";"2";"548";"356";"4";"2";"350";"103";"12";"58";"33";"9";"9";"-";"6";"-";"-";"-";"-";"-";"0";"20";"-";"-";"-";"77";"-";"-";"22";"1";"-";"-";"-";"-";"-";"-";"-";"-";"548";"356";"4";"2";"350";"103";"12";"58";"33";"9";"9";"-";"6";"-";"-";"-";"-";"-";"0";"20";"-";"-";"-";"77";"-";"-";"22";"1";"-";"-";"-";"-";"-";"-"
"370014";"370014";"32";"5";"2";"2617";"1725";"28";"8";"1689";"641";"56";"204";"120";"75";"11";"-";"7";"-";"-";"-";"-";"-";"0";"112";"-";"-";"-";"386";"-";"-";"72";"5";"-";"-";"-";"-";"-";"-";"-";"-";"2617";"1725";"28";"8";"1689";"641";"56";"204";"120";"75";"11";"-";"7";"-";"-";"-";"-";"-";"0";"112";"-";"-";"-";"386";"-";"-";"72";"5";"-";"-";"-";"-";"-";"-"
"370020";"370020";"32";"5";"2";"3892";"2679";"29";"5";"2645";"1023";"187";"487";"129";"136";"66";"-";"2";"-";"-";"-";"-";"-";"1";"72";"-";"-";"-";"440";"-";"-";"96";"6";"-";"-";"-";"-";"-";"-";"-";"-";"3892";"2679";"29";"5";"2645";"1023";"187";"487";"129";"136";"66";"-";"2";"-";"-";"-";"-";"-";"1";"72";"-";"-";"-";"440";"-";"-";"96";"6";"-";"-";"-";"-";"-";"-"
"370021";"370021";"32";"5";"2";"3402";"2007";"37";"10";"1960";"720";"157";"339";"102";"125";"32";"-";"6";"-";"-";"-";"-";"-";"2";"49";"-";"-";"-";"313";"-";"-";"102";"13";"-";"-";"-";"-";"-";"-";"-";"-";"3402";"2007";"37";"10";"1960";"720";"157";"339";"102";"125";"32";"-";"6";"-";"-";"-";"-";"-";"2";"49";"-";"-";"-";"313";"-";"-";"102";"13";"-";"-";"-";"-";"-";"-"
"370022";"370022";"32";"5";"2";"5036";"2911";"59";"30";"2822";"1168";"176";"353";"207";"215";"44";"-";"10";"-";"-";"-";"-";"-";"6";"104";"-";"-";"-";"379";"-";"-";"148";"12";"-";"-";"-";"-";"-";"-";"-";"-";"5036";"2911";"59";"30";"2822";"1168";"176";"353";"207";"215";"44";"-";"10";"-";"-";"-";"-";"-";"6";"104";"-";"-";"-";"379";"-";"-";"148";"12";"-";"-";"-";"-";"-";"-"
"370023";"370023";"32";"5";"2";"5020";"3335";"38";"13";"3284";"1345";"259";"554";"173";"188";"49";"-";"9";"-";"-";"-";"-";"-";"0";"102";"-";"-";"-";"461";"-";"-";"136";"8";"-";"-";"-";"-";"-";"-";"-";"-";"5020";"3335";"38";"13";"3284";"1345";"259";"554";"173";"188";"49";"-";"9";"-";"-";"-";"-";"-";"0";"102";"-";"-";"-";"461";"-";"-";"136";"8";"-";"-";"-";"-";"-";"-"
"370024";"370024";"32";"5";"2";"5321";"3473";"43";"16";"3414";"1504";"212";"524";"193";"186";"33";"-";"9";"-";"-";"-";"-";"-";"5";"125";"-";"-";"-";"486";"-";"-";"127";"10";"-";"-";"-";"-";"-";"-";"-";"-";"5321";"3473";"43";"16";"3414";"1504";"212";"524";"193";"186";"33";"-";"9";"-";"-";"-";"-";"-";"5";"125";"-";"-";"-";"486";"-";"-";"127";"10";"-";"-";"-";"-";"-";"-"
"370025";"370025";"32";"5";"2";"2958";"1856";"26";"7";"1823";"799";"107";"251";"145";"113";"37";"-";"4";"-";"-";"-";"-";"-";"0";"75";"-";"-";"-";"210";"-";"-";"69";"13";"-";"-";"-";"-";"-";"-";"-";"-";"2958";"1856";"26";"7";"1823";"799";"107";"251";"145";"113";"37";"-";"4";"-";"-";"-";"-";"-";"0";"75";"-";"-";"-";"210";"-";"-";"69";"13";"-";"-";"-";"-";"-";"-"
"370026";"370026";"32";"5";"2";"2825";"2142";"27";"8";"2107";"704";"218";"482";"81";"104";"28";"-";"5";"-";"-";"-";"-";"-";"0";"37";"-";"-";"-";"376";"-";"-";"69";"3";"-";"-";"-";"-";"-";"-";"-";"-";"2825";"2142";"27";"8";"2107";"704";"218";"482";"81";"104";"28";"-";"5";"-";"-";"-";"-";"-";"0";"37";"-";"-";"-";"376";"-";"-";"69";"3";"-";"-";"-";"-";"-";"-"
"370027";"370027";"32";"5";"2";"5074";"3299";"49";"25";"3225";"1265";"223";"611";"201";"134";"51";"-";"9";"-";"-";"-";"-";"-";"4";"81";"-";"-";"-";"570";"-";"-";"73";"3";"-";"-";"-";"-";"-";"-";"-";"-";"5074";"3299";"49";"25";"3225";"1265";"223";"611";"201";"134";"51";"-";"9";"-";"-";"-";"-";"-";"4";"81";"-";"-";"-";"570";"-";"-";"73";"3";"-";"-";"-";"-";"-";"-"
"370028";"370028";"32";"5";"2";"4092";"2375";"31";"13";"2331";"1143";"155";"255";"140";"104";"21";"-";"8";"-";"-";"-";"-";"-";"6";"97";"-";"-";"-";"325";"-";"-";"75";"2";"-";"-";"-";"-";"-";"-";"-";"-";"4092";"2375";"31";"13";"2331";"1143";"155";"255";"140";"104";"21";"-";"8";"-";"-";"-";"-";"-";"6";"97";"-";"-";"-";"325";"-";"-";"75";"2";"-";"-";"-";"-";"-";"-"
"370029";"370029";"32";"5";"2";"715";"528";"9";"0";"519";"224";"26";"87";"42";"28";"4";"-";"1";"-";"-";"-";"-";"-";"1";"25";"-";"-";"-";"64";"-";"-";"16";"1";"-";"-";"-";"-";"-";"-";"-";"-";"715";"528";"9";"0";"519";"224";"26";"87";"42";"28";"4";"-";"1";"-";"-";"-";"-";"-";"1";"25";"-";"-";"-";"64";"-";"-";"16";"1";"-";"-";"-";"-";"-";"-"
"370031";"370031";"32";"5";"2";"1555";"912";"20";"7";"885";"270";"31";"115";"108";"47";"11";"-";"3";"-";"-";"-";"-";"-";"2";"34";"-";"-";"-";"222";"-";"-";"40";"2";"-";"-";"-";"-";"-";"-";"-";"-";"1555";"912";"20";"7";"885";"270";"31";"115";"108";"47";"11";"-";"3";"-";"-";"-";"-";"-";"2";"34";"-";"-";"-";"222";"-";"-";"40";"2";"-";"-";"-";"-";"-";"-"
"370032";"370032";"32";"5";"2";"2280";"1777";"22";"3";"1752";"692";"79";"340";"93";"78";"21";"-";"5";"-";"-";"-";"-";"-";"1";"78";"-";"-";"-";"300";"-";"-";"63";"2";"-";"-";"-";"-";"-";"-";"-";"-";"2280";"1777";"22";"3";"1752";"692";"79";"340";"93";"78";"21";"-";"5";"-";"-";"-";"-";"-";"1";"78";"-";"-";"-";"300";"-";"-";"63";"2";"-";"-";"-";"-";"-";"-"
"376001";"376001";"30";"5";"2";"4255";"2540";"30";"18";"2492";"662";"70";"157";"100";"167";"-";"-";"-";"5";"-";"-";"-";"-";"-";"345";"-";"674";"-";"163";"-";"-";"144";"5";"-";"-";"-";"-";"-";"-";"-";"-";"4255";"2540";"30";"18";"2492";"662";"70";"157";"100";"167";"-";"-";"-";"5";"-";"-";"-";"-";"-";"345";"-";"674";"-";"163";"-";"-";"144";"5";"-";"-";"-";"-";"-";"-"
"376002";"376002";"30";"5";"2";"3379";"2258";"45";"15";"2198";"598";"62";"128";"80";"133";"-";"-";"-";"9";"-";"-";"-";"-";"-";"406";"-";"520";"-";"148";"-";"-";"107";"7";"-";"-";"-";"-";"-";"-";"-";"-";"3379";"2258";"45";"15";"2198";"598";"62";"128";"80";"133";"-";"-";"-";"9";"-";"-";"-";"-";"-";"406";"-";"520";"-";"148";"-";"-";"107";"7";"-";"-";"-";"-";"-";"-"
"376003";"376003";"30";"5";"2";"3196";"2114";"22";"30";"2062";"678";"40";"122";"60";"110";"-";"-";"-";"17";"-";"-";"-";"-";"-";"348";"-";"470";"-";"115";"-";"-";"94";"8";"-";"-";"-";"-";"-";"-";"-";"-";"3196";"2114";"22";"30";"2062";"678";"40";"122";"60";"110";"-";"-";"-";"17";"-";"-";"-";"-";"-";"348";"-";"470";"-";"115";"-";"-";"94";"8";"-";"-";"-";"-";"-";"-"
"376004";"376004";"30";"5";"2";"3701";"2464";"42";"12";"2410";"714";"40";"155";"82";"96";"-";"-";"-";"6";"-";"-";"-";"-";"-";"448";"-";"574";"-";"172";"-";"-";"118";"5";"-";"-";"-";"-";"-";"-";"-";"-";"3701";"2464";"42";"12";"2410";"714";"40";"155";"82";"96";"-";"-";"-";"6";"-";"-";"-";"-";"-";"448";"-";"574";"-";"172";"-";"-";"118";"5";"-";"-";"-";"-";"-";"-"
"376005";"376005";"30";"5";"2";"2169";"1645";"13";"8";"1624";"435";"28";"91";"97";"87";"-";"-";"-";"5";"-";"-";"-";"-";"-";"311";"-";"381";"-";"134";"-";"-";"50";"5";"-";"-";"-";"-";"-";"-";"-";"-";"2169";"1645";"13";"8";"1624";"435";"28";"91";"97";"87";"-";"-";"-";"5";"-";"-";"-";"-";"-";"311";"-";"381";"-";"134";"-";"-";"50";"5";"-";"-";"-";"-";"-";"-"
"376006";"376006";"30";"5";"2";"1521";"1089";"20";"1";"1068";"267";"17";"80";"47";"47";"-";"-";"-";"1";"-";"-";"-";"-";"-";"215";"-";"244";"-";"116";"-";"-";"33";"1";"-";"-";"-";"-";"-";"-";"-";"-";"1521";"1089";"20";"1";"1068";"267";"17";"80";"47";"47";"-";"-";"-";"1";"-";"-";"-";"-";"-";"215";"-";"244";"-";"116";"-";"-";"33";"1";"-";"-";"-";"-";"-";"-"
"376007";"376007";"30";"5";"2";"2890";"2209";"28";"18";"2163";"623";"46";"158";"65";"115";"-";"-";"-";"7";"-";"-";"-";"-";"-";"386";"-";"528";"-";"165";"-";"-";"69";"1";"-";"-";"-";"-";"-";"-";"-";"-";"2890";"2209";"28";"18";"2163";"623";"46";"158";"65";"115";"-";"-";"-";"7";"-";"-";"-";"-";"-";"386";"-";"528";"-";"165";"-";"-";"69";"1";"-";"-";"-";"-";"-";"-"
"376008";"376008";"30";"5";"2";"2419";"1679";"30";"9";"1640";"464";"29";"75";"64";"70";"-";"-";"-";"2";"-";"-";"-";"-";"-";"267";"-";"407";"-";"180";"-";"-";"70";"12";"-";"-";"-";"-";"-";"-";"-";"-";"2419";"1679";"30";"9";"1640";"464";"29";"75";"64";"70";"-";"-";"-";"2";"-";"-";"-";"-";"-";"267";"-";"407";"-";"180";"-";"-";"70";"12";"-";"-";"-";"-";"-";"-"
"376009";"376009";"30";"5";"2";"1255";"854";"10";"5";"839";"212";"7";"39";"53";"33";"-";"-";"-";"1";"-";"-";"-";"-";"-";"159";"-";"146";"-";"146";"-";"-";"35";"8";"-";"-";"-";"-";"-";"-";"-";"-";"1255";"854";"10";"5";"839";"212";"7";"39";"53";"33";"-";"-";"-";"1";"-";"-";"-";"-";"-";"159";"-";"146";"-";"146";"-";"-";"35";"8";"-";"-";"-";"-";"-";"-"
"376010";"376010";"30";"5";"2";"2614";"1712";"36";"13";"1663";"468";"23";"89";"70";"60";"-";"-";"-";"7";"-";"-";"-";"-";"-";"343";"-";"312";"-";"214";"-";"-";"69";"8";"-";"-";"-";"-";"-";"-";"-";"-";"2614";"1712";"36";"13";"1663";"468";"23";"89";"70";"60";"-";"-";"-";"7";"-";"-";"-";"-";"-";"343";"-";"312";"-";"214";"-";"-";"69";"8";"-";"-";"-";"-";"-";"-"
"376011";"376011";"30";"5";"2";"1878";"1204";"28";"2";"1174";"351";"23";"59";"58";"49";"-";"-";"-";"4";"-";"-";"-";"-";"-";"226";"-";"198";"-";"154";"-";"-";"44";"8";"-";"-";"-";"-";"-";"-";"-";"-";"1878";"1204";"28";"2";"1174";"351";"23";"59";"58";"49";"-";"-";"-";"4";"-";"-";"-";"-";"-";"226";"-";"198";"-";"154";"-";"-";"44";"8";"-";"-";"-";"-";"-";"-"
"376012";"376012";"30";"5";"2";"2159";"1450";"23";"6";"1421";"509";"34";"59";"84";"48";"-";"-";"-";"0";"-";"-";"-";"-";"-";"315";"-";"215";"-";"123";"-";"-";"30";"4";"-";"-";"-";"-";"-";"-";"-";"-";"2159";"1450";"23";"6";"1421";"509";"34";"59";"84";"48";"-";"-";"-";"0";"-";"-";"-";"-";"-";"315";"-";"215";"-";"123";"-";"-";"30";"4";"-";"-";"-";"-";"-";"-"
"376013";"376013";"30";"5";"2";"4716";"3137";"54";"11";"3072";"1024";"44";"283";"94";"132";"-";"-";"-";"4";"-";"-";"-";"-";"-";"512";"-";"653";"-";"221";"-";"-";"96";"9";"-";"-";"-";"-";"-";"-";"-";"-";"4716";"3137";"54";"11";"3072";"1024";"44";"283";"94";"132";"-";"-";"-";"4";"-";"-";"-";"-";"-";"512";"-";"653";"-";"221";"-";"-";"96";"9";"-";"-";"-";"-";"-";"-"
"376014";"376014";"30";"5";"2";"1333";"906";"16";"7";"883";"229";"11";"80";"54";"30";"-";"-";"-";"1";"-";"-";"-";"-";"-";"192";"-";"145";"-";"98";"-";"-";"41";"2";"-";"-";"-";"-";"-";"-";"-";"-";"1333";"906";"16";"7";"883";"229";"11";"80";"54";"30";"-";"-";"-";"1";"-";"-";"-";"-";"-";"192";"-";"145";"-";"98";"-";"-";"41";"2";"-";"-";"-";"-";"-";"-"
"376015";"376015";"30";"5";"2";"980";"620";"10";"1";"609";"153";"3";"61";"33";"31";"-";"-";"-";"0";"-";"-";"-";"-";"-";"114";"-";"129";"-";"67";"-";"-";"17";"1";"-";"-";"-";"-";"-";"-";"-";"-";"980";"620";"10";"1";"609";"153";"3";"61";"33";"31";"-";"-";"-";"0";"-";"-";"-";"-";"-";"114";"-";"129";"-";"67";"-";"-";"17";"1";"-";"-";"-";"-";"-";"-"
"376016";"376016";"30";"5";"2";"3166";"2058";"48";"16";"1994";"622";"22";"86";"96";"104";"-";"-";"-";"14";"-";"-";"-";"-";"-";"334";"-";"462";"-";"157";"-";"-";"86";"11";"-";"-";"-";"-";"-";"-";"-";"-";"3166";"2058";"48";"16";"1994";"622";"22";"86";"96";"104";"-";"-";"-";"14";"-";"-";"-";"-";"-";"334";"-";"462";"-";"157";"-";"-";"86";"11";"-";"-";"-";"-";"-";"-"
"376017";"376017";"30";"5";"2";"2508";"1708";"22";"7";"1679";"454";"31";"71";"81";"78";"-";"-";"-";"2";"-";"-";"-";"-";"-";"403";"-";"353";"-";"137";"-";"-";"66";"3";"-";"-";"-";"-";"-";"-";"-";"-";"2508";"1708";"22";"7";"1679";"454";"31";"71";"81";"78";"-";"-";"-";"2";"-";"-";"-";"-";"-";"403";"-";"353";"-";"137";"-";"-";"66";"3";"-";"-";"-";"-";"-";"-"
"376018";"376018";"30";"5";"2";"1578";"1155";"17";"1";"1137";"295";"15";"58";"58";"43";"-";"-";"-";"3";"-";"-";"-";"-";"-";"273";"-";"256";"-";"106";"-";"-";"28";"2";"-";"-";"-";"-";"-";"-";"-";"-";"1578";"1155";"17";"1";"1137";"295";"15";"58";"58";"43";"-";"-";"-";"3";"-";"-";"-";"-";"-";"273";"-";"256";"-";"106";"-";"-";"28";"2";"-";"-";"-";"-";"-";"-"
"376019";"376019";"30";"5";"2";"3035";"2242";"23";"13";"2206";"603";"38";"189";"81";"93";"-";"-";"-";"2";"-";"-";"-";"-";"-";"509";"-";"505";"-";"131";"-";"-";"45";"10";"-";"-";"-";"-";"-";"-";"-";"-";"3035";"2242";"23";"13";"2206";"603";"38";"189";"81";"93";"-";"-";"-";"2";"-";"-";"-";"-";"-";"509";"-";"505";"-";"131";"-";"-";"45";"10";"-";"-";"-";"-";"-";"-"
"376020";"376020";"30";"5";"2";"1125";"719";"13";"7";"699";"176";"5";"29";"34";"34";"-";"-";"-";"1";"-";"-";"-";"-";"-";"176";"-";"172";"-";"18";"-";"-";"46";"8";"-";"-";"-";"-";"-";"-";"-";"-";"1125";"719";"13";"7";"699";"176";"5";"29";"34";"34";"-";"-";"-";"1";"-";"-";"-";"-";"-";"176";"-";"172";"-";"18";"-";"-";"46";"8";"-";"-";"-";"-";"-";"-"
"390001";"390001";"31";"5";"2";"4689";"2892";"59";"17";"2816";"1103";"95";"396";"76";"330";"-";"-";"-";"-";"-";"-";"-";"-";"-";"63";"-";"-";"-";"573";"-";"-";"118";"26";"-";"-";"-";"-";"-";"-";"36";"-";"4689";"2892";"59";"17";"2816";"1103";"95";"396";"76";"330";"-";"-";"-";"-";"-";"-";"-";"-";"-";"63";"-";"-";"-";"573";"-";"-";"118";"26";"-";"-";"-";"-";"-";"36"
"390002";"390002";"31";"5";"2";"3524";"2323";"35";"12";"2276";"875";"89";"284";"81";"244";"-";"-";"-";"-";"-";"-";"-";"-";"-";"94";"-";"-";"-";"463";"-";"-";"105";"14";"-";"-";"-";"-";"-";"-";"27";"-";"3524";"2323";"35";"12";"2276";"875";"89";"284";"81";"244";"-";"-";"-";"-";"-";"-";"-";"-";"-";"94";"-";"-";"-";"463";"-";"-";"105";"14";"-";"-";"-";"-";"-";"27"
"390003";"390003";"31";"5";"2";"2406";"1821";"23";"8";"1790";"576";"79";"284";"47";"184";"-";"-";"-";"-";"-";"-";"-";"-";"-";"47";"-";"-";"-";"441";"-";"-";"99";"11";"-";"-";"-";"-";"-";"-";"22";"-";"2406";"1821";"23";"8";"1790";"576";"79";"284";"47";"184";"-";"-";"-";"-";"-";"-";"-";"-";"-";"47";"-";"-";"-";"441";"-";"-";"99";"11";"-";"-";"-";"-";"-";"22"
"390004";"390004";"31";"5";"2";"2194";"1408";"24";"7";"1377";"508";"39";"197";"54";"140";"-";"-";"-";"-";"-";"-";"-";"-";"-";"58";"-";"-";"-";"281";"-";"-";"76";"11";"-";"-";"-";"-";"-";"-";"13";"-";"2194";"1408";"24";"7";"1377";"508";"39";"197";"54";"140";"-";"-";"-";"-";"-";"-";"-";"-";"-";"58";"-";"-";"-";"281";"-";"-";"76";"11";"-";"-";"-";"-";"-";"13"
"390005";"390005";"31";"5";"2";"983";"677";"9";"1";"667";"180";"17";"39";"31";"19";"-";"-";"-";"-";"-";"-";"-";"-";"-";"38";"-";"-";"-";"274";"-";"-";"53";"13";"-";"-";"-";"-";"-";"-";"3";"-";"983";"677";"9";"1";"667";"180";"17";"39";"31";"19";"-";"-";"-";"-";"-";"-";"-";"-";"-";"38";"-";"-";"-";"274";"-";"-";"53";"13";"-";"-";"-";"-";"-";"3"
"390006";"390006";"31";"5";"2";"3139";"1902";"30";"6";"1866";"534";"41";"371";"137";"139";"-";"-";"-";"-";"-";"-";"-";"-";"-";"146";"-";"-";"-";"384";"-";"-";"86";"11";"-";"-";"-";"-";"-";"-";"17";"-";"3139";"1902";"30";"6";"1866";"534";"41";"371";"137";"139";"-";"-";"-";"-";"-";"-";"-";"-";"-";"146";"-";"-";"-";"384";"-";"-";"86";"11";"-";"-";"-";"-";"-";"17"
"390007";"390007";"31";"5";"2";"1669";"1121";"18";"3";"1100";"387";"18";"112";"45";"110";"-";"-";"-";"-";"-";"-";"-";"-";"-";"107";"-";"-";"-";"261";"-";"-";"30";"6";"-";"-";"-";"-";"-";"-";"24";"-";"1669";"1121";"18";"3";"1100";"387";"18";"112";"45";"110";"-";"-";"-";"-";"-";"-";"-";"-";"-";"107";"-";"-";"-";"261";"-";"-";"30";"6";"-";"-";"-";"-";"-";"24"
"390008";"390008";"31";"5";"2";"4624";"3260";"58";"10";"3192";"1088";"137";"190";"109";"140";"-";"-";"-";"-";"-";"-";"-";"-";"-";"93";"-";"-";"-";"821";"-";"-";"290";"30";"-";"-";"-";"-";"-";"-";"294";"-";"4624";"3260";"58";"10";"3192";"1088";"137";"190";"109";"140";"-";"-";"-";"-";"-";"-";"-";"-";"-";"93";"-";"-";"-";"821";"-";"-";"290";"30";"-";"-";"-";"-";"-";"294"
"390009";"390009";"31";"5";"2";"1305";"900";"17";"4";"879";"225";"31";"55";"38";"48";"-";"-";"-";"-";"-";"-";"-";"-";"-";"46";"-";"-";"-";"227";"-";"-";"128";"18";"-";"-";"-";"-";"-";"-";"63";"-";"1305";"900";"17";"4";"879";"225";"31";"55";"38";"48";"-";"-";"-";"-";"-";"-";"-";"-";"-";"46";"-";"-";"-";"227";"-";"-";"128";"18";"-";"-";"-";"-";"-";"63"
"390010";"390010";"31";"5";"2";"1884";"1379";"22";"11";"1346";"323";"52";"77";"61";"73";"-";"-";"-";"-";"-";"-";"-";"-";"-";"53";"-";"-";"-";"296";"-";"-";"296";"30";"-";"-";"-";"-";"-";"-";"85";"-";"1884";"1379";"22";"11";"1346";"323";"52";"77";"61";"73";"-";"-";"-";"-";"-";"-";"-";"-";"-";"53";"-";"-";"-";"296";"-";"-";"296";"30";"-";"-";"-";"-";"-";"85"
"390011";"390011";"31";"5";"2";"985";"754";"15";"5";"734";"211";"20";"87";"31";"51";"-";"-";"-";"-";"-";"-";"-";"-";"-";"22";"-";"-";"-";"126";"-";"-";"171";"4";"-";"-";"-";"-";"-";"-";"11";"-";"985";"754";"15";"5";"734";"211";"20";"87";"31";"51";"-";"-";"-";"-";"-";"-";"-";"-";"-";"22";"-";"-";"-";"126";"-";"-";"171";"4";"-";"-";"-";"-";"-";"11"
"390012";"390012";"31";"5";"2";"3561";"2519";"22";"10";"2487";"1195";"59";"177";"97";"150";"-";"-";"-";"-";"-";"-";"-";"-";"-";"105";"-";"-";"-";"544";"-";"-";"127";"15";"-";"-";"-";"-";"-";"-";"18";"-";"3561";"2519";"22";"10";"2487";"1195";"59";"177";"97";"150";"-";"-";"-";"-";"-";"-";"-";"-";"-";"105";"-";"-";"-";"544";"-";"-";"127";"15";"-";"-";"-";"-";"-";"18"
"390013";"390013";"31";"5";"2";"954";"684";"11";"1";"672";"241";"19";"48";"37";"45";"-";"-";"-";"-";"-";"-";"-";"-";"-";"26";"-";"-";"-";"194";"-";"-";"42";"9";"-";"-";"-";"-";"-";"-";"11";"-";"954";"684";"11";"1";"672";"241";"19";"48";"37";"45";"-";"-";"-";"-";"-";"-";"-";"-";"-";"26";"-";"-";"-";"194";"-";"-";"42";"9";"-";"-";"-";"-";"-";"11"
"390014";"390014";"31";"5";"2";"654";"468";"5";"1";"462";"208";"20";"36";"23";"43";"-";"-";"-";"-";"-";"-";"-";"-";"-";"18";"-";"-";"-";"70";"-";"-";"26";"9";"-";"-";"-";"-";"-";"-";"9";"-";"654";"468";"5";"1";"462";"208";"20";"36";"23";"43";"-";"-";"-";"-";"-";"-";"-";"-";"-";"18";"-";"-";"-";"70";"-";"-";"26";"9";"-";"-";"-";"-";"-";"9"
"390015";"390015";"31";"5";"2";"1547";"1050";"17";"3";"1030";"340";"20";"150";"57";"75";"-";"-";"-";"-";"-";"-";"-";"-";"-";"51";"-";"-";"-";"248";"-";"-";"61";"12";"-";"-";"-";"-";"-";"-";"16";"-";"1547";"1050";"17";"3";"1030";"340";"20";"150";"57";"75";"-";"-";"-";"-";"-";"-";"-";"-";"-";"51";"-";"-";"-";"248";"-";"-";"61";"12";"-";"-";"-";"-";"-";"16"
"390016";"390016";"31";"5";"2";"1808";"1290";"15";"3";"1272";"487";"48";"150";"77";"102";"-";"-";"-";"-";"-";"-";"-";"-";"-";"44";"-";"-";"-";"225";"-";"-";"78";"10";"-";"-";"-";"-";"-";"-";"51";"-";"1808";"1290";"15";"3";"1272";"487";"48";"150";"77";"102";"-";"-";"-";"-";"-";"-";"-";"-";"-";"44";"-";"-";"-";"225";"-";"-";"78";"10";"-";"-";"-";"-";"-";"51"
"390017";"390017";"31";"5";"2";"1650";"1141";"16";"4";"1121";"440";"22";"137";"63";"69";"-";"-";"-";"-";"-";"-";"-";"-";"-";"51";"-";"-";"-";"267";"-";"-";"42";"11";"-";"-";"-";"-";"-";"-";"19";"-";"1650";"1141";"16";"4";"1121";"440";"22";"137";"63";"69";"-";"-";"-";"-";"-";"-";"-";"-";"-";"51";"-";"-";"-";"267";"-";"-";"42";"11";"-";"-";"-";"-";"-";"19"
"400001";"400001";"28";"4";"1";"2731";"2035";"33";"7";"1995";"262";"40";"203";"31";"87";"-";"-";"14";"72";"-";"-";"-";"-";"-";"270";"-";"4";"-";"239";"-";"-";"540";"41";"-";"-";"-";"-";"192";"-";"-";"-";"2731";"2035";"33";"7";"1995";"262";"40";"203";"31";"87";"-";"-";"14";"72";"-";"-";"-";"-";"-";"270";"-";"4";"-";"239";"-";"-";"540";"41";"-";"-";"-";"192";"-";"-"
"400002";"400002";"28";"4";"1";"2469";"1861";"26";"4";"1831";"152";"40";"205";"30";"48";"-";"-";"15";"96";"-";"-";"-";"-";"-";"277";"-";"5";"-";"169";"-";"-";"564";"37";"-";"-";"-";"-";"193";"-";"-";"-";"2469";"1861";"26";"4";"1831";"152";"40";"205";"30";"48";"-";"-";"15";"96";"-";"-";"-";"-";"-";"277";"-";"5";"-";"169";"-";"-";"564";"37";"-";"-";"-";"193";"-";"-"
"400003";"400003";"28";"4";"1";"1679";"1332";"13";"0";"1319";"163";"29";"184";"7";"44";"-";"-";"8";"41";"-";"-";"-";"-";"-";"86";"-";"0";"-";"128";"-";"-";"465";"35";"-";"-";"-";"-";"129";"-";"-";"-";"1679";"1332";"13";"0";"1319";"163";"29";"184";"7";"44";"-";"-";"8";"41";"-";"-";"-";"-";"-";"86";"-";"0";"-";"128";"-";"-";"465";"35";"-";"-";"-";"129";"-";"-"
"400004";"400004";"28";"4";"1";"3724";"2656";"46";"5";"2605";"347";"61";"283";"40";"69";"-";"-";"15";"110";"-";"-";"-";"-";"-";"371";"-";"3";"-";"249";"-";"-";"664";"47";"-";"-";"-";"-";"346";"-";"-";"-";"3724";"2656";"46";"5";"2605";"347";"61";"283";"40";"69";"-";"-";"15";"110";"-";"-";"-";"-";"-";"371";"-";"3";"-";"249";"-";"-";"664";"47";"-";"-";"-";"346";"-";"-"
"400005";"400005";"28";"4";"1";"1434";"1106";"13";"7";"1086";"123";"34";"126";"21";"27";"-";"-";"5";"55";"-";"-";"-";"-";"-";"184";"-";"1";"-";"144";"-";"-";"195";"18";"-";"-";"-";"-";"153";"-";"-";"-";"1434";"1106";"13";"7";"1086";"123";"34";"126";"21";"27";"-";"-";"5";"55";"-";"-";"-";"-";"-";"184";"-";"1";"-";"144";"-";"-";"195";"18";"-";"-";"-";"153";"-";"-"
"400006";"400006";"28";"4";"1";"4398";"3210";"56";"11";"3143";"447";"50";"381";"69";"78";"-";"-";"14";"188";"-";"-";"-";"-";"-";"571";"-";"9";"-";"343";"-";"-";"552";"55";"-";"-";"-";"-";"386";"-";"-";"-";"4398";"3210";"56";"11";"3143";"447";"50";"381";"69";"78";"-";"-";"14";"188";"-";"-";"-";"-";"-";"571";"-";"9";"-";"343";"-";"-";"552";"55";"-";"-";"-";"386";"-";"-"
"400007";"400007";"27";"4";"1";"2121";"1585";"23";"6";"1556";"168";"14";"164";"30";"25";"-";"-";"15";"67";"-";"-";"-";"-";"-";"391";"-";"7";"-";"175";"-";"-";"265";"26";"-";"-";"-";"-";"209";"-";"-";"-";"2121";"1585";"23";"6";"1556";"168";"14";"164";"30";"25";"-";"-";"15";"67";"-";"-";"-";"-";"-";"391";"-";"7";"-";"175";"-";"-";"265";"26";"-";"-";"-";"209";"-";"-"
"400008";"400008";"27";"4";"1";"11936";"8326";"127";"46";"8153";"1652";"140";"1142";"137";"260";"-";"-";"39";"283";"-";"-";"-";"-";"-";"1139";"-";"14";"-";"646";"-";"-";"1780";"122";"-";"-";"-";"-";"799";"-";"-";"-";"11936";"8326";"127";"46";"8153";"1652";"140";"1142";"137";"260";"-";"-";"39";"283";"-";"-";"-";"-";"-";"1139";"-";"14";"-";"646";"-";"-";"1780";"122";"-";"-";"-";"799";"-";"-"
"400009";"400009";"27";"4";"1";"2372";"1849";"35";"8";"1806";"302";"35";"208";"34";"44";"-";"-";"5";"73";"-";"-";"-";"-";"-";"308";"-";"1";"-";"152";"-";"-";"395";"33";"-";"-";"-";"-";"216";"-";"-";"-";"2372";"1849";"35";"8";"1806";"302";"35";"208";"34";"44";"-";"-";"5";"73";"-";"-";"-";"-";"-";"308";"-";"1";"-";"152";"-";"-";"395";"33";"-";"-";"-";"216";"-";"-"
"410001";"410001";"45";"6";"2";"5915";"4183";"56";"21";"4106";"1674";"125";"311";"141";"386";"-";"-";"-";"-";"-";"48";"-";"-";"-";"142";"-";"-";"-";"909";"0";"-";"235";"-";"-";"-";"-";"130";"-";"-";"5";"-";"5915";"4183";"56";"21";"4106";"1674";"125";"311";"141";"386";"-";"-";"-";"-";"-";"48";"-";"-";"-";"142";"-";"-";"-";"909";"0";"-";"235";"-";"-";"-";"130";"-";"-";"5"
"410002";"410002";"45";"6";"2";"5571";"4105";"37";"12";"4056";"1872";"116";"264";"147";"312";"-";"-";"-";"-";"-";"31";"-";"-";"-";"211";"-";"-";"-";"852";"0";"-";"146";"-";"-";"-";"-";"94";"-";"-";"11";"-";"5571";"4105";"37";"12";"4056";"1872";"116";"264";"147";"312";"-";"-";"-";"-";"-";"31";"-";"-";"-";"211";"-";"-";"-";"852";"0";"-";"146";"-";"-";"-";"94";"-";"-";"11"
"410003";"410003";"45";"6";"2";"3539";"2770";"33";"6";"2731";"909";"87";"366";"86";"191";"-";"-";"-";"-";"-";"7";"-";"-";"-";"104";"-";"-";"-";"752";"0";"-";"151";"-";"-";"-";"-";"74";"-";"-";"4";"-";"3539";"2770";"33";"6";"2731";"909";"87";"366";"86";"191";"-";"-";"-";"-";"-";"7";"-";"-";"-";"104";"-";"-";"-";"752";"0";"-";"151";"-";"-";"-";"74";"-";"-";"4"
"410004";"410004";"45";"6";"2";"2461";"1723";"29";"4";"1690";"686";"43";"108";"99";"98";"-";"-";"-";"-";"-";"12";"-";"-";"-";"91";"-";"-";"-";"424";"1";"-";"67";"-";"-";"-";"-";"54";"-";"-";"7";"-";"2461";"1723";"29";"4";"1690";"686";"43";"108";"99";"98";"-";"-";"-";"-";"-";"12";"-";"-";"-";"91";"-";"-";"-";"424";"1";"-";"67";"-";"-";"-";"54";"-";"-";"7"
"410005";"410005";"45";"6";"2";"1325";"971";"6";"3";"962";"304";"35";"64";"44";"56";"-";"-";"-";"-";"-";"9";"-";"-";"-";"43";"-";"-";"-";"315";"0";"-";"52";"-";"-";"-";"-";"37";"-";"-";"3";"-";"1325";"971";"6";"3";"962";"304";"35";"64";"44";"56";"-";"-";"-";"-";"-";"9";"-";"-";"-";"43";"-";"-";"-";"315";"0";"-";"52";"-";"-";"-";"37";"-";"-";"3"
"410006";"410006";"45";"6";"2";"3148";"2121";"34";"9";"2078";"849";"57";"117";"63";"131";"-";"-";"-";"-";"-";"8";"-";"-";"-";"117";"-";"-";"-";"497";"5";"-";"88";"-";"-";"-";"-";"136";"-";"-";"10";"-";"3148";"2121";"34";"9";"2078";"849";"57";"117";"63";"131";"-";"-";"-";"-";"-";"8";"-";"-";"-";"117";"-";"-";"-";"497";"5";"-";"88";"-";"-";"-";"136";"-";"-";"10"
"410007";"410007";"45";"6";"2";"1491";"1111";"21";"5";"1085";"370";"40";"42";"58";"54";"-";"-";"-";"-";"-";"3";"-";"-";"-";"54";"-";"-";"-";"318";"3";"-";"59";"-";"-";"-";"-";"82";"-";"-";"2";"-";"1491";"1111";"21";"5";"1085";"370";"40";"42";"58";"54";"-";"-";"-";"-";"-";"3";"-";"-";"-";"54";"-";"-";"-";"318";"3";"-";"59";"-";"-";"-";"82";"-";"-";"2"
"410008";"410008";"45";"6";"2";"2458";"1591";"22";"8";"1561";"622";"30";"101";"64";"70";"-";"-";"-";"-";"-";"9";"-";"-";"-";"85";"-";"-";"-";"471";"4";"-";"61";"-";"-";"-";"-";"43";"-";"-";"1";"-";"2458";"1591";"22";"8";"1561";"622";"30";"101";"64";"70";"-";"-";"-";"-";"-";"9";"-";"-";"-";"85";"-";"-";"-";"471";"4";"-";"61";"-";"-";"-";"43";"-";"-";"1"
"410009";"410009";"45";"6";"2";"2181";"1470";"29";"4";"1437";"535";"24";"97";"92";"97";"-";"-";"-";"-";"-";"4";"-";"-";"-";"67";"-";"-";"-";"442";"3";"-";"46";"-";"-";"-";"-";"27";"-";"-";"3";"-";"2181";"1470";"29";"4";"1437";"535";"24";"97";"92";"97";"-";"-";"-";"-";"-";"4";"-";"-";"-";"67";"-";"-";"-";"442";"3";"-";"46";"-";"-";"-";"27";"-";"-";"3"
"410010";"410010";"45";"6";"2";"2158";"1476";"23";"0";"1453";"714";"47";"79";"54";"59";"-";"-";"-";"-";"-";"1";"-";"-";"-";"82";"-";"-";"-";"328";"13";"-";"45";"-";"-";"-";"-";"27";"-";"-";"4";"-";"2158";"1476";"23";"0";"1453";"714";"47";"79";"54";"59";"-";"-";"-";"-";"-";"1";"-";"-";"-";"82";"-";"-";"-";"328";"13";"-";"45";"-";"-";"-";"27";"-";"-";"4"
"410011";"410011";"45";"6";"2";"1269";"809";"17";"3";"789";"332";"62";"48";"46";"24";"-";"-";"-";"-";"-";"4";"-";"-";"-";"70";"-";"-";"-";"155";"5";"-";"19";"-";"-";"-";"-";"22";"-";"-";"2";"-";"1269";"809";"17";"3";"789";"332";"62";"48";"46";"24";"-";"-";"-";"-";"-";"4";"-";"-";"-";"70";"-";"-";"-";"155";"5";"-";"19";"-";"-";"-";"22";"-";"-";"2"
"420001";"420001";"44";"6";"2";"5833";"3886";"57";"31";"3798";"1186";"75";"392";"124";"182";"-";"-";"-";"-";"-";"6";"2";"-";"-";"191";"12";"-";"-";"1425";"-";"-";"162";"16";"-";"-";"-";"-";"-";"-";"25";"-";"5833";"3886";"57";"31";"3798";"1186";"75";"392";"124";"182";"-";"-";"-";"-";"-";"6";"2";"-";"-";"191";"12";"-";"-";"1425";"-";"-";"162";"16";"-";"-";"-";"-";"-";"25"
"420002";"420002";"44";"6";"2";"1315";"958";"22";"1";"935";"284";"14";"74";"31";"56";"-";"-";"-";"-";"-";"0";"0";"-";"-";"57";"0";"-";"-";"386";"-";"-";"23";"8";"-";"-";"-";"-";"-";"-";"2";"-";"1315";"958";"22";"1";"935";"284";"14";"74";"31";"56";"-";"-";"-";"-";"-";"0";"0";"-";"-";"57";"0";"-";"-";"386";"-";"-";"23";"8";"-";"-";"-";"-";"-";"2"
"420003";"420003";"44";"6";"2";"663";"474";"7";"2";"465";"98";"13";"20";"5";"35";"-";"-";"-";"-";"-";"0";"1";"-";"-";"36";"0";"-";"-";"229";"-";"-";"15";"10";"-";"-";"-";"-";"-";"-";"3";"-";"663";"474";"7";"2";"465";"98";"13";"20";"5";"35";"-";"-";"-";"-";"-";"0";"1";"-";"-";"36";"0";"-";"-";"229";"-";"-";"15";"10";"-";"-";"-";"-";"-";"3"
"420004";"420004";"44";"6";"2";"729";"504";"12";"1";"491";"94";"11";"61";"23";"26";"-";"-";"-";"-";"-";"0";"1";"-";"-";"31";"1";"-";"-";"217";"-";"-";"16";"7";"-";"-";"-";"-";"-";"-";"3";"-";"729";"504";"12";"1";"491";"94";"11";"61";"23";"26";"-";"-";"-";"-";"-";"0";"1";"-";"-";"31";"1";"-";"-";"217";"-";"-";"16";"7";"-";"-";"-";"-";"-";"3"
"420005";"420005";"44";"6";"2";"3300";"2376";"39";"14";"2323";"676";"76";"159";"86";"118";"-";"-";"-";"-";"-";"0";"4";"-";"-";"113";"2";"-";"-";"1000";"-";"-";"70";"7";"-";"-";"-";"-";"-";"-";"12";"-";"3300";"2376";"39";"14";"2323";"676";"76";"159";"86";"118";"-";"-";"-";"-";"-";"0";"4";"-";"-";"113";"2";"-";"-";"1000";"-";"-";"70";"7";"-";"-";"-";"-";"-";"12"
"420006";"420006";"44";"6";"2";"598";"378";"5";"2";"371";"75";"76";"6";"20";"12";"-";"-";"-";"-";"-";"1";"0";"-";"-";"36";"0";"-";"-";"136";"-";"-";"5";"0";"-";"-";"-";"-";"-";"-";"4";"-";"598";"378";"5";"2";"371";"75";"76";"6";"20";"12";"-";"-";"-";"-";"-";"1";"0";"-";"-";"36";"0";"-";"-";"136";"-";"-";"5";"0";"-";"-";"-";"-";"-";"4"
"420007";"420007";"44";"6";"2";"1051";"741";"15";"1";"725";"160";"20";"59";"31";"73";"-";"-";"-";"-";"-";"1";"3";"-";"-";"39";"0";"-";"-";"298";"-";"-";"34";"5";"-";"-";"-";"-";"-";"-";"2";"-";"1051";"741";"15";"1";"725";"160";"20";"59";"31";"73";"-";"-";"-";"-";"-";"1";"3";"-";"-";"39";"0";"-";"-";"298";"-";"-";"34";"5";"-";"-";"-";"-";"-";"2"
"420008";"420008";"44";"6";"2";"2549";"1816";"27";"5";"1784";"546";"43";"112";"64";"154";"-";"-";"-";"-";"-";"1";"3";"-";"-";"140";"3";"-";"-";"612";"-";"-";"66";"35";"-";"-";"-";"-";"-";"-";"5";"-";"2549";"1816";"27";"5";"1784";"546";"43";"112";"64";"154";"-";"-";"-";"-";"-";"1";"3";"-";"-";"140";"3";"-";"-";"612";"-";"-";"66";"35";"-";"-";"-";"-";"-";"5"
"420009";"420009";"44";"6";"2";"848";"548";"10";"4";"534";"121";"5";"66";"31";"21";"-";"-";"-";"-";"-";"0";"2";"-";"-";"43";"2";"-";"-";"215";"-";"-";"19";"6";"-";"-";"-";"-";"-";"-";"3";"-";"848";"548";"10";"4";"534";"121";"5";"66";"31";"21";"-";"-";"-";"-";"-";"0";"2";"-";"-";"43";"2";"-";"-";"215";"-";"-";"19";"6";"-";"-";"-";"-";"-";"3"
"420010";"420010";"44";"6";"2";"787";"575";"11";"1";"563";"139";"33";"30";"20";"41";"-";"-";"-";"-";"-";"1";"0";"-";"-";"38";"1";"-";"-";"233";"-";"-";"23";"2";"-";"-";"-";"-";"-";"-";"2";"-";"787";"575";"11";"1";"563";"139";"33";"30";"20";"41";"-";"-";"-";"-";"-";"1";"0";"-";"-";"38";"1";"-";"-";"233";"-";"-";"23";"2";"-";"-";"-";"-";"-";"2"
"420011";"420011";"44";"6";"2";"4762";"3283";"46";"18";"3219";"784";"52";"153";"164";"208";"-";"-";"-";"-";"-";"2";"36";"-";"-";"150";"6";"-";"-";"1503";"-";"-";"134";"20";"-";"-";"-";"-";"-";"-";"7";"-";"4762";"3283";"46";"18";"3219";"784";"52";"153";"164";"208";"-";"-";"-";"-";"-";"2";"36";"-";"-";"150";"6";"-";"-";"1503";"-";"-";"134";"20";"-";"-";"-";"-";"-";"7"
"420012";"420012";"44";"6";"2";"864";"648";"9";"0";"639";"149";"8";"66";"14";"38";"-";"-";"-";"-";"-";"0";"0";"-";"-";"29";"1";"-";"-";"303";"-";"-";"23";"5";"-";"-";"-";"-";"-";"-";"3";"-";"864";"648";"9";"0";"639";"149";"8";"66";"14";"38";"-";"-";"-";"-";"-";"0";"0";"-";"-";"29";"1";"-";"-";"303";"-";"-";"23";"5";"-";"-";"-";"-";"-";"3"
"420013";"420013";"44";"6";"2";"2678";"1882";"31";"8";"1843";"514";"18";"209";"63";"68";"-";"-";"-";"-";"-";"3";"2";"-";"-";"80";"3";"-";"-";"847";"-";"-";"30";"2";"-";"-";"-";"-";"-";"-";"4";"-";"2678";"1882";"31";"8";"1843";"514";"18";"209";"63";"68";"-";"-";"-";"-";"-";"3";"2";"-";"-";"80";"3";"-";"-";"847";"-";"-";"30";"2";"-";"-";"-";"-";"-";"4"
"420014";"420014";"44";"6";"2";"582";"370";"7";"0";"363";"78";"11";"42";"16";"15";"-";"-";"-";"-";"-";"0";"0";"-";"-";"23";"0";"-";"-";"143";"-";"-";"26";"6";"-";"-";"-";"-";"-";"-";"3";"-";"582";"370";"7";"0";"363";"78";"11";"42";"16";"15";"-";"-";"-";"-";"-";"0";"0";"-";"-";"23";"0";"-";"-";"143";"-";"-";"26";"6";"-";"-";"-";"-";"-";"3"
"420015";"420015";"44";"6";"2";"1383";"1053";"14";"1";"1038";"272";"12";"128";"47";"75";"-";"-";"-";"-";"-";"0";"1";"-";"-";"44";"2";"-";"-";"426";"-";"-";"20";"7";"-";"-";"-";"-";"-";"-";"4";"-";"1383";"1053";"14";"1";"1038";"272";"12";"128";"47";"75";"-";"-";"-";"-";"-";"0";"1";"-";"-";"44";"2";"-";"-";"426";"-";"-";"20";"7";"-";"-";"-";"-";"-";"4"
"420016";"420016";"44";"6";"2";"1584";"1142";"10";"5";"1127";"242";"22";"56";"58";"117";"-";"-";"-";"-";"-";"1";"1";"-";"-";"30";"6";"-";"-";"562";"-";"-";"20";"6";"-";"-";"-";"-";"-";"-";"6";"-";"1584";"1142";"10";"5";"1127";"242";"22";"56";"58";"117";"-";"-";"-";"-";"-";"1";"1";"-";"-";"30";"6";"-";"-";"562";"-";"-";"20";"6";"-";"-";"-";"-";"-";"6"
"420017";"420017";"44";"6";"2";"1955";"1447";"23";"2";"1422";"519";"50";"109";"34";"167";"-";"-";"-";"-";"-";"0";"0";"-";"-";"41";"2";"-";"-";"426";"-";"-";"57";"14";"-";"-";"-";"-";"-";"-";"3";"-";"1955";"1447";"23";"2";"1422";"519";"50";"109";"34";"167";"-";"-";"-";"-";"-";"0";"0";"-";"-";"41";"2";"-";"-";"426";"-";"-";"57";"14";"-";"-";"-";"-";"-";"3"
"420018";"420018";"44";"6";"2";"1299";"903";"12";"2";"889";"220";"13";"47";"58";"53";"-";"-";"-";"-";"-";"2";"1";"-";"-";"42";"1";"-";"-";"425";"-";"-";"21";"2";"-";"-";"-";"-";"-";"-";"4";"-";"1299";"903";"12";"2";"889";"220";"13";"47";"58";"53";"-";"-";"-";"-";"-";"2";"1";"-";"-";"42";"1";"-";"-";"425";"-";"-";"21";"2";"-";"-";"-";"-";"-";"4"
"430001";"430001";"48";"6";"2";"1271";"897";"23";"2";"872";"230";"52";"68";"48";"40";"-";"-";"-";"3";"-";"-";"0";"-";"-";"150";"1";"17";"-";"233";"-";"-";"30";"-";"-";"-";"-";"-";"-";"-";"-";"-";"1271";"897";"23";"2";"872";"230";"52";"68";"48";"40";"-";"-";"-";"3";"-";"-";"0";"-";"-";"150";"1";"17";"-";"233";"-";"-";"30";"-";"-";"-";"-";"-";"-";"-"
"430002";"430002";"48";"6";"2";"1104";"679";"11";"3";"665";"197";"39";"64";"20";"28";"-";"-";"-";"5";"-";"-";"2";"-";"-";"50";"2";"32";"-";"192";"-";"-";"34";"-";"-";"-";"-";"-";"-";"-";"-";"-";"1104";"679";"11";"3";"665";"197";"39";"64";"20";"28";"-";"-";"-";"5";"-";"-";"2";"-";"-";"50";"2";"32";"-";"192";"-";"-";"34";"-";"-";"-";"-";"-";"-";"-"
"430003";"430003";"48";"6";"2";"1593";"1099";"15";"5";"1079";"302";"42";"96";"57";"40";"-";"-";"-";"2";"-";"-";"5";"-";"-";"116";"1";"13";"-";"367";"-";"-";"38";"-";"-";"-";"-";"-";"-";"-";"-";"-";"1593";"1099";"15";"5";"1079";"302";"42";"96";"57";"40";"-";"-";"-";"2";"-";"-";"5";"-";"-";"116";"1";"13";"-";"367";"-";"-";"38";"-";"-";"-";"-";"-";"-";"-"
"430004";"430004";"48";"6";"2";"861";"577";"12";"0";"565";"134";"18";"115";"20";"33";"-";"-";"-";"4";"-";"-";"0";"-";"-";"68";"0";"11";"-";"126";"-";"-";"36";"-";"-";"-";"-";"-";"-";"-";"-";"-";"861";"577";"12";"0";"565";"134";"18";"115";"20";"33";"-";"-";"-";"4";"-";"-";"0";"-";"-";"68";"0";"11";"-";"126";"-";"-";"36";"-";"-";"-";"-";"-";"-";"-"
"430005";"430005";"48";"6";"2";"97";"76";"0";"0";"76";"18";"4";"4";"3";"8";"-";"-";"-";"0";"-";"-";"0";"-";"-";"1";"0";"3";"-";"17";"-";"-";"18";"-";"-";"-";"-";"-";"-";"-";"-";"-";"97";"76";"0";"0";"76";"18";"4";"4";"3";"8";"-";"-";"-";"0";"-";"-";"0";"-";"-";"1";"0";"3";"-";"17";"-";"-";"18";"-";"-";"-";"-";"-";"-";"-"
"430007";"430007";"48";"6";"2";"6721";"4740";"50";"19";"4671";"2025";"169";"555";"97";"317";"-";"-";"-";"5";"-";"-";"4";"-";"-";"376";"1";"286";"-";"620";"-";"-";"216";"-";"-";"-";"-";"-";"-";"-";"-";"-";"6721";"4740";"50";"19";"4671";"2025";"169";"555";"97";"317";"-";"-";"-";"5";"-";"-";"4";"-";"-";"376";"1";"286";"-";"620";"-";"-";"216";"-";"-";"-";"-";"-";"-";"-"
"430008";"430008";"48";"6";"2";"1579";"1152";"12";"1";"1139";"361";"56";"166";"23";"61";"-";"-";"-";"2";"-";"-";"0";"-";"-";"86";"0";"140";"-";"173";"-";"-";"71";"-";"-";"-";"-";"-";"-";"-";"-";"-";"1579";"1152";"12";"1";"1139";"361";"56";"166";"23";"61";"-";"-";"-";"2";"-";"-";"0";"-";"-";"86";"0";"140";"-";"173";"-";"-";"71";"-";"-";"-";"-";"-";"-";"-"
"430009";"430009";"48";"6";"2";"1612";"1075";"20";"2";"1053";"334";"38";"133";"49";"63";"-";"-";"-";"4";"-";"-";"0";"-";"-";"95";"3";"40";"-";"212";"-";"-";"82";"-";"-";"-";"-";"-";"-";"-";"-";"-";"1612";"1075";"20";"2";"1053";"334";"38";"133";"49";"63";"-";"-";"-";"4";"-";"-";"0";"-";"-";"95";"3";"40";"-";"212";"-";"-";"82";"-";"-";"-";"-";"-";"-";"-"
"430010";"430010";"48";"6";"2";"84";"72";"2";"0";"70";"14";"2";"5";"0";"3";"-";"-";"-";"0";"-";"-";"0";"-";"-";"9";"0";"0";"-";"36";"-";"-";"1";"-";"-";"-";"-";"-";"-";"-";"-";"-";"84";"72";"2";"0";"70";"14";"2";"5";"0";"3";"-";"-";"-";"0";"-";"-";"0";"-";"-";"9";"0";"0";"-";"36";"-";"-";"1";"-";"-";"-";"-";"-";"-";"-"
"430011";"430011";"48";"6";"2";"1743";"1251";"14";"0";"1237";"478";"51";"166";"24";"80";"-";"-";"-";"2";"-";"-";"5";"-";"-";"109";"0";"75";"-";"184";"-";"-";"63";"-";"-";"-";"-";"-";"-";"-";"-";"-";"1743";"1251";"14";"0";"1237";"478";"51";"166";"24";"80";"-";"-";"-";"2";"-";"-";"5";"-";"-";"109";"0";"75";"-";"184";"-";"-";"63";"-";"-";"-";"-";"-";"-";"-"
"430012";"430012";"48";"6";"2";"1398";"970";"23";"4";"943";"426";"27";"88";"42";"56";"-";"-";"-";"2";"-";"-";"1";"-";"-";"81";"1";"27";"-";"132";"-";"-";"60";"-";"-";"-";"-";"-";"-";"-";"-";"-";"1398";"970";"23";"4";"943";"426";"27";"88";"42";"56";"-";"-";"-";"2";"-";"-";"1";"-";"-";"81";"1";"27";"-";"132";"-";"-";"60";"-";"-";"-";"-";"-";"-";"-"
"430013";"430013";"48";"6";"2";"1131";"783";"7";"1";"775";"307";"20";"80";"28";"39";"-";"-";"-";"5";"-";"-";"2";"-";"-";"52";"1";"26";"-";"185";"-";"-";"30";"-";"-";"-";"-";"-";"-";"-";"-";"-";"1131";"783";"7";"1";"775";"307";"20";"80";"28";"39";"-";"-";"-";"5";"-";"-";"2";"-";"-";"52";"1";"26";"-";"185";"-";"-";"30";"-";"-";"-";"-";"-";"-";"-"
"430014";"430014";"48";"6";"2";"1166";"725";"19";"2";"704";"156";"30";"61";"44";"42";"-";"-";"-";"6";"-";"-";"0";"-";"-";"60";"0";"55";"-";"220";"-";"-";"30";"-";"-";"-";"-";"-";"-";"-";"-";"-";"1166";"725";"19";"2";"704";"156";"30";"61";"44";"42";"-";"-";"-";"6";"-";"-";"0";"-";"-";"60";"0";"55";"-";"220";"-";"-";"30";"-";"-";"-";"-";"-";"-";"-"
"430015";"430015";"48";"6";"2";"6476";"4390";"85";"24";"4281";"1490";"272";"633";"117";"331";"-";"-";"-";"15";"-";"-";"5";"-";"-";"210";"3";"100";"-";"953";"-";"-";"152";"-";"-";"-";"-";"-";"-";"-";"-";"-";"6476";"4390";"85";"24";"4281";"1490";"272";"633";"117";"331";"-";"-";"-";"15";"-";"-";"5";"-";"-";"210";"3";"100";"-";"953";"-";"-";"152";"-";"-";"-";"-";"-";"-";"-"
"430016";"430016";"48";"6";"2";"897";"577";"22";"0";"555";"173";"40";"66";"19";"37";"-";"-";"-";"1";"-";"-";"0";"-";"-";"41";"1";"20";"-";"117";"-";"-";"40";"-";"-";"-";"-";"-";"-";"-";"-";"-";"897";"577";"22";"0";"555";"173";"40";"66";"19";"37";"-";"-";"-";"1";"-";"-";"0";"-";"-";"41";"1";"20";"-";"117";"-";"-";"40";"-";"-";"-";"-";"-";"-";"-"
"430017";"430017";"48";"6";"2";"1673";"1163";"15";"3";"1145";"538";"34";"74";"52";"35";"-";"-";"-";"11";"-";"-";"1";"-";"-";"54";"2";"171";"-";"133";"-";"-";"40";"-";"-";"-";"-";"-";"-";"-";"-";"-";"1673";"1163";"15";"3";"1145";"538";"34";"74";"52";"35";"-";"-";"-";"11";"-";"-";"1";"-";"-";"54";"2";"171";"-";"133";"-";"-";"40";"-";"-";"-";"-";"-";"-";"-"
"430018";"430018";"48";"6";"2";"1906";"1162";"28";"1";"1133";"424";"66";"116";"63";"54";"-";"-";"-";"13";"-";"-";"3";"-";"-";"134";"0";"37";"-";"174";"-";"-";"49";"-";"-";"-";"-";"-";"-";"-";"-";"-";"1906";"1162";"28";"1";"1133";"424";"66";"116";"63";"54";"-";"-";"-";"13";"-";"-";"3";"-";"-";"134";"0";"37";"-";"174";"-";"-";"49";"-";"-";"-";"-";"-";"-";"-"
"430019";"430019";"48";"6";"2";"1841";"1296";"23";"8";"1265";"548";"67";"134";"49";"82";"-";"-";"-";"11";"-";"-";"2";"-";"-";"78";"1";"46";"-";"157";"-";"-";"90";"-";"-";"-";"-";"-";"-";"-";"-";"-";"1841";"1296";"23";"8";"1265";"548";"67";"134";"49";"82";"-";"-";"-";"11";"-";"-";"2";"-";"-";"78";"1";"46";"-";"157";"-";"-";"90";"-";"-";"-";"-";"-";"-";"-"
"430020";"430020";"48";"6";"2";"3024";"2112";"49";"6";"2057";"649";"104";"321";"75";"233";"-";"-";"-";"5";"-";"-";"0";"-";"-";"128";"17";"41";"-";"424";"-";"-";"60";"-";"-";"-";"-";"-";"-";"-";"-";"-";"3024";"2112";"49";"6";"2057";"649";"104";"321";"75";"233";"-";"-";"-";"5";"-";"-";"0";"-";"-";"128";"17";"41";"-";"424";"-";"-";"60";"-";"-";"-";"-";"-";"-";"-"
"430021";"430021";"48";"6";"2";"1517";"1117";"20";"2";"1095";"321";"40";"210";"44";"27";"-";"-";"-";"3";"-";"-";"0";"-";"-";"47";"2";"205";"-";"168";"-";"-";"28";"-";"-";"-";"-";"-";"-";"-";"-";"-";"1517";"1117";"20";"2";"1095";"321";"40";"210";"44";"27";"-";"-";"-";"3";"-";"-";"0";"-";"-";"47";"2";"205";"-";"168";"-";"-";"28";"-";"-";"-";"-";"-";"-";"-"
"430022";"430022";"48";"6";"2";"3623";"2659";"34";"5";"2620";"1118";"312";"303";"87";"125";"-";"-";"-";"12";"-";"-";"2";"-";"-";"122";"0";"83";"-";"337";"-";"-";"119";"-";"-";"-";"-";"-";"-";"-";"-";"-";"3623";"2659";"34";"5";"2620";"1118";"312";"303";"87";"125";"-";"-";"-";"12";"-";"-";"2";"-";"-";"122";"0";"83";"-";"337";"-";"-";"119";"-";"-";"-";"-";"-";"-";"-"
"440001";"440001";"46";"6";"2";"1667";"1260";"20";"1";"1239";"374";"51";"329";"41";"102";"-";"-";"-";"7";"-";"-";"-";"-";"-";"142";"-";"7";"-";"93";"-";"-";"93";"-";"-";"-";"-";"-";"-";"-";"-";"-";"1667";"1260";"20";"1";"1239";"374";"51";"329";"41";"102";"-";"-";"-";"7";"-";"-";"-";"-";"-";"142";"-";"7";"-";"93";"-";"-";"93";"-";"-";"-";"-";"-";"-";"-"
"440002";"440002";"46";"6";"2";"5623";"4373";"47";"13";"4313";"1344";"159";"1539";"180";"279";"-";"-";"-";"19";"-";"-";"-";"-";"-";"149";"-";"90";"-";"349";"-";"-";"205";"-";"-";"-";"-";"-";"-";"-";"-";"-";"5623";"4373";"47";"13";"4313";"1344";"159";"1539";"180";"279";"-";"-";"-";"19";"-";"-";"-";"-";"-";"149";"-";"90";"-";"349";"-";"-";"205";"-";"-";"-";"-";"-";"-";"-"
"440004";"440004";"46";"6";"2";"1820";"1387";"16";"3";"1368";"458";"35";"349";"85";"72";"-";"-";"-";"14";"-";"-";"-";"-";"-";"105";"-";"26";"-";"127";"-";"-";"97";"-";"-";"-";"-";"-";"-";"-";"-";"-";"1820";"1387";"16";"3";"1368";"458";"35";"349";"85";"72";"-";"-";"-";"14";"-";"-";"-";"-";"-";"105";"-";"26";"-";"127";"-";"-";"97";"-";"-";"-";"-";"-";"-";"-"
"440005";"440005";"46";"6";"2";"1787";"1229";"25";"8";"1196";"461";"30";"370";"71";"66";"-";"-";"-";"15";"-";"-";"-";"-";"-";"68";"-";"11";"-";"78";"-";"-";"26";"-";"-";"-";"-";"-";"-";"-";"-";"-";"1787";"1229";"25";"8";"1196";"461";"30";"370";"71";"66";"-";"-";"-";"15";"-";"-";"-";"-";"-";"68";"-";"11";"-";"78";"-";"-";"26";"-";"-";"-";"-";"-";"-";"-"
"440006";"440006";"46";"6";"2";"3645";"2633";"37";"7";"2589";"958";"53";"1143";"86";"81";"-";"-";"-";"14";"-";"-";"-";"-";"-";"64";"-";"2";"-";"141";"-";"-";"47";"-";"-";"-";"-";"-";"-";"-";"-";"-";"3645";"2633";"37";"7";"2589";"958";"53";"1143";"86";"81";"-";"-";"-";"14";"-";"-";"-";"-";"-";"64";"-";"2";"-";"141";"-";"-";"47";"-";"-";"-";"-";"-";"-";"-"
"440007";"440007";"46";"6";"2";"4856";"3208";"22";"12";"3174";"1480";"54";"886";"130";"163";"-";"-";"-";"30";"-";"-";"-";"-";"-";"111";"-";"10";"-";"183";"-";"-";"127";"-";"-";"-";"-";"-";"-";"-";"-";"-";"4856";"3208";"22";"12";"3174";"1480";"54";"886";"130";"163";"-";"-";"-";"30";"-";"-";"-";"-";"-";"111";"-";"10";"-";"183";"-";"-";"127";"-";"-";"-";"-";"-";"-";"-"
"450001";"450001";"46";"6";"2";"1397";"1062";"5";"3";"1054";"226";"20";"38";"39";"76";"5";"-";"-";"-";"-";"-";"9";"-";"-";"25";"-";"-";"-";"577";"-";"-";"39";"-";"-";"-";"-";"-";"-";"-";"-";"-";"1397";"1062";"5";"3";"1054";"226";"20";"38";"39";"76";"5";"-";"-";"-";"-";"-";"9";"-";"-";"25";"-";"-";"-";"577";"-";"-";"39";"-";"-";"-";"-";"-";"-";"-"
"450002";"450002";"46";"6";"2";"7701";"5493";"49";"23";"5421";"1687";"91";"156";"88";"401";"21";"-";"-";"-";"-";"-";"32";"-";"-";"99";"-";"-";"-";"2635";"-";"-";"211";"-";"-";"-";"-";"-";"-";"-";"-";"-";"7701";"5493";"49";"23";"5421";"1687";"91";"156";"88";"401";"21";"-";"-";"-";"-";"-";"32";"-";"-";"99";"-";"-";"-";"2635";"-";"-";"211";"-";"-";"-";"-";"-";"-";"-"
"450003";"450003";"46";"6";"2";"5623";"4226";"36";"28";"4162";"1092";"97";"173";"52";"408";"23";"-";"-";"-";"-";"-";"35";"-";"-";"52";"-";"-";"-";"2093";"-";"-";"137";"-";"-";"-";"-";"-";"-";"-";"-";"-";"5623";"4226";"36";"28";"4162";"1092";"97";"173";"52";"408";"23";"-";"-";"-";"-";"-";"35";"-";"-";"52";"-";"-";"-";"2093";"-";"-";"137";"-";"-";"-";"-";"-";"-";"-"
"450004";"450004";"46";"6";"2";"1823";"1405";"15";"4";"1386";"378";"24";"45";"15";"108";"9";"-";"-";"-";"-";"-";"9";"-";"-";"26";"-";"-";"-";"720";"-";"-";"52";"-";"-";"-";"-";"-";"-";"-";"-";"-";"1823";"1405";"15";"4";"1386";"378";"24";"45";"15";"108";"9";"-";"-";"-";"-";"-";"9";"-";"-";"26";"-";"-";"-";"720";"-";"-";"52";"-";"-";"-";"-";"-";"-";"-"
"450005";"450005";"46";"6";"2";"855";"614";"8";"2";"604";"115";"15";"25";"15";"51";"1";"-";"-";"-";"-";"-";"12";"-";"-";"23";"-";"-";"-";"310";"-";"-";"37";"-";"-";"-";"-";"-";"-";"-";"-";"-";"855";"614";"8";"2";"604";"115";"15";"25";"15";"51";"1";"-";"-";"-";"-";"-";"12";"-";"-";"23";"-";"-";"-";"310";"-";"-";"37";"-";"-";"-";"-";"-";"-";"-"
"450006";"450006";"46";"6";"2";"2352";"1706";"15";"12";"1679";"587";"16";"45";"38";"82";"11";"-";"-";"-";"-";"-";"16";"-";"-";"45";"-";"-";"-";"810";"-";"-";"29";"-";"-";"-";"-";"-";"-";"-";"-";"-";"2352";"1706";"15";"12";"1679";"587";"16";"45";"38";"82";"11";"-";"-";"-";"-";"-";"16";"-";"-";"45";"-";"-";"-";"810";"-";"-";"29";"-";"-";"-";"-";"-";"-";"-"
"450007";"450007";"46";"6";"2";"385";"293";"7";"1";"285";"69";"7";"15";"16";"5";"2";"-";"-";"-";"-";"-";"3";"-";"-";"10";"-";"-";"-";"148";"-";"-";"10";"-";"-";"-";"-";"-";"-";"-";"-";"-";"385";"293";"7";"1";"285";"69";"7";"15";"16";"5";"2";"-";"-";"-";"-";"-";"3";"-";"-";"10";"-";"-";"-";"148";"-";"-";"10";"-";"-";"-";"-";"-";"-";"-"
"450008";"450008";"46";"6";"2";"459";"361";"4";"0";"357";"130";"7";"12";"12";"11";"1";"-";"-";"-";"-";"-";"4";"-";"-";"14";"-";"-";"-";"163";"-";"-";"3";"-";"-";"-";"-";"-";"-";"-";"-";"-";"459";"361";"4";"0";"357";"130";"7";"12";"12";"11";"1";"-";"-";"-";"-";"-";"4";"-";"-";"14";"-";"-";"-";"163";"-";"-";"3";"-";"-";"-";"-";"-";"-";"-"
"450009";"450009";"46";"6";"2";"716";"539";"6";"1";"532";"129";"8";"14";"20";"31";"1";"-";"-";"-";"-";"-";"2";"-";"-";"16";"-";"-";"-";"296";"-";"-";"15";"-";"-";"-";"-";"-";"-";"-";"-";"-";"716";"539";"6";"1";"532";"129";"8";"14";"20";"31";"1";"-";"-";"-";"-";"-";"2";"-";"-";"16";"-";"-";"-";"296";"-";"-";"15";"-";"-";"-";"-";"-";"-";"-"
"450010";"450010";"46";"6";"2";"1503";"1102";"8";"10";"1084";"190";"13";"18";"27";"36";"3";"-";"-";"-";"-";"-";"2";"-";"-";"30";"-";"-";"-";"752";"-";"-";"13";"-";"-";"-";"-";"-";"-";"-";"-";"-";"1503";"1102";"8";"10";"1084";"190";"13";"18";"27";"36";"3";"-";"-";"-";"-";"-";"2";"-";"-";"30";"-";"-";"-";"752";"-";"-";"13";"-";"-";"-";"-";"-";"-";"-"
"450011";"450011";"46";"6";"2";"1093";"854";"12";"3";"839";"238";"15";"33";"23";"50";"0";"-";"-";"-";"-";"-";"3";"-";"-";"15";"-";"-";"-";"439";"-";"-";"23";"-";"-";"-";"-";"-";"-";"-";"-";"-";"1093";"854";"12";"3";"839";"238";"15";"33";"23";"50";"0";"-";"-";"-";"-";"-";"3";"-";"-";"15";"-";"-";"-";"439";"-";"-";"23";"-";"-";"-";"-";"-";"-";"-"
"450012";"450012";"46";"6";"2";"985";"693";"8";"3";"682";"150";"11";"29";"20";"26";"5";"-";"-";"-";"-";"-";"5";"-";"-";"11";"-";"-";"-";"408";"-";"-";"17";"-";"-";"-";"-";"-";"-";"-";"-";"-";"985";"693";"8";"3";"682";"150";"11";"29";"20";"26";"5";"-";"-";"-";"-";"-";"5";"-";"-";"11";"-";"-";"-";"408";"-";"-";"17";"-";"-";"-";"-";"-";"-";"-"
"450013";"450013";"46";"6";"2";"932";"729";"12";"5";"712";"166";"11";"24";"18";"32";"1";"-";"-";"-";"-";"-";"3";"-";"-";"14";"-";"-";"-";"425";"-";"-";"18";"-";"-";"-";"-";"-";"-";"-";"-";"-";"932";"729";"12";"5";"712";"166";"11";"24";"18";"32";"1";"-";"-";"-";"-";"-";"3";"-";"-";"14";"-";"-";"-";"425";"-";"-";"18";"-";"-";"-";"-";"-";"-";"-"
"461001";"461001";"41";"6";"2";"11100";"7002";"176";"33";"6793";"1895";"853";"1159";"156";"633";"85";"63";"42";"25";"-";"-";"-";"-";"-";"94";"7";"14";"-";"1020";"-";"4";"685";"38";"-";"-";"-";"-";"-";"-";"20";"-";"11100";"7002";"176";"33";"6793";"1895";"853";"1159";"156";"633";"85";"63";"42";"25";"-";"-";"-";"-";"-";"94";"7";"14";"-";"1020";"-";"4";"685";"38";"-";"-";"-";"-";"-";"20"
"461002";"461002";"41";"6";"2";"9122";"5925";"116";"21";"5788";"2131";"524";"803";"169";"585";"58";"76";"21";"22";"-";"-";"-";"-";"-";"134";"7";"15";"-";"773";"-";"5";"434";"22";"-";"-";"-";"-";"-";"-";"9";"-";"9122";"5925";"116";"21";"5788";"2131";"524";"803";"169";"585";"58";"76";"21";"22";"-";"-";"-";"-";"-";"134";"7";"15";"-";"773";"-";"5";"434";"22";"-";"-";"-";"-";"-";"9"
"461003";"461003";"41";"6";"2";"3440";"2084";"58";"18";"2008";"731";"182";"251";"50";"209";"14";"20";"8";"8";"-";"-";"-";"-";"-";"44";"5";"6";"-";"261";"-";"4";"188";"18";"-";"-";"-";"-";"-";"-";"9";"-";"3440";"2084";"58";"18";"2008";"731";"182";"251";"50";"209";"14";"20";"8";"8";"-";"-";"-";"-";"-";"44";"5";"6";"-";"261";"-";"4";"188";"18";"-";"-";"-";"-";"-";"9"
"461004";"461004";"41";"6";"2";"8400";"5726";"126";"24";"5576";"1617";"634";"956";"125";"461";"74";"59";"30";"19";"-";"-";"-";"-";"-";"81";"6";"21";"-";"1039";"-";"3";"414";"24";"-";"-";"-";"-";"-";"-";"13";"-";"8400";"5726";"126";"24";"5576";"1617";"634";"956";"125";"461";"74";"59";"30";"19";"-";"-";"-";"-";"-";"81";"6";"21";"-";"1039";"-";"3";"414";"24";"-";"-";"-";"-";"-";"13"
"461005";"461005";"41";"6";"2";"6744";"3566";"75";"18";"3473";"1381";"269";"412";"99";"307";"39";"38";"21";"18";"-";"-";"-";"-";"-";"85";"9";"16";"-";"449";"-";"5";"293";"23";"-";"-";"-";"-";"-";"-";"9";"-";"6744";"3566";"75";"18";"3473";"1381";"269";"412";"99";"307";"39";"38";"21";"18";"-";"-";"-";"-";"-";"85";"9";"16";"-";"449";"-";"5";"293";"23";"-";"-";"-";"-";"-";"9"
"461006";"461006";"41";"6";"2";"2302";"1577";"19";"7";"1551";"614";"41";"269";"114";"89";"9";"21";"2";"2";"-";"-";"-";"-";"-";"61";"2";"3";"-";"284";"-";"1";"33";"4";"-";"-";"-";"-";"-";"-";"2";"-";"2302";"1577";"19";"7";"1551";"614";"41";"269";"114";"89";"9";"21";"2";"2";"-";"-";"-";"-";"-";"61";"2";"3";"-";"284";"-";"1";"33";"4";"-";"-";"-";"-";"-";"2"
"461007";"461007";"41";"6";"2";"5069";"3195";"59";"6";"3130";"1327";"135";"476";"119";"252";"14";"39";"9";"5";"-";"-";"-";"-";"-";"126";"4";"5";"-";"447";"-";"7";"152";"8";"-";"-";"-";"-";"-";"-";"5";"-";"5069";"3195";"59";"6";"3130";"1327";"135";"476";"119";"252";"14";"39";"9";"5";"-";"-";"-";"-";"-";"126";"4";"5";"-";"447";"-";"7";"152";"8";"-";"-";"-";"-";"-";"5"
"461009";"461009";"41";"6";"2";"3002";"1857";"40";"5";"1812";"556";"124";"346";"86";"124";"15";"25";"6";"9";"-";"-";"-";"-";"-";"71";"1";"14";"-";"336";"-";"3";"83";"10";"-";"-";"-";"-";"-";"-";"3";"-";"3002";"1857";"40";"5";"1812";"556";"124";"346";"86";"124";"15";"25";"6";"9";"-";"-";"-";"-";"-";"71";"1";"14";"-";"336";"-";"3";"83";"10";"-";"-";"-";"-";"-";"3"
"461011";"461011";"42";"6";"2";"11742";"7333";"145";"32";"7156";"1789";"1057";"1130";"147";"630";"120";"72";"46";"17";"-";"-";"-";"-";"-";"56";"7";"15";"-";"1289";"-";"2";"710";"51";"-";"-";"-";"-";"-";"-";"18";"-";"11742";"7333";"145";"32";"7156";"1789";"1057";"1130";"147";"630";"120";"72";"46";"17";"-";"-";"-";"-";"-";"56";"7";"15";"-";"1289";"-";"2";"710";"51";"-";"-";"-";"-";"-";"18"
"461012";"461012";"42";"6";"2";"9385";"5151";"122";"28";"5001";"1948";"333";"676";"154";"418";"46";"38";"42";"13";"-";"-";"-";"-";"-";"176";"13";"15";"-";"727";"-";"9";"358";"20";"-";"-";"-";"-";"-";"-";"15";"-";"9385";"5151";"122";"28";"5001";"1948";"333";"676";"154";"418";"46";"38";"42";"13";"-";"-";"-";"-";"-";"176";"13";"15";"-";"727";"-";"9";"358";"20";"-";"-";"-";"-";"-";"15"
"461013";"461013";"42";"6";"2";"977";"672";"15";"2";"655";"178";"22";"132";"43";"47";"3";"2";"1";"2";"-";"-";"-";"-";"-";"35";"2";"1";"-";"146";"-";"0";"35";"3";"-";"-";"-";"-";"-";"-";"3";"-";"977";"672";"15";"2";"655";"178";"22";"132";"43";"47";"3";"2";"1";"2";"-";"-";"-";"-";"-";"35";"2";"1";"-";"146";"-";"0";"35";"3";"-";"-";"-";"-";"-";"3"
"461014";"461014";"42";"6";"2";"5266";"3572";"54";"10";"3508";"1195";"109";"713";"132";"235";"23";"48";"6";"12";"-";"-";"-";"-";"-";"124";"9";"12";"-";"742";"-";"5";"127";"9";"-";"-";"-";"-";"-";"-";"7";"-";"5266";"3572";"54";"10";"3508";"1195";"109";"713";"132";"235";"23";"48";"6";"12";"-";"-";"-";"-";"-";"124";"9";"12";"-";"742";"-";"5";"127";"9";"-";"-";"-";"-";"-";"7"
"461016";"461016";"42";"6";"2";"3261";"2284";"32";"11";"2241";"689";"94";"423";"102";"170";"21";"53";"8";"15";"-";"-";"-";"-";"-";"86";"4";"8";"-";"491";"-";"6";"62";"4";"-";"-";"-";"-";"-";"-";"5";"-";"3261";"2284";"32";"11";"2241";"689";"94";"423";"102";"170";"21";"53";"8";"15";"-";"-";"-";"-";"-";"86";"4";"8";"-";"491";"-";"6";"62";"4";"-";"-";"-";"-";"-";"5"
"461017";"461017";"42";"6";"2";"5095";"3568";"55";"10";"3503";"1248";"168";"650";"134";"271";"14";"55";"14";"19";"-";"-";"-";"-";"-";"99";"5";"7";"-";"666";"-";"2";"138";"5";"-";"-";"-";"-";"-";"-";"8";"-";"5095";"3568";"55";"10";"3503";"1248";"168";"650";"134";"271";"14";"55";"14";"19";"-";"-";"-";"-";"-";"99";"5";"7";"-";"666";"-";"2";"138";"5";"-";"-";"-";"-";"-";"8"
"461018";"461018";"42";"6";"2";"4561";"3465";"53";"12";"3400";"1025";"170";"669";"98";"306";"20";"53";"7";"10";"-";"-";"-";"-";"-";"82";"11";"14";"-";"810";"-";"5";"114";"3";"-";"-";"-";"-";"-";"-";"3";"-";"4561";"3465";"53";"12";"3400";"1025";"170";"669";"98";"306";"20";"53";"7";"10";"-";"-";"-";"-";"-";"82";"11";"14";"-";"810";"-";"5";"114";"3";"-";"-";"-";"-";"-";"3"
"461019";"461019";"42";"6";"2";"3895";"2693";"47";"15";"2631";"773";"105";"491";"99";"210";"26";"30";"7";"15";"-";"-";"-";"-";"-";"62";"13";"9";"-";"694";"-";"0";"88";"6";"-";"-";"-";"-";"-";"-";"3";"-";"3895";"2693";"47";"15";"2631";"773";"105";"491";"99";"210";"26";"30";"7";"15";"-";"-";"-";"-";"-";"62";"13";"9";"-";"694";"-";"0";"88";"6";"-";"-";"-";"-";"-";"3"
"461020";"461020";"42";"6";"2";"3659";"2608";"53";"8";"2547";"793";"104";"554";"108";"161";"26";"36";"5";"7";"-";"-";"-";"-";"-";"89";"12";"12";"-";"565";"-";"1";"64";"5";"-";"-";"-";"-";"-";"-";"5";"-";"3659";"2608";"53";"8";"2547";"793";"104";"554";"108";"161";"26";"36";"5";"7";"-";"-";"-";"-";"-";"89";"12";"12";"-";"565";"-";"1";"64";"5";"-";"-";"-";"-";"-";"5"
"461021";"461021";"42";"6";"2";"2382";"1644";"26";"3";"1615";"393";"78";"335";"93";"117";"9";"21";"8";"14";"-";"-";"-";"-";"-";"54";"6";"7";"-";"402";"-";"2";"71";"2";"-";"-";"-";"-";"-";"-";"3";"-";"2382";"1644";"26";"3";"1615";"393";"78";"335";"93";"117";"9";"21";"8";"14";"-";"-";"-";"-";"-";"54";"6";"7";"-";"402";"-";"2";"71";"2";"-";"-";"-";"-";"-";"3"
"461023";"461023";"43";"6";"2";"11101";"7714";"169";"31";"7514";"1912";"887";"1571";"157";"603";"100";"112";"56";"23";"-";"-";"-";"-";"-";"97";"5";"23";"-";"1271";"-";"6";"652";"24";"-";"-";"-";"-";"-";"-";"15";"-";"11101";"7714";"169";"31";"7514";"1912";"887";"1571";"157";"603";"100";"112";"56";"23";"-";"-";"-";"-";"-";"97";"5";"23";"-";"1271";"-";"6";"652";"24";"-";"-";"-";"-";"-";"15"
"461024";"461024";"43";"6";"2";"4350";"3476";"20";"6";"3450";"710";"317";"1011";"94";"222";"35";"69";"9";"14";"-";"-";"-";"-";"-";"31";"0";"1";"-";"799";"-";"2";"132";"3";"-";"-";"-";"-";"-";"-";"1";"-";"4350";"3476";"20";"6";"3450";"710";"317";"1011";"94";"222";"35";"69";"9";"14";"-";"-";"-";"-";"-";"31";"0";"1";"-";"799";"-";"2";"132";"3";"-";"-";"-";"-";"-";"1"
"461025";"461025";"43";"6";"2";"7886";"5035";"119";"16";"4900";"1487";"478";"903";"142";"424";"60";"47";"44";"19";"-";"-";"-";"-";"-";"100";"4";"18";"-";"768";"-";"7";"355";"30";"-";"-";"-";"-";"-";"-";"14";"-";"7886";"5035";"119";"16";"4900";"1487";"478";"903";"142";"424";"60";"47";"44";"19";"-";"-";"-";"-";"-";"100";"4";"18";"-";"768";"-";"7";"355";"30";"-";"-";"-";"-";"-";"14"
"461026";"461026";"43";"6";"2";"8378";"6056";"99";"27";"5930";"1793";"317";"1308";"181";"428";"30";"73";"20";"16";"-";"-";"-";"-";"-";"169";"9";"12";"-";"1284";"-";"7";"262";"9";"-";"-";"-";"-";"-";"-";"12";"-";"8378";"6056";"99";"27";"5930";"1793";"317";"1308";"181";"428";"30";"73";"20";"16";"-";"-";"-";"-";"-";"169";"9";"12";"-";"1284";"-";"7";"262";"9";"-";"-";"-";"-";"-";"12"
"461028";"461028";"43";"6";"2";"4494";"3338";"47";"10";"3281";"812";"125";"778";"128";"183";"27";"29";"6";"68";"-";"-";"-";"-";"-";"100";"5";"12";"-";"907";"-";"4";"91";"4";"-";"-";"-";"-";"-";"-";"2";"-";"4494";"3338";"47";"10";"3281";"812";"125";"778";"128";"183";"27";"29";"6";"68";"-";"-";"-";"-";"-";"100";"5";"12";"-";"907";"-";"4";"91";"4";"-";"-";"-";"-";"-";"2"
"461029";"461029";"43";"6";"2";"5192";"3696";"63";"21";"3612";"1030";"279";"833";"95";"328";"45";"58";"13";"10";"-";"-";"-";"-";"-";"68";"0";"7";"-";"685";"-";"1";"146";"9";"-";"-";"-";"-";"-";"-";"5";"-";"5192";"3696";"63";"21";"3612";"1030";"279";"833";"95";"328";"45";"58";"13";"10";"-";"-";"-";"-";"-";"68";"0";"7";"-";"685";"-";"1";"146";"9";"-";"-";"-";"-";"-";"5"
"461030";"461030";"43";"6";"2";"7201";"4946";"68";"23";"4855";"1516";"311";"1033";"167";"397";"42";"46";"20";"21";"-";"-";"-";"-";"-";"146";"13";"13";"-";"835";"-";"4";"263";"18";"-";"-";"-";"-";"-";"-";"10";"-";"7201";"4946";"68";"23";"4855";"1516";"311";"1033";"167";"397";"42";"46";"20";"21";"-";"-";"-";"-";"-";"146";"13";"13";"-";"835";"-";"4";"263";"18";"-";"-";"-";"-";"-";"10"
"461031";"461031";"43";"6";"2";"2705";"2008";"25";"4";"1979";"517";"111";"542";"73";"133";"25";"20";"4";"20";"-";"-";"-";"-";"-";"44";"3";"5";"-";"377";"-";"5";"96";"1";"-";"-";"-";"-";"-";"-";"3";"-";"2705";"2008";"25";"4";"1979";"517";"111";"542";"73";"133";"25";"20";"4";"20";"-";"-";"-";"-";"-";"44";"3";"5";"-";"377";"-";"5";"96";"1";"-";"-";"-";"-";"-";"3"
"461032";"461032";"43";"6";"2";"743";"553";"6";"1";"546";"125";"19";"137";"25";"39";"5";"5";"1";"4";"-";"-";"-";"-";"-";"26";"2";"3";"-";"131";"-";"0";"19";"2";"-";"-";"-";"-";"-";"-";"3";"-";"743";"553";"6";"1";"546";"125";"19";"137";"25";"39";"5";"5";"1";"4";"-";"-";"-";"-";"-";"26";"2";"3";"-";"131";"-";"0";"19";"2";"-";"-";"-";"-";"-";"3"
"461033";"461033";"43";"6";"2";"4265";"3026";"50";"8";"2968";"886";"165";"650";"110";"207";"22";"22";"6";"9";"-";"-";"-";"-";"-";"101";"5";"8";"-";"606";"-";"5";"135";"14";"-";"-";"-";"-";"-";"-";"17";"-";"4265";"3026";"50";"8";"2968";"886";"165";"650";"110";"207";"22";"22";"6";"9";"-";"-";"-";"-";"-";"101";"5";"8";"-";"606";"-";"5";"135";"14";"-";"-";"-";"-";"-";"17"
"461035";"461035";"41";"6";"2";"7342";"3192";"45";"49";"3098";"1575";"189";"195";"57";"436";"13";"25";"9";"13";"-";"-";"-";"-";"-";"76";"3";"5";"-";"176";"-";"5";"306";"6";"-";"-";"-";"-";"-";"-";"9";"-";"7342";"3192";"45";"49";"3098";"1575";"189";"195";"57";"436";"13";"25";"9";"13";"-";"-";"-";"-";"-";"76";"3";"5";"-";"176";"-";"5";"306";"6";"-";"-";"-";"-";"-";"9"
"461036";"461036";"41";"6";"2";"3896";"2436";"62";"11";"2363";"812";"193";"336";"83";"251";"16";"14";"12";"7";"-";"-";"-";"-";"-";"77";"6";"6";"-";"320";"-";"5";"206";"10";"-";"-";"-";"-";"-";"-";"9";"-";"3896";"2436";"62";"11";"2363";"812";"193";"336";"83";"251";"16";"14";"12";"7";"-";"-";"-";"-";"-";"77";"6";"6";"-";"320";"-";"5";"206";"10";"-";"-";"-";"-";"-";"9"
"479001";"479001";"47";"6";"2";"12200";"8014";"115";"26";"7873";"3185";"420";"872";"186";"477";"112";"2";"-";"-";"132";"34";"2";"-";"-";"192";"-";"-";"-";"1065";"-";"-";"1089";"81";"-";"-";"24";"-";"-";"-";"-";"-";"12200";"8014";"115";"26";"7873";"3185";"420";"872";"186";"477";"112";"2";"-";"-";"132";"34";"2";"-";"-";"192";"-";"-";"-";"1065";"-";"-";"1089";"81";"-";"24";"-";"-";"-";"-"
"479002";"479002";"47";"6";"2";"2876";"1798";"39";"10";"1749";"760";"49";"125";"52";"119";"16";"2";"-";"-";"27";"6";"4";"-";"-";"61";"-";"-";"-";"232";"-";"-";"271";"13";"-";"-";"12";"-";"-";"-";"-";"-";"2876";"1798";"39";"10";"1749";"760";"49";"125";"52";"119";"16";"2";"-";"-";"27";"6";"4";"-";"-";"61";"-";"-";"-";"232";"-";"-";"271";"13";"-";"12";"-";"-";"-";"-"
"479003";"479003";"47";"6";"2";"5762";"3783";"61";"15";"3707";"1568";"161";"332";"82";"218";"25";"6";"-";"-";"62";"24";"2";"-";"-";"138";"-";"-";"-";"529";"-";"-";"528";"23";"-";"-";"9";"-";"-";"-";"-";"-";"5762";"3783";"61";"15";"3707";"1568";"161";"332";"82";"218";"25";"6";"-";"-";"62";"24";"2";"-";"-";"138";"-";"-";"-";"529";"-";"-";"528";"23";"-";"9";"-";"-";"-";"-"
"479004";"479004";"47";"6";"2";"859";"651";"9";"1";"641";"212";"21";"67";"28";"70";"4";"0";"-";"-";"45";"2";"0";"-";"-";"30";"-";"-";"-";"122";"-";"-";"34";"4";"-";"-";"2";"-";"-";"-";"-";"-";"859";"651";"9";"1";"641";"212";"21";"67";"28";"70";"4";"0";"-";"-";"45";"2";"0";"-";"-";"30";"-";"-";"-";"122";"-";"-";"34";"4";"-";"2";"-";"-";"-";"-"
"479005";"479005";"47";"6";"2";"3276";"2625";"22";"7";"2596";"1093";"131";"394";"72";"128";"40";"0";"-";"-";"53";"1";"1";"-";"-";"81";"-";"-";"-";"394";"-";"-";"187";"13";"-";"-";"8";"-";"-";"-";"-";"-";"3276";"2625";"22";"7";"2596";"1093";"131";"394";"72";"128";"40";"0";"-";"-";"53";"1";"1";"-";"-";"81";"-";"-";"-";"394";"-";"-";"187";"13";"-";"8";"-";"-";"-";"-"
"479006";"479006";"47";"6";"2";"63";"56";"2";"0";"54";"20";"15";"1";"1";"1";"1";"0";"-";"-";"0";"0";"0";"-";"-";"1";"-";"-";"-";"13";"-";"-";"1";"0";"-";"-";"0";"-";"-";"-";"-";"-";"63";"56";"2";"0";"54";"20";"15";"1";"1";"1";"1";"0";"-";"-";"0";"0";"0";"-";"-";"1";"-";"-";"-";"13";"-";"-";"1";"0";"-";"0";"-";"-";"-";"-"
"479007";"479007";"47";"6";"2";"2185";"1749";"21";"2";"1726";"586";"110";"246";"37";"126";"22";"2";"-";"-";"27";"22";"0";"-";"-";"42";"-";"-";"-";"302";"-";"-";"178";"17";"-";"-";"9";"-";"-";"-";"-";"-";"2185";"1749";"21";"2";"1726";"586";"110";"246";"37";"126";"22";"2";"-";"-";"27";"22";"0";"-";"-";"42";"-";"-";"-";"302";"-";"-";"178";"17";"-";"9";"-";"-";"-";"-"
"479008";"479008";"47";"6";"2";"864";"654";"14";"1";"639";"242";"24";"64";"24";"46";"5";"0";"-";"-";"35";"0";"1";"-";"-";"34";"-";"-";"-";"114";"-";"-";"42";"3";"-";"-";"5";"-";"-";"-";"-";"-";"864";"654";"14";"1";"639";"242";"24";"64";"24";"46";"5";"0";"-";"-";"35";"0";"1";"-";"-";"34";"-";"-";"-";"114";"-";"-";"42";"3";"-";"5";"-";"-";"-";"-"
"479009";"479009";"47";"6";"2";"2146";"1668";"21";"1";"1646";"574";"139";"145";"50";"99";"8";"1";"-";"-";"51";"2";"2";"-";"-";"81";"-";"-";"-";"312";"-";"-";"157";"14";"-";"-";"11";"-";"-";"-";"-";"-";"2146";"1668";"21";"1";"1646";"574";"139";"145";"50";"99";"8";"1";"-";"-";"51";"2";"2";"-";"-";"81";"-";"-";"-";"312";"-";"-";"157";"14";"-";"11";"-";"-";"-";"-"
"479010";"479010";"47";"6";"2";"2867";"2295";"10";"5";"2280";"769";"226";"271";"49";"123";"14";"0";"-";"-";"37";"3";"5";"-";"-";"95";"-";"-";"-";"466";"-";"-";"184";"15";"-";"-";"23";"-";"-";"-";"-";"-";"2867";"2295";"10";"5";"2280";"769";"226";"271";"49";"123";"14";"0";"-";"-";"37";"3";"5";"-";"-";"95";"-";"-";"-";"466";"-";"-";"184";"15";"-";"23";"-";"-";"-";"-"
"479011";"479011";"47";"6";"2";"2289";"1664";"15";"5";"1644";"761";"49";"162";"49";"89";"10";"1";"-";"-";"34";"2";"0";"-";"-";"70";"-";"-";"-";"290";"-";"-";"106";"7";"-";"-";"14";"-";"-";"-";"-";"-";"2289";"1664";"15";"5";"1644";"761";"49";"162";"49";"89";"10";"1";"-";"-";"34";"2";"0";"-";"-";"70";"-";"-";"-";"290";"-";"-";"106";"7";"-";"14";"-";"-";"-";"-"
"479014";"479014";"47";"6";"2";"1083";"795";"18";"1";"776";"227";"22";"24";"37";"44";"7";"0";"-";"-";"13";"1";"0";"-";"-";"30";"-";"-";"-";"299";"-";"-";"62";"6";"-";"-";"4";"-";"-";"-";"-";"-";"1083";"795";"18";"1";"776";"227";"22";"24";"37";"44";"7";"0";"-";"-";"13";"1";"0";"-";"-";"30";"-";"-";"-";"299";"-";"-";"62";"6";"-";"4";"-";"-";"-";"-"
"479016";"479016";"47";"6";"2";"1755";"1358";"21";"0";"1337";"302";"70";"81";"23";"219";"13";"3";"-";"-";"21";"18";"0";"-";"-";"26";"-";"-";"-";"264";"-";"-";"201";"89";"-";"-";"7";"-";"-";"-";"-";"-";"1755";"1358";"21";"0";"1337";"302";"70";"81";"23";"219";"13";"3";"-";"-";"21";"18";"0";"-";"-";"26";"-";"-";"-";"264";"-";"-";"201";"89";"-";"7";"-";"-";"-";"-"
"479017";"479017";"47";"6";"2";"2110";"1419";"16";"6";"1397";"487";"31";"81";"55";"65";"3";"1";"-";"-";"30";"5";"2";"-";"-";"53";"-";"-";"-";"479";"-";"-";"78";"17";"-";"-";"10";"-";"-";"-";"-";"-";"2110";"1419";"16";"6";"1397";"487";"31";"81";"55";"65";"3";"1";"-";"-";"30";"5";"2";"-";"-";"53";"-";"-";"-";"479";"-";"-";"78";"17";"-";"10";"-";"-";"-";"-"
"479019";"479019";"47";"6";"2";"2199";"1659";"15";"6";"1638";"340";"77";"82";"37";"400";"10";"9";"-";"-";"25";"9";"0";"-";"-";"60";"-";"-";"-";"360";"-";"-";"185";"40";"-";"-";"4";"-";"-";"-";"-";"-";"2199";"1659";"15";"6";"1638";"340";"77";"82";"37";"400";"10";"9";"-";"-";"25";"9";"0";"-";"-";"60";"-";"-";"-";"360";"-";"-";"185";"40";"-";"4";"-";"-";"-";"-"
"479021";"479021";"47";"6";"2";"996";"723";"6";"2";"715";"153";"24";"53";"35";"49";"3";"0";"-";"-";"6";"0";"2";"-";"-";"31";"-";"-";"-";"276";"-";"-";"40";"8";"-";"-";"35";"-";"-";"-";"-";"-";"996";"723";"6";"2";"715";"153";"24";"53";"35";"49";"3";"0";"-";"-";"6";"0";"2";"-";"-";"31";"-";"-";"-";"276";"-";"-";"40";"8";"-";"35";"-";"-";"-";"-"
"479023";"479023";"47";"6";"2";"1247";"888";"11";"2";"875";"197";"32";"37";"18";"65";"0";"2";"-";"-";"16";"0";"13";"-";"-";"38";"-";"-";"-";"379";"-";"-";"34";"4";"-";"-";"40";"-";"-";"-";"-";"-";"1247";"888";"11";"2";"875";"197";"32";"37";"18";"65";"0";"2";"-";"-";"16";"0";"13";"-";"-";"38";"-";"-";"-";"379";"-";"-";"34";"4";"-";"40";"-";"-";"-";"-"
"479025";"479025";"47";"6";"2";"1196";"782";"12";"0";"770";"202";"29";"45";"35";"45";"10";"1";"-";"-";"10";"1";"12";"-";"-";"42";"-";"-";"-";"258";"-";"-";"56";"9";"-";"-";"15";"-";"-";"-";"-";"-";"1196";"782";"12";"0";"770";"202";"29";"45";"35";"45";"10";"1";"-";"-";"10";"1";"12";"-";"-";"42";"-";"-";"-";"258";"-";"-";"56";"9";"-";"15";"-";"-";"-";"-"
"479027";"479027";"47";"6";"2";"1503";"1105";"18";"6";"1081";"219";"84";"52";"29";"87";"6";"1";"-";"-";"27";"1";"6";"-";"-";"57";"-";"-";"-";"404";"-";"-";"85";"14";"-";"-";"9";"-";"-";"-";"-";"-";"1503";"1105";"18";"6";"1081";"219";"84";"52";"29";"87";"6";"1";"-";"-";"27";"1";"6";"-";"-";"57";"-";"-";"-";"404";"-";"-";"85";"14";"-";"9";"-";"-";"-";"-"
"480001";"480001";"45";"6";"2";"3560";"2552";"41";"12";"2499";"740";"153";"127";"39";"120";"-";"-";"-";"-";"-";"-";"-";"-";"-";"110";"-";"-";"-";"1176";"-";"-";"34";"-";"-";"-";"-";"-";"-";"-";"-";"-";"3560";"2552";"41";"12";"2499";"740";"153";"127";"39";"120";"-";"-";"-";"-";"-";"-";"-";"-";"-";"110";"-";"-";"-";"1176";"-";"-";"34";"-";"-";"-";"-";"-";"-";"-"
"480002";"480002";"45";"6";"2";"782";"500";"6";"2";"492";"104";"25";"28";"19";"32";"-";"-";"-";"-";"-";"-";"-";"-";"-";"38";"-";"-";"-";"238";"-";"-";"8";"-";"-";"-";"-";"-";"-";"-";"-";"-";"782";"500";"6";"2";"492";"104";"25";"28";"19";"32";"-";"-";"-";"-";"-";"-";"-";"-";"-";"38";"-";"-";"-";"238";"-";"-";"8";"-";"-";"-";"-";"-";"-";"-"
"480003";"480003";"45";"6";"2";"1342";"920";"15";"4";"901";"189";"47";"46";"29";"57";"-";"-";"-";"-";"-";"-";"-";"-";"-";"47";"-";"-";"-";"468";"-";"-";"18";"-";"-";"-";"-";"-";"-";"-";"-";"-";"1342";"920";"15";"4";"901";"189";"47";"46";"29";"57";"-";"-";"-";"-";"-";"-";"-";"-";"-";"47";"-";"-";"-";"468";"-";"-";"18";"-";"-";"-";"-";"-";"-";"-"
"480004";"480004";"45";"6";"2";"1028";"648";"8";"0";"640";"182";"7";"32";"36";"37";"-";"-";"-";"-";"-";"-";"-";"-";"-";"50";"-";"-";"-";"285";"-";"-";"11";"-";"-";"-";"-";"-";"-";"-";"-";"-";"1028";"648";"8";"0";"640";"182";"7";"32";"36";"37";"-";"-";"-";"-";"-";"-";"-";"-";"-";"50";"-";"-";"-";"285";"-";"-";"11";"-";"-";"-";"-";"-";"-";"-"
"480005";"480005";"45";"6";"2";"1711";"1164";"11";"2";"1151";"388";"18";"58";"56";"58";"-";"-";"-";"-";"-";"-";"-";"-";"-";"82";"-";"-";"-";"467";"-";"-";"24";"-";"-";"-";"-";"-";"-";"-";"-";"-";"1711";"1164";"11";"2";"1151";"388";"18";"58";"56";"58";"-";"-";"-";"-";"-";"-";"-";"-";"-";"82";"-";"-";"-";"467";"-";"-";"24";"-";"-";"-";"-";"-";"-";"-"
"480006";"480006";"45";"6";"2";"4323";"2834";"49";"16";"2769";"961";"36";"148";"68";"182";"-";"-";"-";"-";"-";"-";"-";"-";"-";"208";"-";"-";"-";"1119";"-";"-";"47";"-";"-";"-";"-";"-";"-";"-";"-";"-";"4323";"2834";"49";"16";"2769";"961";"36";"148";"68";"182";"-";"-";"-";"-";"-";"-";"-";"-";"-";"208";"-";"-";"-";"1119";"-";"-";"47";"-";"-";"-";"-";"-";"-";"-"
"480007";"480007";"45";"6";"2";"1012";"689";"12";"1";"676";"170";"7";"27";"38";"31";"-";"-";"-";"-";"-";"-";"-";"-";"-";"77";"-";"-";"-";"310";"-";"-";"16";"-";"-";"-";"-";"-";"-";"-";"-";"-";"1012";"689";"12";"1";"676";"170";"7";"27";"38";"31";"-";"-";"-";"-";"-";"-";"-";"-";"-";"77";"-";"-";"-";"310";"-";"-";"16";"-";"-";"-";"-";"-";"-";"-"
"480008";"480008";"45";"6";"2";"989";"717";"13";"2";"702";"230";"15";"26";"24";"62";"-";"-";"-";"-";"-";"-";"-";"-";"-";"117";"-";"-";"-";"208";"-";"-";"20";"-";"-";"-";"-";"-";"-";"-";"-";"-";"989";"717";"13";"2";"702";"230";"15";"26";"24";"62";"-";"-";"-";"-";"-";"-";"-";"-";"-";"117";"-";"-";"-";"208";"-";"-";"20";"-";"-";"-";"-";"-";"-";"-"
"480009";"480009";"45";"6";"2";"1143";"804";"11";"4";"789";"241";"21";"82";"28";"71";"-";"-";"-";"-";"-";"-";"-";"-";"-";"52";"-";"-";"-";"273";"-";"-";"21";"-";"-";"-";"-";"-";"-";"-";"-";"-";"1143";"804";"11";"4";"789";"241";"21";"82";"28";"71";"-";"-";"-";"-";"-";"-";"-";"-";"-";"52";"-";"-";"-";"273";"-";"-";"21";"-";"-";"-";"-";"-";"-";"-"
"480010";"480010";"45";"6";"2";"1039";"692";"12";"1";"679";"138";"29";"37";"36";"48";"-";"-";"-";"-";"-";"-";"-";"-";"-";"73";"-";"-";"-";"304";"-";"-";"14";"-";"-";"-";"-";"-";"-";"-";"-";"-";"1039";"692";"12";"1";"679";"138";"29";"37";"36";"48";"-";"-";"-";"-";"-";"-";"-";"-";"-";"73";"-";"-";"-";"304";"-";"-";"14";"-";"-";"-";"-";"-";"-";"-"
"480011";"480011";"45";"6";"2";"2193";"1697";"15";"1";"1681";"329";"55";"457";"34";"145";"-";"-";"-";"-";"-";"-";"-";"-";"-";"38";"-";"-";"-";"591";"-";"-";"32";"-";"-";"-";"-";"-";"-";"-";"-";"-";"2193";"1697";"15";"1";"1681";"329";"55";"457";"34";"145";"-";"-";"-";"-";"-";"-";"-";"-";"-";"38";"-";"-";"-";"591";"-";"-";"32";"-";"-";"-";"-";"-";"-";"-"
"480012";"480012";"45";"6";"2";"1201";"804";"8";"1";"795";"198";"26";"38";"38";"82";"-";"-";"-";"-";"-";"-";"-";"-";"-";"44";"-";"-";"-";"355";"-";"-";"14";"-";"-";"-";"-";"-";"-";"-";"-";"-";"1201";"804";"8";"1";"795";"198";"26";"38";"38";"82";"-";"-";"-";"-";"-";"-";"-";"-";"-";"44";"-";"-";"-";"355";"-";"-";"14";"-";"-";"-";"-";"-";"-";"-"
"480013";"480013";"45";"6";"2";"3517";"2377";"32";"12";"2333";"650";"52";"183";"62";"193";"-";"-";"-";"-";"-";"-";"-";"-";"-";"101";"-";"-";"-";"1064";"-";"-";"28";"-";"-";"-";"-";"-";"-";"-";"-";"-";"3517";"2377";"32";"12";"2333";"650";"52";"183";"62";"193";"-";"-";"-";"-";"-";"-";"-";"-";"-";"101";"-";"-";"-";"1064";"-";"-";"28";"-";"-";"-";"-";"-";"-";"-"
"482001";"482001";"47";"6";"2";"782";"595";"3";"3";"589";"65";"23";"42";"11";"168";"-";"-";"-";"-";"-";"-";"-";"-";"-";"25";"-";"-";"-";"245";"-";"-";"10";"-";"-";"-";"-";"-";"-";"-";"-";"-";"782";"595";"3";"3";"589";"65";"23";"42";"11";"168";"-";"-";"-";"-";"-";"-";"-";"-";"-";"25";"-";"-";"-";"245";"-";"-";"10";"-";"-";"-";"-";"-";"-";"-"
"482002";"482002";"47";"6";"2";"1352";"983";"9";"2";"972";"134";"30";"80";"30";"290";"-";"-";"-";"-";"-";"-";"-";"-";"-";"57";"-";"-";"-";"336";"-";"-";"15";"-";"-";"-";"-";"-";"-";"-";"-";"-";"1352";"983";"9";"2";"972";"134";"30";"80";"30";"290";"-";"-";"-";"-";"-";"-";"-";"-";"-";"57";"-";"-";"-";"336";"-";"-";"15";"-";"-";"-";"-";"-";"-";"-"
"482003";"482003";"47";"6";"2";"950";"648";"5";"3";"640";"100";"26";"53";"19";"179";"-";"-";"-";"-";"-";"-";"-";"-";"-";"24";"-";"-";"-";"226";"-";"-";"13";"-";"-";"-";"-";"-";"-";"-";"-";"-";"950";"648";"5";"3";"640";"100";"26";"53";"19";"179";"-";"-";"-";"-";"-";"-";"-";"-";"-";"24";"-";"-";"-";"226";"-";"-";"13";"-";"-";"-";"-";"-";"-";"-"
"482005";"482005";"47";"6";"2";"4442";"3175";"45";"14";"3116";"458";"117";"335";"73";"1210";"-";"-";"-";"-";"-";"-";"-";"-";"-";"79";"-";"-";"-";"772";"-";"-";"72";"-";"-";"-";"-";"-";"-";"-";"-";"-";"4442";"3175";"45";"14";"3116";"458";"117";"335";"73";"1210";"-";"-";"-";"-";"-";"-";"-";"-";"-";"79";"-";"-";"-";"772";"-";"-";"72";"-";"-";"-";"-";"-";"-";"-"
"482006";"482006";"47";"6";"2";"167";"139";"1";"0";"138";"25";"5";"13";"2";"64";"-";"-";"-";"-";"-";"-";"-";"-";"-";"3";"-";"-";"-";"16";"-";"-";"10";"-";"-";"-";"-";"-";"-";"-";"-";"-";"167";"139";"1";"0";"138";"25";"5";"13";"2";"64";"-";"-";"-";"-";"-";"-";"-";"-";"-";"3";"-";"-";"-";"16";"-";"-";"10";"-";"-";"-";"-";"-";"-";"-"
"482007";"482007";"47";"6";"2";"1430";"1068";"7";"2";"1059";"150";"46";"125";"37";"327";"-";"-";"-";"-";"-";"-";"-";"-";"-";"42";"-";"-";"-";"313";"-";"-";"19";"-";"-";"-";"-";"-";"-";"-";"-";"-";"1430";"1068";"7";"2";"1059";"150";"46";"125";"37";"327";"-";"-";"-";"-";"-";"-";"-";"-";"-";"42";"-";"-";"-";"313";"-";"-";"19";"-";"-";"-";"-";"-";"-";"-"
"482008";"482008";"47";"6";"2";"536";"398";"5";"1";"392";"49";"26";"56";"19";"121";"-";"-";"-";"-";"-";"-";"-";"-";"-";"8";"-";"-";"-";"100";"-";"-";"13";"-";"-";"-";"-";"-";"-";"-";"-";"-";"536";"398";"5";"1";"392";"49";"26";"56";"19";"121";"-";"-";"-";"-";"-";"-";"-";"-";"-";"8";"-";"-";"-";"100";"-";"-";"13";"-";"-";"-";"-";"-";"-";"-"
"482010";"482010";"47";"6";"2";"968";"726";"7";"2";"717";"62";"84";"64";"21";"253";"-";"-";"-";"-";"-";"-";"-";"-";"-";"36";"-";"-";"-";"183";"-";"-";"14";"-";"-";"-";"-";"-";"-";"-";"-";"-";"968";"726";"7";"2";"717";"62";"84";"64";"21";"253";"-";"-";"-";"-";"-";"-";"-";"-";"-";"36";"-";"-";"-";"183";"-";"-";"14";"-";"-";"-";"-";"-";"-";"-"
"492001";"492001";"48";"6";"2";"2426";"1856";"20";"7";"1829";"254";"40";"366";"-";"60";"-";"-";"-";"-";"-";"-";"153";"-";"-";"256";"-";"-";"-";"92";"525";"-";"-";"-";"-";"-";"-";"-";"-";"-";"83";"-";"2426";"1856";"20";"7";"1829";"254";"40";"366";"-";"60";"-";"-";"-";"-";"-";"-";"153";"-";"-";"256";"-";"-";"-";"92";"525";"-";"-";"-";"-";"-";"-";"-";"-";"83"
"492002";"492002";"48";"6";"2";"1793";"1458";"4";"9";"1445";"438";"47";"125";"-";"119";"-";"-";"-";"-";"-";"-";"47";"-";"-";"22";"-";"-";"-";"185";"183";"-";"-";"-";"-";"-";"-";"-";"-";"-";"279";"-";"1793";"1458";"4";"9";"1445";"438";"47";"125";"-";"119";"-";"-";"-";"-";"-";"-";"47";"-";"-";"22";"-";"-";"-";"185";"183";"-";"-";"-";"-";"-";"-";"-";"-";"279"
"492003";"492003";"48";"6";"2";"968";"721";"9";"5";"707";"161";"31";"59";"-";"65";"-";"-";"-";"-";"-";"-";"79";"-";"-";"10";"-";"-";"-";"101";"128";"-";"-";"-";"-";"-";"-";"-";"-";"-";"73";"-";"968";"721";"9";"5";"707";"161";"31";"59";"-";"65";"-";"-";"-";"-";"-";"-";"79";"-";"-";"10";"-";"-";"-";"101";"128";"-";"-";"-";"-";"-";"-";"-";"-";"73"
"510001";"510001";"61";"7";"2";"2430";"1541";"23";"8";"1510";"361";"36";"90";"132";"52";"3";"-";"-";"22";"-";"-";"-";"33";"0";"124";"-";"-";"-";"602";"-";"-";"39";"16";"-";"-";"-";"-";"-";"-";"-";"-";"2430";"1541";"23";"8";"1510";"361";"36";"90";"132";"52";"3";"-";"-";"22";"-";"-";"-";"33";"0";"124";"-";"-";"-";"602";"-";"-";"39";"16";"-";"-";"-";"-";"-";"-"
"510002";"510002";"61";"7";"2";"708";"434";"9";"2";"423";"86";"10";"25";"54";"4";"4";"-";"-";"14";"-";"-";"-";"14";"1";"48";"-";"-";"-";"148";"-";"-";"12";"3";"-";"-";"-";"-";"-";"-";"-";"-";"708";"434";"9";"2";"423";"86";"10";"25";"54";"4";"4";"-";"-";"14";"-";"-";"-";"14";"1";"48";"-";"-";"-";"148";"-";"-";"12";"3";"-";"-";"-";"-";"-";"-"
"510003";"510003";"61";"7";"2";"225";"154";"2";"0";"152";"24";"3";"13";"18";"4";"0";"-";"-";"5";"-";"-";"-";"5";"0";"15";"-";"-";"-";"57";"-";"-";"5";"3";"-";"-";"-";"-";"-";"-";"-";"-";"225";"154";"2";"0";"152";"24";"3";"13";"18";"4";"0";"-";"-";"5";"-";"-";"-";"5";"0";"15";"-";"-";"-";"57";"-";"-";"5";"3";"-";"-";"-";"-";"-";"-"
"510004";"510004";"61";"7";"2";"302";"206";"2";"1";"203";"29";"4";"10";"22";"8";"1";"-";"-";"2";"-";"-";"-";"3";"0";"12";"-";"-";"-";"104";"-";"-";"3";"5";"-";"-";"-";"-";"-";"-";"-";"-";"302";"206";"2";"1";"203";"29";"4";"10";"22";"8";"1";"-";"-";"2";"-";"-";"-";"3";"0";"12";"-";"-";"-";"104";"-";"-";"3";"5";"-";"-";"-";"-";"-";"-"
"510005";"510005";"61";"7";"2";"2783";"1949";"30";"7";"1912";"536";"163";"331";"89";"83";"6";"-";"-";"28";"-";"-";"-";"67";"9";"75";"-";"-";"-";"400";"-";"-";"107";"18";"-";"-";"-";"-";"-";"-";"-";"-";"2783";"1949";"30";"7";"1912";"536";"163";"331";"89";"83";"6";"-";"-";"28";"-";"-";"-";"67";"9";"75";"-";"-";"-";"400";"-";"-";"107";"18";"-";"-";"-";"-";"-";"-"
"510006";"510006";"61";"7";"2";"2608";"1601";"17";"12";"1572";"577";"82";"181";"72";"69";"2";"-";"-";"48";"-";"-";"-";"58";"4";"105";"-";"-";"-";"248";"-";"-";"104";"22";"-";"-";"-";"-";"-";"-";"-";"-";"2608";"1601";"17";"12";"1572";"577";"82";"181";"72";"69";"2";"-";"-";"48";"-";"-";"-";"58";"4";"105";"-";"-";"-";"248";"-";"-";"104";"22";"-";"-";"-";"-";"-";"-"
"510007";"510007";"61";"7";"2";"3604";"2131";"43";"4";"2084";"631";"127";"342";"85";"96";"10";"-";"-";"20";"-";"-";"-";"71";"7";"106";"-";"-";"-";"363";"-";"-";"200";"26";"-";"-";"-";"-";"-";"-";"-";"-";"3604";"2131";"43";"4";"2084";"631";"127";"342";"85";"96";"10";"-";"-";"20";"-";"-";"-";"71";"7";"106";"-";"-";"-";"363";"-";"-";"200";"26";"-";"-";"-";"-";"-";"-"
"510008";"510008";"61";"7";"2";"3451";"2518";"39";"6";"2473";"744";"209";"390";"97";"87";"7";"-";"-";"51";"-";"-";"-";"72";"11";"79";"-";"-";"-";"553";"-";"-";"141";"32";"-";"-";"-";"-";"-";"-";"-";"-";"3451";"2518";"39";"6";"2473";"744";"209";"390";"97";"87";"7";"-";"-";"51";"-";"-";"-";"72";"11";"79";"-";"-";"-";"553";"-";"-";"141";"32";"-";"-";"-";"-";"-";"-"
"510009";"510009";"61";"7";"2";"1146";"770";"10";"3";"757";"196";"13";"73";"53";"25";"7";"-";"-";"27";"-";"-";"-";"19";"3";"42";"-";"-";"-";"275";"-";"-";"8";"16";"-";"-";"-";"-";"-";"-";"-";"-";"1146";"770";"10";"3";"757";"196";"13";"73";"53";"25";"7";"-";"-";"27";"-";"-";"-";"19";"3";"42";"-";"-";"-";"275";"-";"-";"8";"16";"-";"-";"-";"-";"-";"-"
"510010";"510010";"61";"7";"2";"2593";"1714";"35";"12";"1667";"612";"112";"223";"55";"81";"5";"-";"-";"27";"-";"-";"-";"36";"4";"67";"-";"-";"-";"286";"-";"-";"120";"39";"-";"-";"-";"-";"-";"-";"-";"-";"2593";"1714";"35";"12";"1667";"612";"112";"223";"55";"81";"5";"-";"-";"27";"-";"-";"-";"36";"4";"67";"-";"-";"-";"286";"-";"-";"120";"39";"-";"-";"-";"-";"-";"-"
"510011";"510011";"61";"7";"2";"2225";"1577";"17";"5";"1555";"520";"164";"230";"42";"45";"2";"-";"-";"26";"-";"-";"-";"44";"3";"57";"-";"-";"-";"298";"-";"-";"108";"16";"-";"-";"-";"-";"-";"-";"-";"-";"2225";"1577";"17";"5";"1555";"520";"164";"230";"42";"45";"2";"-";"-";"26";"-";"-";"-";"44";"3";"57";"-";"-";"-";"298";"-";"-";"108";"16";"-";"-";"-";"-";"-";"-"
"510012";"510012";"61";"7";"2";"425";"300";"4";"1";"295";"60";"16";"24";"29";"7";"0";"-";"-";"12";"-";"-";"-";"6";"1";"10";"-";"-";"-";"119";"-";"-";"9";"2";"-";"-";"-";"-";"-";"-";"-";"-";"425";"300";"4";"1";"295";"60";"16";"24";"29";"7";"0";"-";"-";"12";"-";"-";"-";"6";"1";"10";"-";"-";"-";"119";"-";"-";"9";"2";"-";"-";"-";"-";"-";"-"
"510013";"510013";"61";"7";"2";"1008";"680";"8";"3";"669";"165";"18";"94";"40";"48";"0";"-";"-";"13";"-";"-";"-";"83";"0";"46";"-";"-";"-";"122";"-";"-";"32";"8";"-";"-";"-";"-";"-";"-";"-";"-";"1008";"680";"8";"3";"669";"165";"18";"94";"40";"48";"0";"-";"-";"13";"-";"-";"-";"83";"0";"46";"-";"-";"-";"122";"-";"-";"32";"8";"-";"-";"-";"-";"-";"-"
"510014";"510014";"61";"7";"2";"2171";"1699";"21";"2";"1676";"553";"82";"341";"69";"74";"3";"-";"-";"16";"-";"-";"-";"31";"4";"65";"-";"-";"-";"373";"-";"-";"55";"10";"-";"-";"-";"-";"-";"-";"-";"-";"2171";"1699";"21";"2";"1676";"553";"82";"341";"69";"74";"3";"-";"-";"16";"-";"-";"-";"31";"4";"65";"-";"-";"-";"373";"-";"-";"55";"10";"-";"-";"-";"-";"-";"-"
"510015";"510015";"61";"7";"2";"573";"433";"6";"1";"426";"91";"12";"32";"24";"15";"1";"-";"-";"8";"-";"-";"-";"19";"0";"33";"-";"-";"-";"165";"-";"-";"21";"5";"-";"-";"-";"-";"-";"-";"-";"-";"573";"433";"6";"1";"426";"91";"12";"32";"24";"15";"1";"-";"-";"8";"-";"-";"-";"19";"0";"33";"-";"-";"-";"165";"-";"-";"21";"5";"-";"-";"-";"-";"-";"-"
"510016";"510016";"61";"7";"2";"376";"293";"6";"0";"287";"65";"17";"47";"18";"5";"1";"-";"-";"3";"-";"-";"-";"7";"0";"18";"-";"-";"-";"93";"-";"-";"12";"1";"-";"-";"-";"-";"-";"-";"-";"-";"376";"293";"6";"0";"287";"65";"17";"47";"18";"5";"1";"-";"-";"3";"-";"-";"-";"7";"0";"18";"-";"-";"-";"93";"-";"-";"12";"1";"-";"-";"-";"-";"-";"-"
"510017";"510017";"61";"7";"2";"339";"246";"2";"0";"244";"84";"6";"29";"24";"9";"0";"-";"-";"1";"-";"-";"-";"10";"2";"16";"-";"-";"-";"47";"-";"-";"14";"2";"-";"-";"-";"-";"-";"-";"-";"-";"339";"246";"2";"0";"244";"84";"6";"29";"24";"9";"0";"-";"-";"1";"-";"-";"-";"10";"2";"16";"-";"-";"-";"47";"-";"-";"14";"2";"-";"-";"-";"-";"-";"-"
"510018";"510018";"61";"7";"2";"1262";"1008";"13";"2";"993";"308";"87";"142";"30";"48";"5";"-";"-";"19";"-";"-";"-";"18";"6";"52";"-";"-";"-";"224";"-";"-";"39";"15";"-";"-";"-";"-";"-";"-";"-";"-";"1262";"1008";"13";"2";"993";"308";"87";"142";"30";"48";"5";"-";"-";"19";"-";"-";"-";"18";"6";"52";"-";"-";"-";"224";"-";"-";"39";"15";"-";"-";"-";"-";"-";"-"
"510019";"510019";"61";"7";"2";"1167";"866";"9";"6";"851";"232";"37";"124";"46";"22";"4";"-";"-";"9";"-";"-";"-";"18";"1";"74";"-";"-";"-";"232";"-";"-";"34";"18";"-";"-";"-";"-";"-";"-";"-";"-";"1167";"866";"9";"6";"851";"232";"37";"124";"46";"22";"4";"-";"-";"9";"-";"-";"-";"18";"1";"74";"-";"-";"-";"232";"-";"-";"34";"18";"-";"-";"-";"-";"-";"-"
"510020";"510020";"61";"7";"2";"135";"110";"3";"0";"107";"27";"3";"6";"10";"2";"0";"-";"-";"1";"-";"-";"-";"7";"0";"10";"-";"-";"-";"39";"-";"-";"2";"0";"-";"-";"-";"-";"-";"-";"-";"-";"135";"110";"3";"0";"107";"27";"3";"6";"10";"2";"0";"-";"-";"1";"-";"-";"-";"7";"0";"10";"-";"-";"-";"39";"-";"-";"2";"0";"-";"-";"-";"-";"-";"-"
"510021";"510021";"61";"7";"2";"692";"524";"3";"2";"519";"150";"28";"93";"50";"10";"2";"-";"-";"8";"-";"-";"-";"11";"1";"42";"-";"-";"-";"106";"-";"-";"16";"2";"-";"-";"-";"-";"-";"-";"-";"-";"692";"524";"3";"2";"519";"150";"28";"93";"50";"10";"2";"-";"-";"8";"-";"-";"-";"11";"1";"42";"-";"-";"-";"106";"-";"-";"16";"2";"-";"-";"-";"-";"-";"-"
"510022";"510022";"61";"7";"2";"544";"391";"3";"2";"386";"85";"30";"46";"30";"13";"1";"-";"-";"5";"-";"-";"-";"21";"0";"13";"-";"-";"-";"106";"-";"-";"27";"9";"-";"-";"-";"-";"-";"-";"-";"-";"544";"391";"3";"2";"386";"85";"30";"46";"30";"13";"1";"-";"-";"5";"-";"-";"-";"21";"0";"13";"-";"-";"-";"106";"-";"-";"27";"9";"-";"-";"-";"-";"-";"-"
"510024";"510024";"61";"7";"2";"1031";"715";"6";"2";"707";"311";"13";"54";"55";"18";"2";"-";"-";"10";"-";"-";"-";"9";"0";"49";"-";"-";"-";"158";"-";"-";"21";"7";"-";"-";"-";"-";"-";"-";"-";"-";"1031";"715";"6";"2";"707";"311";"13";"54";"55";"18";"2";"-";"-";"10";"-";"-";"-";"9";"0";"49";"-";"-";"-";"158";"-";"-";"21";"7";"-";"-";"-";"-";"-";"-"
"510025";"510025";"61";"7";"2";"1034";"696";"8";"1";"687";"151";"8";"32";"79";"20";"1";"-";"-";"43";"-";"-";"-";"8";"3";"39";"-";"-";"-";"288";"-";"-";"10";"5";"-";"-";"-";"-";"-";"-";"-";"-";"1034";"696";"8";"1";"687";"151";"8";"32";"79";"20";"1";"-";"-";"43";"-";"-";"-";"8";"3";"39";"-";"-";"-";"288";"-";"-";"10";"5";"-";"-";"-";"-";"-";"-"
"510026";"510026";"61";"7";"2";"2878";"1987";"26";"16";"1945";"726";"34";"291";"117";"48";"13";"-";"-";"4";"-";"-";"-";"32";"6";"102";"-";"-";"-";"515";"-";"-";"30";"27";"-";"-";"-";"-";"-";"-";"-";"-";"2878";"1987";"26";"16";"1945";"726";"34";"291";"117";"48";"13";"-";"-";"4";"-";"-";"-";"32";"6";"102";"-";"-";"-";"515";"-";"-";"30";"27";"-";"-";"-";"-";"-";"-"
"510028";"510028";"61";"7";"2";"2663";"1692";"14";"7";"1671";"633";"37";"249";"73";"59";"7";"-";"-";"2";"-";"-";"-";"18";"1";"87";"-";"-";"-";"448";"-";"-";"39";"18";"-";"-";"-";"-";"-";"-";"-";"-";"2663";"1692";"14";"7";"1671";"633";"37";"249";"73";"59";"7";"-";"-";"2";"-";"-";"-";"18";"1";"87";"-";"-";"-";"448";"-";"-";"39";"18";"-";"-";"-";"-";"-";"-"
"510029";"510029";"61";"7";"2";"824";"532";"7";"3";"522";"146";"15";"73";"29";"6";"7";"-";"-";"8";"-";"-";"-";"7";"2";"35";"-";"-";"-";"174";"-";"-";"13";"7";"-";"-";"-";"-";"-";"-";"-";"-";"824";"532";"7";"3";"522";"146";"15";"73";"29";"6";"7";"-";"-";"8";"-";"-";"-";"7";"2";"35";"-";"-";"-";"174";"-";"-";"13";"7";"-";"-";"-";"-";"-";"-"
"510030";"510030";"61";"7";"2";"1162";"879";"10";"1";"868";"220";"23";"80";"34";"20";"11";"-";"-";"7";"-";"-";"-";"14";"3";"34";"-";"-";"-";"391";"-";"-";"21";"10";"-";"-";"-";"-";"-";"-";"-";"-";"1162";"879";"10";"1";"868";"220";"23";"80";"34";"20";"11";"-";"-";"7";"-";"-";"-";"14";"3";"34";"-";"-";"-";"391";"-";"-";"21";"10";"-";"-";"-";"-";"-";"-"
"510031";"510031";"61";"7";"2";"434";"285";"4";"1";"280";"92";"4";"29";"17";"12";"5";"-";"-";"2";"-";"-";"-";"4";"0";"13";"-";"-";"-";"96";"-";"-";"5";"1";"-";"-";"-";"-";"-";"-";"-";"-";"434";"285";"4";"1";"280";"92";"4";"29";"17";"12";"5";"-";"-";"2";"-";"-";"-";"4";"0";"13";"-";"-";"-";"96";"-";"-";"5";"1";"-";"-";"-";"-";"-";"-"
"510032";"510032";"61";"7";"2";"573";"388";"13";"1";"374";"96";"5";"32";"44";"7";"0";"-";"-";"28";"-";"-";"-";"19";"0";"12";"-";"-";"-";"120";"-";"-";"6";"5";"-";"-";"-";"-";"-";"-";"-";"-";"573";"388";"13";"1";"374";"96";"5";"32";"44";"7";"0";"-";"-";"28";"-";"-";"-";"19";"0";"12";"-";"-";"-";"120";"-";"-";"6";"5";"-";"-";"-";"-";"-";"-"
"510033";"510033";"61";"7";"2";"911";"602";"13";"3";"586";"131";"12";"43";"38";"16";"1";"-";"-";"4";"-";"-";"-";"15";"2";"30";"-";"-";"-";"279";"-";"-";"8";"7";"-";"-";"-";"-";"-";"-";"-";"-";"911";"602";"13";"3";"586";"131";"12";"43";"38";"16";"1";"-";"-";"4";"-";"-";"-";"15";"2";"30";"-";"-";"-";"279";"-";"-";"8";"7";"-";"-";"-";"-";"-";"-"
"510034";"510034";"61";"7";"2";"474";"325";"4";"1";"320";"65";"3";"31";"26";"10";"1";"-";"-";"4";"-";"-";"-";"25";"1";"27";"-";"-";"-";"117";"-";"-";"7";"3";"-";"-";"-";"-";"-";"-";"-";"-";"474";"325";"4";"1";"320";"65";"3";"31";"26";"10";"1";"-";"-";"4";"-";"-";"-";"25";"1";"27";"-";"-";"-";"117";"-";"-";"7";"3";"-";"-";"-";"-";"-";"-"
"510035";"510035";"61";"7";"2";"640";"464";"7";"1";"456";"126";"6";"44";"34";"8";"1";"-";"-";"4";"-";"-";"-";"5";"12";"21";"-";"-";"-";"175";"-";"-";"14";"6";"-";"-";"-";"-";"-";"-";"-";"-";"640";"464";"7";"1";"456";"126";"6";"44";"34";"8";"1";"-";"-";"4";"-";"-";"-";"5";"12";"21";"-";"-";"-";"175";"-";"-";"14";"6";"-";"-";"-";"-";"-";"-"
"510036";"510036";"61";"7";"2";"1054";"653";"11";"0";"642";"168";"11";"33";"55";"10";"2";"-";"-";"5";"-";"-";"-";"6";"4";"26";"-";"-";"-";"300";"-";"-";"16";"6";"-";"-";"-";"-";"-";"-";"-";"-";"1054";"653";"11";"0";"642";"168";"11";"33";"55";"10";"2";"-";"-";"5";"-";"-";"-";"6";"4";"26";"-";"-";"-";"300";"-";"-";"16";"6";"-";"-";"-";"-";"-";"-"
"530001";"530001";"55";"7";"2";"5345";"3723";"47";"19";"3657";"1289";"132";"207";"63";"35";"-";"-";"-";"9";"-";"-";"-";"-";"-";"180";"-";"577";"-";"1165";"-";"-";"-";"-";"-";"-";"-";"-";"-";"-";"-";"-";"5345";"3723";"47";"19";"3657";"1289";"132";"207";"63";"35";"-";"-";"-";"9";"-";"-";"-";"-";"-";"180";"-";"577";"-";"1165";"-";"-";"-";"-";"-";"-";"-";"-";"-";"-"
"530002";"530002";"55";"7";"2";"1881";"1263";"11";"6";"1246";"374";"8";"313";"42";"16";"-";"-";"-";"5";"-";"-";"-";"-";"-";"190";"-";"5";"-";"293";"-";"-";"-";"-";"-";"-";"-";"-";"-";"-";"-";"-";"1881";"1263";"11";"6";"1246";"374";"8";"313";"42";"16";"-";"-";"-";"5";"-";"-";"-";"-";"-";"190";"-";"5";"-";"293";"-";"-";"-";"-";"-";"-";"-";"-";"-";"-"
"530003";"530003";"55";"7";"2";"1701";"1155";"11";"23";"1121";"392";"14";"54";"36";"15";"-";"-";"-";"56";"-";"-";"-";"-";"-";"107";"-";"36";"-";"411";"-";"-";"-";"-";"-";"-";"-";"-";"-";"-";"-";"-";"1701";"1155";"11";"23";"1121";"392";"14";"54";"36";"15";"-";"-";"-";"56";"-";"-";"-";"-";"-";"107";"-";"36";"-";"411";"-";"-";"-";"-";"-";"-";"-";"-";"-";"-"
"530004";"530004";"55";"7";"2";"781";"570";"3";"1";"566";"118";"2";"20";"10";"3";"-";"-";"-";"4";"-";"-";"-";"-";"-";"58";"-";"8";"-";"343";"-";"-";"-";"-";"-";"-";"-";"-";"-";"-";"-";"-";"781";"570";"3";"1";"566";"118";"2";"20";"10";"3";"-";"-";"-";"4";"-";"-";"-";"-";"-";"58";"-";"8";"-";"343";"-";"-";"-";"-";"-";"-";"-";"-";"-";"-"
"530005";"530005";"55";"7";"2";"776";"562";"4";"2";"556";"116";"3";"19";"15";"2";"-";"-";"-";"2";"-";"-";"-";"-";"-";"31";"-";"6";"-";"362";"-";"-";"-";"-";"-";"-";"-";"-";"-";"-";"-";"-";"776";"562";"4";"2";"556";"116";"3";"19";"15";"2";"-";"-";"-";"2";"-";"-";"-";"-";"-";"31";"-";"6";"-";"362";"-";"-";"-";"-";"-";"-";"-";"-";"-";"-"
"530006";"530006";"55";"7";"2";"8681";"5795";"69";"31";"5695";"1885";"58";"679";"128";"41";"-";"-";"-";"92";"-";"-";"-";"-";"-";"550";"-";"128";"-";"2134";"-";"-";"-";"-";"-";"-";"-";"-";"-";"-";"-";"-";"8681";"5795";"69";"31";"5695";"1885";"58";"679";"128";"41";"-";"-";"-";"92";"-";"-";"-";"-";"-";"550";"-";"128";"-";"2134";"-";"-";"-";"-";"-";"-";"-";"-";"-";"-"
"530007";"530007";"55";"7";"2";"1589";"1114";"10";"3";"1101";"281";"5";"59";"28";"11";"-";"-";"-";"10";"-";"-";"-";"-";"-";"124";"-";"24";"-";"559";"-";"-";"-";"-";"-";"-";"-";"-";"-";"-";"-";"-";"1589";"1114";"10";"3";"1101";"281";"5";"59";"28";"11";"-";"-";"-";"10";"-";"-";"-";"-";"-";"124";"-";"24";"-";"559";"-";"-";"-";"-";"-";"-";"-";"-";"-";"-"
"540001";"540001";"49";"7";"2";"4615";"3061";"27";"7";"3027";"1574";"10";"42";"151";"61";"11";"-";"-";"-";"-";"1";"3";"103";"-";"180";"-";"6";"-";"829";"-";"-";"43";"-";"-";"-";"-";"-";"-";"-";"13";"-";"4615";"3061";"27";"7";"3027";"1574";"10";"42";"151";"61";"11";"-";"-";"-";"-";"1";"3";"103";"-";"180";"-";"6";"-";"829";"-";"-";"43";"-";"-";"-";"-";"-";"-";"13"
"540002";"540002";"49";"7";"2";"2190";"1404";"20";"6";"1378";"713";"6";"21";"68";"39";"5";"-";"-";"-";"-";"0";"4";"42";"-";"87";"-";"14";"-";"358";"-";"-";"20";"-";"-";"-";"-";"-";"-";"-";"1";"-";"2190";"1404";"20";"6";"1378";"713";"6";"21";"68";"39";"5";"-";"-";"-";"-";"0";"4";"42";"-";"87";"-";"14";"-";"358";"-";"-";"20";"-";"-";"-";"-";"-";"-";"1"
"540003";"540003";"49";"7";"2";"2765";"2012";"21";"5";"1986";"959";"10";"23";"130";"33";"5";"-";"-";"-";"-";"0";"4";"74";"-";"94";"-";"12";"-";"624";"-";"-";"16";"-";"-";"-";"-";"-";"-";"-";"2";"-";"2765";"2012";"21";"5";"1986";"959";"10";"23";"130";"33";"5";"-";"-";"-";"-";"0";"4";"74";"-";"94";"-";"12";"-";"624";"-";"-";"16";"-";"-";"-";"-";"-";"-";"2"
"540004";"540004";"49";"7";"2";"1915";"1383";"19";"2";"1362";"563";"13";"21";"93";"31";"0";"-";"-";"-";"-";"0";"6";"86";"-";"52";"-";"14";"-";"448";"-";"-";"33";"-";"-";"-";"-";"-";"-";"-";"2";"-";"1915";"1383";"19";"2";"1362";"563";"13";"21";"93";"31";"0";"-";"-";"-";"-";"0";"6";"86";"-";"52";"-";"14";"-";"448";"-";"-";"33";"-";"-";"-";"-";"-";"-";"2"
"540005";"540005";"49";"7";"2";"3081";"2250";"20";"20";"2210";"872";"25";"77";"120";"48";"8";"-";"-";"-";"-";"2";"5";"180";"-";"77";"-";"28";"-";"741";"-";"-";"24";"-";"-";"-";"-";"-";"-";"-";"3";"-";"3081";"2250";"20";"20";"2210";"872";"25";"77";"120";"48";"8";"-";"-";"-";"-";"2";"5";"180";"-";"77";"-";"28";"-";"741";"-";"-";"24";"-";"-";"-";"-";"-";"-";"3"
"540006";"540006";"49";"7";"2";"2599";"1985";"17";"14";"1954";"770";"12";"67";"77";"39";"5";"-";"-";"-";"-";"0";"1";"167";"-";"46";"-";"18";"-";"721";"-";"-";"24";"-";"-";"-";"-";"-";"-";"-";"7";"-";"2599";"1985";"17";"14";"1954";"770";"12";"67";"77";"39";"5";"-";"-";"-";"-";"0";"1";"167";"-";"46";"-";"18";"-";"721";"-";"-";"24";"-";"-";"-";"-";"-";"-";"7"
"540007";"540007";"49";"7";"2";"1993";"1396";"24";"4";"1368";"468";"8";"32";"94";"29";"6";"-";"-";"-";"-";"0";"5";"84";"-";"57";"-";"26";"-";"535";"-";"-";"21";"-";"-";"-";"-";"-";"-";"-";"3";"-";"1993";"1396";"24";"4";"1368";"468";"8";"32";"94";"29";"6";"-";"-";"-";"-";"0";"5";"84";"-";"57";"-";"26";"-";"535";"-";"-";"21";"-";"-";"-";"-";"-";"-";"3"
"540008";"540008";"49";"7";"2";"468";"360";"2";"1";"357";"148";"3";"6";"24";"7";"6";"-";"-";"-";"-";"0";"0";"38";"-";"13";"-";"6";"-";"97";"-";"-";"9";"-";"-";"-";"-";"-";"-";"-";"0";"-";"468";"360";"2";"1";"357";"148";"3";"6";"24";"7";"6";"-";"-";"-";"-";"0";"0";"38";"-";"13";"-";"6";"-";"97";"-";"-";"9";"-";"-";"-";"-";"-";"-";"0"
"540009";"540009";"49";"7";"2";"7350";"4739";"59";"24";"4656";"2260";"97";"125";"193";"97";"19";"-";"-";"-";"-";"0";"6";"315";"-";"193";"-";"58";"-";"1165";"-";"-";"114";"-";"-";"-";"-";"-";"-";"-";"14";"-";"7350";"4739";"59";"24";"4656";"2260";"97";"125";"193";"97";"19";"-";"-";"-";"-";"0";"6";"315";"-";"193";"-";"58";"-";"1165";"-";"-";"114";"-";"-";"-";"-";"-";"-";"14"
"540010";"540010";"49";"7";"2";"6500";"3992";"58";"30";"3904";"1894";"66";"109";"180";"99";"11";"-";"-";"-";"-";"2";"2";"332";"-";"140";"-";"24";"-";"877";"-";"-";"152";"-";"-";"-";"-";"-";"-";"-";"16";"-";"6500";"3992";"58";"30";"3904";"1894";"66";"109";"180";"99";"11";"-";"-";"-";"-";"2";"2";"332";"-";"140";"-";"24";"-";"877";"-";"-";"152";"-";"-";"-";"-";"-";"-";"16"
"540011";"540011";"49";"7";"2";"6487";"4172";"39";"25";"4108";"1701";"66";"143";"125";"105";"8";"-";"-";"-";"-";"4";"5";"466";"-";"120";"-";"14";"-";"1188";"-";"-";"146";"-";"-";"-";"-";"-";"-";"-";"17";"-";"6487";"4172";"39";"25";"4108";"1701";"66";"143";"125";"105";"8";"-";"-";"-";"-";"4";"5";"466";"-";"120";"-";"14";"-";"1188";"-";"-";"146";"-";"-";"-";"-";"-";"-";"17"
"540012";"540012";"49";"7";"2";"4704";"3681";"41";"20";"3620";"1484";"35";"136";"135";"70";"11";"-";"-";"-";"-";"0";"2";"325";"-";"105";"-";"27";"-";"1198";"-";"-";"85";"-";"-";"-";"-";"-";"-";"-";"7";"-";"4704";"3681";"41";"20";"3620";"1484";"35";"136";"135";"70";"11";"-";"-";"-";"-";"0";"2";"325";"-";"105";"-";"27";"-";"1198";"-";"-";"85";"-";"-";"-";"-";"-";"-";"7"
"540013";"540013";"49";"7";"2";"2533";"1898";"26";"6";"1866";"840";"9";"44";"120";"28";"7";"-";"-";"-";"-";"0";"2";"148";"-";"66";"-";"13";"-";"565";"-";"-";"24";"-";"-";"-";"-";"-";"-";"-";"0";"-";"2533";"1898";"26";"6";"1866";"840";"9";"44";"120";"28";"7";"-";"-";"-";"-";"0";"2";"148";"-";"66";"-";"13";"-";"565";"-";"-";"24";"-";"-";"-";"-";"-";"-";"0"
"540014";"540014";"49";"7";"2";"1410";"1020";"11";"5";"1004";"422";"5";"20";"81";"14";"7";"-";"-";"-";"-";"1";"2";"51";"-";"38";"-";"8";"-";"338";"-";"-";"12";"-";"-";"-";"-";"-";"-";"-";"5";"-";"1410";"1020";"11";"5";"1004";"422";"5";"20";"81";"14";"7";"-";"-";"-";"-";"1";"2";"51";"-";"38";"-";"8";"-";"338";"-";"-";"12";"-";"-";"-";"-";"-";"-";"5"
"540015";"540015";"49";"7";"2";"3601";"2657";"35";"14";"2608";"1035";"13";"57";"118";"34";"9";"-";"-";"-";"-";"0";"2";"269";"-";"118";"-";"15";"-";"894";"-";"-";"36";"-";"-";"-";"-";"-";"-";"-";"8";"-";"3601";"2657";"35";"14";"2608";"1035";"13";"57";"118";"34";"9";"-";"-";"-";"-";"0";"2";"269";"-";"118";"-";"15";"-";"894";"-";"-";"36";"-";"-";"-";"-";"-";"-";"8"
"540016";"540016";"49";"7";"2";"6469";"4488";"45";"32";"4411";"1725";"37";"120";"181";"71";"12";"-";"-";"-";"-";"4";"4";"516";"-";"197";"-";"23";"-";"1434";"-";"-";"79";"-";"-";"-";"-";"-";"-";"-";"8";"-";"6469";"4488";"45";"32";"4411";"1725";"37";"120";"181";"71";"12";"-";"-";"-";"-";"4";"4";"516";"-";"197";"-";"23";"-";"1434";"-";"-";"79";"-";"-";"-";"-";"-";"-";"8"
"540017";"540017";"49";"7";"2";"719";"526";"9";"9";"508";"86";"2";"8";"117";"4";"5";"-";"-";"-";"-";"0";"0";"43";"-";"72";"-";"2";"-";"160";"-";"-";"9";"-";"-";"-";"-";"-";"-";"-";"0";"-";"719";"526";"9";"9";"508";"86";"2";"8";"117";"4";"5";"-";"-";"-";"-";"0";"0";"43";"-";"72";"-";"2";"-";"160";"-";"-";"9";"-";"-";"-";"-";"-";"-";"0"
"550001";"550001";"51";"7";"2";"1455";"1043";"14";"5";"1024";"283";"-";"34";"25";"20";"18";"-";"-";"-";"-";"-";"-";"109";"-";"29";"-";"66";"-";"160";"-";"-";"4";"2";"-";"-";"-";"274";"-";"-";"-";"-";"1455";"1043";"14";"5";"1024";"283";"-";"34";"25";"20";"18";"-";"-";"-";"-";"-";"-";"109";"-";"29";"-";"66";"-";"160";"-";"-";"4";"2";"-";"-";"274";"-";"-";"-"
"550002";"550002";"51";"7";"2";"588";"413";"3";"2";"408";"55";"-";"24";"16";"16";"5";"-";"-";"-";"-";"-";"-";"56";"-";"8";"-";"16";"-";"38";"-";"-";"6";"2";"-";"-";"-";"166";"-";"-";"-";"-";"588";"413";"3";"2";"408";"55";"-";"24";"16";"16";"5";"-";"-";"-";"-";"-";"-";"56";"-";"8";"-";"16";"-";"38";"-";"-";"6";"2";"-";"-";"166";"-";"-";"-"
"550003";"550003";"51";"7";"2";"443";"332";"1";"2";"329";"55";"-";"10";"9";"7";"12";"-";"-";"-";"-";"-";"-";"47";"-";"5";"-";"15";"-";"77";"-";"-";"5";"0";"-";"-";"-";"87";"-";"-";"-";"-";"443";"332";"1";"2";"329";"55";"-";"10";"9";"7";"12";"-";"-";"-";"-";"-";"-";"47";"-";"5";"-";"15";"-";"77";"-";"-";"5";"0";"-";"-";"87";"-";"-";"-"
"550004";"550004";"51";"7";"2";"1355";"916";"14";"7";"895";"193";"-";"28";"29";"38";"1";"-";"-";"-";"-";"-";"-";"137";"-";"26";"-";"60";"-";"108";"-";"-";"14";"1";"-";"-";"-";"260";"-";"-";"-";"-";"1355";"916";"14";"7";"895";"193";"-";"28";"29";"38";"1";"-";"-";"-";"-";"-";"-";"137";"-";"26";"-";"60";"-";"108";"-";"-";"14";"1";"-";"-";"260";"-";"-";"-"
"550007";"550007";"51";"7";"2";"509";"345";"4";"2";"339";"37";"-";"31";"11";"6";"8";"-";"-";"-";"-";"-";"-";"34";"-";"9";"-";"20";"-";"38";"-";"-";"9";"2";"-";"-";"-";"134";"-";"-";"-";"-";"509";"345";"4";"2";"339";"37";"-";"31";"11";"6";"8";"-";"-";"-";"-";"-";"-";"34";"-";"9";"-";"20";"-";"38";"-";"-";"9";"2";"-";"-";"134";"-";"-";"-"
"550008";"550008";"51";"7";"2";"853";"679";"7";"2";"670";"134";"-";"24";"18";"36";"5";"-";"-";"-";"-";"-";"-";"75";"-";"28";"-";"42";"-";"151";"-";"-";"9";"4";"-";"-";"-";"144";"-";"-";"-";"-";"853";"679";"7";"2";"670";"134";"-";"24";"18";"36";"5";"-";"-";"-";"-";"-";"-";"75";"-";"28";"-";"42";"-";"151";"-";"-";"9";"4";"-";"-";"144";"-";"-";"-"
"550012";"550012";"51";"7";"2";"2620";"1882";"23";"12";"1847";"224";"-";"93";"71";"39";"8";"-";"-";"-";"-";"-";"-";"484";"-";"52";"-";"103";"-";"380";"-";"-";"38";"2";"-";"-";"-";"353";"-";"-";"-";"-";"2620";"1882";"23";"12";"1847";"224";"-";"93";"71";"39";"8";"-";"-";"-";"-";"-";"-";"484";"-";"52";"-";"103";"-";"380";"-";"-";"38";"2";"-";"-";"353";"-";"-";"-"
"550014";"550014";"51";"7";"2";"1022";"741";"10";"3";"728";"91";"-";"25";"34";"14";"3";"-";"-";"-";"-";"-";"-";"153";"-";"23";"-";"63";"-";"175";"-";"-";"3";"4";"-";"-";"-";"140";"-";"-";"-";"-";"1022";"741";"10";"3";"728";"91";"-";"25";"34";"14";"3";"-";"-";"-";"-";"-";"-";"153";"-";"23";"-";"63";"-";"175";"-";"-";"3";"4";"-";"-";"140";"-";"-";"-"
"550015";"550015";"51";"7";"2";"610";"411";"7";"0";"404";"39";"-";"8";"11";"11";"4";"-";"-";"-";"-";"-";"-";"68";"-";"14";"-";"8";"-";"173";"-";"-";"4";"1";"-";"-";"-";"63";"-";"-";"-";"-";"610";"411";"7";"0";"404";"39";"-";"8";"11";"11";"4";"-";"-";"-";"-";"-";"-";"68";"-";"14";"-";"8";"-";"173";"-";"-";"4";"1";"-";"-";"63";"-";"-";"-"
"550016";"550016";"51";"7";"2";"731";"483";"5";"0";"478";"40";"-";"10";"22";"6";"1";"-";"-";"-";"-";"-";"-";"186";"-";"20";"-";"24";"-";"110";"-";"-";"5";"2";"-";"-";"-";"52";"-";"-";"-";"-";"731";"483";"5";"0";"478";"40";"-";"10";"22";"6";"1";"-";"-";"-";"-";"-";"-";"186";"-";"20";"-";"24";"-";"110";"-";"-";"5";"2";"-";"-";"52";"-";"-";"-"
"550017";"550017";"51";"7";"2";"1702";"1122";"21";"4";"1097";"98";"-";"47";"52";"29";"9";"-";"-";"-";"-";"-";"-";"82";"-";"33";"-";"40";"-";"442";"-";"-";"10";"4";"-";"-";"-";"251";"-";"-";"-";"-";"1702";"1122";"21";"4";"1097";"98";"-";"47";"52";"29";"9";"-";"-";"-";"-";"-";"-";"82";"-";"33";"-";"40";"-";"442";"-";"-";"10";"4";"-";"-";"251";"-";"-";"-"
"550018";"550018";"51";"7";"2";"625";"419";"5";"1";"413";"53";"-";"27";"22";"10";"8";"-";"-";"-";"-";"-";"-";"26";"-";"17";"-";"14";"-";"146";"-";"-";"6";"0";"-";"-";"-";"84";"-";"-";"-";"-";"625";"419";"5";"1";"413";"53";"-";"27";"22";"10";"8";"-";"-";"-";"-";"-";"-";"26";"-";"17";"-";"14";"-";"146";"-";"-";"6";"0";"-";"-";"84";"-";"-";"-"
"550019";"550019";"51";"7";"2";"421";"290";"6";"1";"283";"38";"-";"12";"16";"6";"4";"-";"-";"-";"-";"-";"-";"27";"-";"16";"-";"16";"-";"91";"-";"-";"4";"1";"-";"-";"-";"52";"-";"-";"-";"-";"421";"290";"6";"1";"283";"38";"-";"12";"16";"6";"4";"-";"-";"-";"-";"-";"-";"27";"-";"16";"-";"16";"-";"91";"-";"-";"4";"1";"-";"-";"52";"-";"-";"-"
"550021";"550021";"51";"7";"2";"536";"335";"4";"2";"329";"41";"-";"32";"18";"6";"2";"-";"-";"-";"-";"-";"-";"21";"-";"10";"-";"11";"-";"32";"-";"-";"1";"2";"-";"-";"-";"153";"-";"-";"-";"-";"536";"335";"4";"2";"329";"41";"-";"32";"18";"6";"2";"-";"-";"-";"-";"-";"-";"21";"-";"10";"-";"11";"-";"32";"-";"-";"1";"2";"-";"-";"153";"-";"-";"-"
"550023";"550023";"51";"7";"2";"3191";"2220";"24";"20";"2176";"333";"-";"51";"83";"62";"20";"-";"-";"-";"-";"-";"-";"128";"-";"85";"-";"228";"-";"486";"-";"-";"25";"7";"-";"-";"-";"668";"-";"-";"-";"-";"3191";"2220";"24";"20";"2176";"333";"-";"51";"83";"62";"20";"-";"-";"-";"-";"-";"-";"128";"-";"85";"-";"228";"-";"486";"-";"-";"25";"7";"-";"-";"668";"-";"-";"-"
"550024";"550024";"51";"7";"2";"798";"554";"5";"1";"548";"77";"-";"48";"42";"18";"9";"-";"-";"-";"-";"-";"-";"22";"-";"12";"-";"58";"-";"39";"-";"-";"9";"6";"-";"-";"-";"208";"-";"-";"-";"-";"798";"554";"5";"1";"548";"77";"-";"48";"42";"18";"9";"-";"-";"-";"-";"-";"-";"22";"-";"12";"-";"58";"-";"39";"-";"-";"9";"6";"-";"-";"208";"-";"-";"-"
"550025";"550025";"51";"7";"2";"6628";"4551";"64";"44";"4443";"746";"-";"341";"84";"364";"19";"-";"-";"-";"-";"-";"-";"693";"-";"87";"-";"519";"-";"405";"-";"-";"82";"21";"-";"-";"-";"1082";"-";"-";"-";"-";"6628";"4551";"64";"44";"4443";"746";"-";"341";"84";"364";"19";"-";"-";"-";"-";"-";"-";"693";"-";"87";"-";"519";"-";"405";"-";"-";"82";"21";"-";"-";"1082";"-";"-";"-"
"550027";"550027";"51";"7";"2";"862";"626";"10";"2";"614";"76";"-";"30";"39";"28";"5";"-";"-";"-";"-";"-";"-";"107";"-";"19";"-";"37";"-";"136";"-";"-";"8";"1";"-";"-";"-";"128";"-";"-";"-";"-";"862";"626";"10";"2";"614";"76";"-";"30";"39";"28";"5";"-";"-";"-";"-";"-";"-";"107";"-";"19";"-";"37";"-";"136";"-";"-";"8";"1";"-";"-";"128";"-";"-";"-"
"550029";"550029";"51";"7";"2";"786";"561";"5";"2";"554";"65";"-";"46";"20";"36";"4";"-";"-";"-";"-";"-";"-";"126";"-";"21";"-";"70";"-";"82";"-";"-";"6";"4";"-";"-";"-";"74";"-";"-";"-";"-";"786";"561";"5";"2";"554";"65";"-";"46";"20";"36";"4";"-";"-";"-";"-";"-";"-";"126";"-";"21";"-";"70";"-";"82";"-";"-";"6";"4";"-";"-";"74";"-";"-";"-"
"550051";"550051";"51";"7";"2";"509";"361";"1";"0";"360";"74";"-";"14";"24";"7";"2";"-";"-";"-";"-";"-";"-";"29";"-";"13";"-";"9";"-";"47";"-";"-";"6";"0";"-";"-";"-";"135";"-";"-";"-";"-";"509";"361";"1";"0";"360";"74";"-";"14";"24";"7";"2";"-";"-";"-";"-";"-";"-";"29";"-";"13";"-";"9";"-";"47";"-";"-";"6";"0";"-";"-";"135";"-";"-";"-"
"550061";"550061";"51";"7";"2";"2958";"2090";"18";"7";"2065";"216";"-";"156";"81";"38";"2";"-";"-";"-";"-";"-";"-";"78";"-";"37";"-";"69";"-";"119";"-";"-";"22";"8";"-";"-";"-";"1239";"-";"-";"-";"-";"2958";"2090";"18";"7";"2065";"216";"-";"156";"81";"38";"2";"-";"-";"-";"-";"-";"-";"78";"-";"37";"-";"69";"-";"119";"-";"-";"22";"8";"-";"-";"1239";"-";"-";"-"
"550071";"550071";"51";"7";"2";"495";"356";"5";"0";"351";"42";"-";"24";"20";"8";"3";"-";"-";"-";"-";"-";"-";"18";"-";"9";"-";"21";"-";"37";"-";"-";"6";"4";"-";"-";"-";"159";"-";"-";"-";"-";"495";"356";"5";"0";"351";"42";"-";"24";"20";"8";"3";"-";"-";"-";"-";"-";"-";"18";"-";"9";"-";"21";"-";"37";"-";"-";"6";"4";"-";"-";"159";"-";"-";"-"
"561002";"561002";"52";"7";"2";"11184";"6373";"131";"29";"6213";"1512";"306";"752";"254";"655";"105";"-";"-";"19";"-";"-";"-";"-";"3";"191";"-";"-";"-";"1917";"-";"176";"269";"-";"-";"-";"-";"33";"-";"-";"21";"-";"11184";"6373";"131";"29";"6213";"1512";"306";"752";"254";"655";"105";"-";"-";"19";"-";"-";"-";"-";"3";"191";"-";"-";"-";"1917";"-";"176";"269";"-";"-";"-";"33";"-";"-";"21"
"561003";"561003";"52";"7";"2";"2451";"1347";"28";"12";"1307";"466";"42";"100";"42";"133";"20";"-";"-";"2";"-";"-";"-";"-";"1";"54";"-";"-";"-";"342";"-";"37";"49";"-";"-";"-";"-";"15";"-";"-";"4";"-";"2451";"1347";"28";"12";"1307";"466";"42";"100";"42";"133";"20";"-";"-";"2";"-";"-";"-";"-";"1";"54";"-";"-";"-";"342";"-";"37";"49";"-";"-";"-";"15";"-";"-";"4"
"561004";"561004";"52";"7";"2";"3790";"2327";"30";"9";"2288";"791";"101";"178";"84";"313";"11";"-";"-";"2";"-";"-";"-";"-";"0";"107";"-";"-";"-";"535";"-";"48";"82";"-";"-";"-";"-";"22";"-";"-";"14";"-";"3790";"2327";"30";"9";"2288";"791";"101";"178";"84";"313";"11";"-";"-";"2";"-";"-";"-";"-";"0";"107";"-";"-";"-";"535";"-";"48";"82";"-";"-";"-";"22";"-";"-";"14"
"561005";"561005";"52";"7";"2";"5467";"2772";"43";"12";"2717";"1071";"132";"156";"115";"312";"15";"-";"-";"18";"-";"-";"-";"-";"1";"149";"-";"-";"-";"555";"-";"55";"100";"-";"-";"-";"-";"24";"-";"-";"14";"-";"5467";"2772";"43";"12";"2717";"1071";"132";"156";"115";"312";"15";"-";"-";"18";"-";"-";"-";"-";"1";"149";"-";"-";"-";"555";"-";"55";"100";"-";"-";"-";"24";"-";"-";"14"
"561006";"561006";"52";"7";"2";"5277";"3294";"38";"12";"3244";"930";"138";"277";"130";"409";"22";"-";"-";"16";"-";"-";"-";"-";"4";"117";"-";"-";"-";"972";"-";"80";"114";"-";"-";"-";"-";"23";"-";"-";"12";"-";"5277";"3294";"38";"12";"3244";"930";"138";"277";"130";"409";"22";"-";"-";"16";"-";"-";"-";"-";"4";"117";"-";"-";"-";"972";"-";"80";"114";"-";"-";"-";"23";"-";"-";"12"
"561007";"561007";"52";"7";"2";"4101";"2378";"36";"14";"2328";"1009";"83";"126";"89";"262";"9";"-";"-";"8";"-";"-";"-";"-";"1";"119";"-";"-";"-";"464";"-";"30";"90";"-";"-";"-";"-";"26";"-";"-";"12";"-";"4101";"2378";"36";"14";"2328";"1009";"83";"126";"89";"262";"9";"-";"-";"8";"-";"-";"-";"-";"1";"119";"-";"-";"-";"464";"-";"30";"90";"-";"-";"-";"26";"-";"-";"12"
"561008";"561008";"53";"7";"2";"1675";"1216";"16";"9";"1191";"250";"48";"84";"55";"99";"8";"-";"-";"8";"-";"-";"-";"-";"0";"51";"-";"-";"-";"544";"-";"20";"8";"-";"-";"-";"-";"9";"-";"-";"7";"-";"1675";"1216";"16";"9";"1191";"250";"48";"84";"55";"99";"8";"-";"-";"8";"-";"-";"-";"-";"0";"51";"-";"-";"-";"544";"-";"20";"8";"-";"-";"-";"9";"-";"-";"7"
"561011";"561011";"52";"7";"2";"3278";"2179";"30";"7";"2142";"533";"87";"167";"98";"207";"14";"-";"-";"10";"-";"-";"-";"-";"1";"61";"-";"-";"-";"842";"-";"48";"50";"-";"-";"-";"-";"20";"-";"-";"4";"-";"3278";"2179";"30";"7";"2142";"533";"87";"167";"98";"207";"14";"-";"-";"10";"-";"-";"-";"-";"1";"61";"-";"-";"-";"842";"-";"48";"50";"-";"-";"-";"20";"-";"-";"4"
"561012";"561012";"53";"7";"2";"2575";"1797";"18";"1";"1778";"393";"60";"140";"88";"143";"8";"-";"-";"8";"-";"-";"-";"-";"0";"83";"-";"-";"-";"780";"-";"37";"22";"-";"-";"-";"-";"13";"-";"-";"3";"-";"2575";"1797";"18";"1";"1778";"393";"60";"140";"88";"143";"8";"-";"-";"8";"-";"-";"-";"-";"0";"83";"-";"-";"-";"780";"-";"37";"22";"-";"-";"-";"13";"-";"-";"3"
"561015";"561015";"52";"7";"2";"5526";"3906";"39";"25";"3842";"990";"140";"326";"162";"403";"20";"-";"-";"29";"-";"-";"-";"-";"0";"164";"-";"-";"-";"1380";"-";"103";"77";"-";"-";"-";"-";"39";"-";"-";"9";"-";"5526";"3906";"39";"25";"3842";"990";"140";"326";"162";"403";"20";"-";"-";"29";"-";"-";"-";"-";"0";"164";"-";"-";"-";"1380";"-";"103";"77";"-";"-";"-";"39";"-";"-";"9"
"561016";"561016";"53";"7";"2";"6101";"4391";"26";"24";"4341";"920";"256";"506";"154";"290";"28";"-";"-";"10";"-";"-";"-";"-";"1";"108";"-";"-";"-";"1869";"-";"97";"50";"-";"-";"-";"-";"45";"-";"-";"7";"-";"6101";"4391";"26";"24";"4341";"920";"256";"506";"154";"290";"28";"-";"-";"10";"-";"-";"-";"-";"1";"108";"-";"-";"-";"1869";"-";"97";"50";"-";"-";"-";"45";"-";"-";"7"
"561017";"561017";"53";"7";"2";"1173";"851";"12";"1";"838";"197";"37";"78";"41";"71";"8";"-";"-";"12";"-";"-";"-";"-";"0";"22";"-";"-";"-";"333";"-";"17";"12";"-";"-";"-";"-";"8";"-";"-";"2";"-";"1173";"851";"12";"1";"838";"197";"37";"78";"41";"71";"8";"-";"-";"12";"-";"-";"-";"-";"0";"22";"-";"-";"-";"333";"-";"17";"12";"-";"-";"-";"8";"-";"-";"2"
"561020";"561020";"53";"7";"2";"2746";"2019";"30";"4";"1985";"568";"60";"122";"82";"161";"4";"-";"-";"5";"-";"-";"-";"-";"2";"60";"-";"-";"-";"852";"-";"21";"32";"-";"-";"-";"-";"11";"-";"-";"5";"-";"2746";"2019";"30";"4";"1985";"568";"60";"122";"82";"161";"4";"-";"-";"5";"-";"-";"-";"-";"2";"60";"-";"-";"-";"852";"-";"21";"32";"-";"-";"-";"11";"-";"-";"5"
"561021";"561021";"52";"7";"2";"3164";"1625";"17";"13";"1595";"596";"68";"102";"63";"171";"4";"-";"-";"21";"-";"-";"-";"-";"3";"67";"-";"-";"-";"357";"-";"34";"64";"-";"-";"-";"-";"41";"-";"-";"4";"-";"3164";"1625";"17";"13";"1595";"596";"68";"102";"63";"171";"4";"-";"-";"21";"-";"-";"-";"-";"3";"67";"-";"-";"-";"357";"-";"34";"64";"-";"-";"-";"41";"-";"-";"4"
"561022";"561022";"52";"7";"2";"2484";"1636";"13";"3";"1620";"454";"42";"116";"92";"129";"9";"-";"-";"12";"-";"-";"-";"-";"0";"92";"-";"-";"-";"597";"-";"32";"25";"-";"-";"-";"-";"15";"-";"-";"5";"-";"2484";"1636";"13";"3";"1620";"454";"42";"116";"92";"129";"9";"-";"-";"12";"-";"-";"-";"-";"0";"92";"-";"-";"-";"597";"-";"32";"25";"-";"-";"-";"15";"-";"-";"5"
"561023";"561023";"52";"7";"2";"3030";"1971";"25";"7";"1939";"678";"45";"113";"124";"211";"12";"-";"-";"7";"-";"-";"-";"-";"0";"91";"-";"-";"-";"558";"-";"36";"41";"-";"-";"-";"-";"19";"-";"-";"4";"-";"3030";"1971";"25";"7";"1939";"678";"45";"113";"124";"211";"12";"-";"-";"7";"-";"-";"-";"-";"0";"91";"-";"-";"-";"558";"-";"36";"41";"-";"-";"-";"19";"-";"-";"4"
"561024";"561024";"53";"7";"2";"3018";"2049";"25";"4";"2020";"448";"80";"163";"66";"176";"18";"-";"-";"20";"-";"-";"-";"-";"2";"53";"-";"-";"-";"856";"-";"86";"31";"-";"-";"-";"-";"18";"-";"-";"3";"-";"3018";"2049";"25";"4";"2020";"448";"80";"163";"66";"176";"18";"-";"-";"20";"-";"-";"-";"-";"2";"53";"-";"-";"-";"856";"-";"86";"31";"-";"-";"-";"18";"-";"-";"3"
"561025";"561025";"53";"7";"2";"8258";"5469";"72";"18";"5379";"1253";"114";"309";"328";"503";"22";"-";"-";"40";"-";"-";"-";"-";"3";"234";"-";"-";"-";"2446";"-";"41";"71";"-";"-";"-";"-";"9";"-";"-";"6";"-";"8258";"5469";"72";"18";"5379";"1253";"114";"309";"328";"503";"22";"-";"-";"40";"-";"-";"-";"-";"3";"234";"-";"-";"-";"2446";"-";"41";"71";"-";"-";"-";"9";"-";"-";"6"
"561028";"561028";"53";"7";"2";"9079";"6370";"70";"10";"6290";"1827";"173";"539";"169";"596";"30";"-";"-";"20";"-";"-";"-";"-";"0";"124";"-";"-";"-";"2540";"-";"42";"218";"-";"-";"-";"-";"4";"-";"-";"8";"-";"9079";"6370";"70";"10";"6290";"1827";"173";"539";"169";"596";"30";"-";"-";"20";"-";"-";"-";"-";"0";"124";"-";"-";"-";"2540";"-";"42";"218";"-";"-";"-";"4";"-";"-";"8"
"561032";"561032";"53";"7";"2";"1523";"1078";"15";"3";"1060";"260";"33";"94";"51";"89";"7";"-";"-";"8";"-";"-";"-";"-";"0";"31";"-";"-";"-";"451";"-";"10";"23";"-";"-";"-";"-";"2";"-";"-";"1";"-";"1523";"1078";"15";"3";"1060";"260";"33";"94";"51";"89";"7";"-";"-";"8";"-";"-";"-";"-";"0";"31";"-";"-";"-";"451";"-";"10";"23";"-";"-";"-";"2";"-";"-";"1"
"561033";"561033";"53";"7";"2";"2128";"1438";"27";"7";"1404";"310";"28";"115";"87";"74";"3";"-";"-";"19";"-";"-";"-";"-";"0";"44";"-";"-";"-";"704";"-";"6";"12";"-";"-";"-";"-";"0";"-";"-";"2";"-";"2128";"1438";"27";"7";"1404";"310";"28";"115";"87";"74";"3";"-";"-";"19";"-";"-";"-";"-";"0";"44";"-";"-";"-";"704";"-";"6";"12";"-";"-";"-";"0";"-";"-";"2"
"561035";"561035";"53";"7";"2";"28";"22";"0";"0";"22";"6";"2";"1";"1";"1";"0";"-";"-";"0";"-";"-";"-";"-";"0";"1";"-";"-";"-";"10";"-";"0";"0";"-";"-";"-";"-";"0";"-";"-";"0";"-";"28";"22";"0";"0";"22";"6";"2";"1";"1";"1";"0";"-";"-";"0";"-";"-";"-";"-";"0";"1";"-";"-";"-";"10";"-";"0";"0";"-";"-";"-";"0";"-";"-";"0"
"561038";"561038";"53";"7";"2";"1258";"813";"10";"3";"800";"137";"19";"44";"43";"40";"9";"-";"-";"12";"-";"-";"-";"-";"0";"25";"-";"-";"-";"428";"-";"27";"13";"-";"-";"-";"-";"2";"-";"-";"1";"-";"1258";"813";"10";"3";"800";"137";"19";"44";"43";"40";"9";"-";"-";"12";"-";"-";"-";"-";"0";"25";"-";"-";"-";"428";"-";"27";"13";"-";"-";"-";"2";"-";"-";"1"
"561040";"561040";"53";"7";"2";"2843";"1826";"32";"8";"1786";"321";"30";"99";"131";"105";"12";"-";"-";"9";"-";"-";"-";"-";"0";"74";"-";"-";"-";"953";"-";"21";"23";"-";"-";"-";"-";"6";"-";"-";"2";"-";"2843";"1826";"32";"8";"1786";"321";"30";"99";"131";"105";"12";"-";"-";"9";"-";"-";"-";"-";"0";"74";"-";"-";"-";"953";"-";"21";"23";"-";"-";"-";"6";"-";"-";"2"
"563001";"563001";"52";"7";"2";"2536";"2076";"29";"11";"2036";"148";"622";"420";"-";"132";"-";"-";"-";"-";"-";"-";"-";"-";"-";"29";"-";"59";"-";"383";"-";"-";"173";"70";"-";"-";"-";"-";"-";"-";"-";"-";"2536";"2076";"29";"11";"2036";"148";"622";"420";"-";"132";"-";"-";"-";"-";"-";"-";"-";"-";"-";"29";"-";"59";"-";"383";"-";"-";"173";"70";"-";"-";"-";"-";"-";"-"
"563002";"563002";"52";"7";"2";"306";"266";"1";"0";"265";"42";"44";"76";"-";"16";"-";"-";"-";"-";"-";"-";"-";"-";"-";"3";"-";"2";"-";"45";"-";"-";"28";"9";"-";"-";"-";"-";"-";"-";"-";"-";"306";"266";"1";"0";"265";"42";"44";"76";"-";"16";"-";"-";"-";"-";"-";"-";"-";"-";"-";"3";"-";"2";"-";"45";"-";"-";"28";"9";"-";"-";"-";"-";"-";"-"
"573001";"573001";"54";"7";"2";"11669";"7517";"98";"49";"7370";"2112";"205";"1098";"311";"269";"69";"-";"-";"197";"-";"-";"-";"-";"324";"374";"-";"23";"-";"2160";"-";"147";"81";"-";"-";"-";"-";"-";"-";"-";"-";"-";"11669";"7517";"98";"49";"7370";"2112";"205";"1098";"311";"269";"69";"-";"-";"197";"-";"-";"-";"-";"324";"374";"-";"23";"-";"2160";"-";"147";"81";"-";"-";"-";"-";"-";"-";"-"
"573004";"573004";"54";"7";"2";"887";"702";"9";"6";"687";"139";"11";"76";"17";"35";"1";"-";"-";"12";"-";"-";"-";"-";"9";"25";"-";"3";"-";"346";"-";"8";"5";"-";"-";"-";"-";"-";"-";"-";"-";"-";"887";"702";"9";"6";"687";"139";"11";"76";"17";"35";"1";"-";"-";"12";"-";"-";"-";"-";"9";"25";"-";"3";"-";"346";"-";"8";"5";"-";"-";"-";"-";"-";"-";"-"
"573005";"573005";"54";"7";"2";"652";"453";"6";"5";"442";"92";"7";"113";"38";"18";"2";"-";"-";"11";"-";"-";"-";"-";"0";"23";"-";"3";"-";"125";"-";"5";"5";"-";"-";"-";"-";"-";"-";"-";"-";"-";"652";"453";"6";"5";"442";"92";"7";"113";"38";"18";"2";"-";"-";"11";"-";"-";"-";"-";"0";"23";"-";"3";"-";"125";"-";"5";"5";"-";"-";"-";"-";"-";"-";"-"
"573006";"573006";"54";"7";"2";"673";"481";"4";"2";"475";"76";"14";"76";"19";"12";"3";"-";"-";"13";"-";"-";"-";"-";"13";"19";"-";"2";"-";"204";"-";"23";"1";"-";"-";"-";"-";"-";"-";"-";"-";"-";"673";"481";"4";"2";"475";"76";"14";"76";"19";"12";"3";"-";"-";"13";"-";"-";"-";"-";"13";"19";"-";"2";"-";"204";"-";"23";"1";"-";"-";"-";"-";"-";"-";"-"
"573007";"573007";"54";"7";"2";"1202";"898";"11";"3";"884";"218";"12";"75";"46";"23";"2";"-";"-";"10";"-";"-";"-";"-";"11";"45";"-";"1";"-";"418";"-";"16";"7";"-";"-";"-";"-";"-";"-";"-";"-";"-";"1202";"898";"11";"3";"884";"218";"12";"75";"46";"23";"2";"-";"-";"10";"-";"-";"-";"-";"11";"45";"-";"1";"-";"418";"-";"16";"7";"-";"-";"-";"-";"-";"-";"-"
"573008";"573008";"54";"7";"2";"876";"607";"5";"0";"602";"103";"7";"30";"18";"9";"1";"-";"-";"13";"-";"-";"-";"-";"1";"20";"-";"10";"-";"385";"-";"4";"1";"-";"-";"-";"-";"-";"-";"-";"-";"-";"876";"607";"5";"0";"602";"103";"7";"30";"18";"9";"1";"-";"-";"13";"-";"-";"-";"-";"1";"20";"-";"10";"-";"385";"-";"4";"1";"-";"-";"-";"-";"-";"-";"-"
"573009";"573009";"54";"7";"2";"1023";"747";"7";"0";"740";"140";"30";"152";"52";"40";"11";"-";"-";"22";"-";"-";"-";"-";"5";"37";"-";"6";"-";"230";"-";"7";"8";"-";"-";"-";"-";"-";"-";"-";"-";"-";"1023";"747";"7";"0";"740";"140";"30";"152";"52";"40";"11";"-";"-";"22";"-";"-";"-";"-";"5";"37";"-";"6";"-";"230";"-";"7";"8";"-";"-";"-";"-";"-";"-";"-"
"573010";"573010";"54";"7";"2";"1040";"644";"8";"6";"630";"105";"8";"60";"60";"39";"12";"-";"-";"27";"-";"-";"-";"-";"2";"47";"-";"8";"-";"248";"-";"9";"5";"-";"-";"-";"-";"-";"-";"-";"-";"-";"1040";"644";"8";"6";"630";"105";"8";"60";"60";"39";"12";"-";"-";"27";"-";"-";"-";"-";"2";"47";"-";"8";"-";"248";"-";"9";"5";"-";"-";"-";"-";"-";"-";"-"
"573013";"573013";"54";"7";"2";"1816";"1239";"16";"2";"1221";"273";"23";"176";"52";"52";"8";"-";"-";"22";"-";"-";"-";"-";"3";"73";"-";"10";"-";"468";"-";"42";"19";"-";"-";"-";"-";"-";"-";"-";"-";"-";"1816";"1239";"16";"2";"1221";"273";"23";"176";"52";"52";"8";"-";"-";"22";"-";"-";"-";"-";"3";"73";"-";"10";"-";"468";"-";"42";"19";"-";"-";"-";"-";"-";"-";"-"
"573014";"573014";"54";"7";"2";"703";"448";"7";"0";"441";"82";"12";"93";"28";"27";"3";"-";"-";"19";"-";"-";"-";"-";"2";"14";"-";"0";"-";"145";"-";"11";"5";"-";"-";"-";"-";"-";"-";"-";"-";"-";"703";"448";"7";"0";"441";"82";"12";"93";"28";"27";"3";"-";"-";"19";"-";"-";"-";"-";"2";"14";"-";"0";"-";"145";"-";"11";"5";"-";"-";"-";"-";"-";"-";"-"
"573015";"573015";"54";"7";"2";"1278";"857";"15";"5";"837";"160";"17";"134";"41";"15";"4";"-";"-";"22";"-";"-";"-";"-";"9";"50";"-";"9";"-";"359";"-";"10";"7";"-";"-";"-";"-";"-";"-";"-";"-";"-";"1278";"857";"15";"5";"837";"160";"17";"134";"41";"15";"4";"-";"-";"22";"-";"-";"-";"-";"9";"50";"-";"9";"-";"359";"-";"10";"7";"-";"-";"-";"-";"-";"-";"-"
"573018";"573018";"54";"7";"2";"2973";"2146";"19";"11";"2116";"325";"29";"1010";"108";"64";"10";"-";"-";"22";"-";"-";"-";"-";"4";"71";"-";"9";"-";"427";"-";"17";"20";"-";"-";"-";"-";"-";"-";"-";"-";"-";"2973";"2146";"19";"11";"2116";"325";"29";"1010";"108";"64";"10";"-";"-";"22";"-";"-";"-";"-";"4";"71";"-";"9";"-";"427";"-";"17";"20";"-";"-";"-";"-";"-";"-";"-"
"573019";"573019";"54";"7";"2";"509";"334";"2";"3";"329";"55";"4";"162";"5";"6";"1";"-";"-";"1";"-";"-";"-";"-";"1";"16";"-";"0";"-";"71";"-";"1";"6";"-";"-";"-";"-";"-";"-";"-";"-";"-";"509";"334";"2";"3";"329";"55";"4";"162";"5";"6";"1";"-";"-";"1";"-";"-";"-";"-";"1";"16";"-";"0";"-";"71";"-";"1";"6";"-";"-";"-";"-";"-";"-";"-"
"573022";"573022";"54";"7";"2";"946";"659";"8";"4";"647";"95";"20";"39";"46";"11";"5";"-";"-";"6";"-";"-";"-";"-";"0";"30";"-";"3";"-";"385";"-";"3";"4";"-";"-";"-";"-";"-";"-";"-";"-";"-";"946";"659";"8";"4";"647";"95";"20";"39";"46";"11";"5";"-";"-";"6";"-";"-";"-";"-";"0";"30";"-";"3";"-";"385";"-";"3";"4";"-";"-";"-";"-";"-";"-";"-"
"573023";"573023";"54";"7";"2";"1270";"908";"14";"0";"894";"106";"111";"70";"31";"20";"5";"-";"-";"25";"-";"-";"-";"-";"0";"41";"-";"6";"-";"470";"-";"2";"7";"-";"-";"-";"-";"-";"-";"-";"-";"-";"1270";"908";"14";"0";"894";"106";"111";"70";"31";"20";"5";"-";"-";"25";"-";"-";"-";"-";"0";"41";"-";"6";"-";"470";"-";"2";"7";"-";"-";"-";"-";"-";"-";"-"
"573024";"573024";"54";"7";"2";"530";"371";"5";"2";"364";"43";"14";"44";"14";"7";"0";"-";"-";"7";"-";"-";"-";"-";"0";"27";"-";"2";"-";"198";"-";"1";"7";"-";"-";"-";"-";"-";"-";"-";"-";"-";"530";"371";"5";"2";"364";"43";"14";"44";"14";"7";"0";"-";"-";"7";"-";"-";"-";"-";"0";"27";"-";"2";"-";"198";"-";"1";"7";"-";"-";"-";"-";"-";"-";"-"
"573026";"573026";"54";"7";"2";"1143";"811";"13";"7";"791";"263";"23";"150";"39";"25";"6";"-";"-";"28";"-";"-";"-";"-";"2";"33";"-";"7";"-";"205";"-";"5";"5";"-";"-";"-";"-";"-";"-";"-";"-";"-";"1143";"811";"13";"7";"791";"263";"23";"150";"39";"25";"6";"-";"-";"28";"-";"-";"-";"-";"2";"33";"-";"7";"-";"205";"-";"5";"5";"-";"-";"-";"-";"-";"-";"-"
"573027";"573027";"54";"7";"2";"849";"595";"4";"6";"585";"53";"119";"23";"27";"6";"4";"-";"-";"17";"-";"-";"-";"-";"0";"20";"-";"4";"-";"310";"-";"1";"1";"-";"-";"-";"-";"-";"-";"-";"-";"-";"849";"595";"4";"6";"585";"53";"119";"23";"27";"6";"4";"-";"-";"17";"-";"-";"-";"-";"0";"20";"-";"4";"-";"310";"-";"1";"1";"-";"-";"-";"-";"-";"-";"-"
"573028";"573028";"54";"7";"2";"1050";"746";"12";"6";"728";"123";"25";"108";"33";"21";"4";"-";"-";"9";"-";"-";"-";"-";"3";"45";"-";"10";"-";"324";"-";"16";"7";"-";"-";"-";"-";"-";"-";"-";"-";"-";"1050";"746";"12";"6";"728";"123";"25";"108";"33";"21";"4";"-";"-";"9";"-";"-";"-";"-";"3";"45";"-";"10";"-";"324";"-";"16";"7";"-";"-";"-";"-";"-";"-";"-"
"573030";"573030";"54";"7";"2";"4620";"3192";"40";"12";"3140";"525";"57";"249";"123";"84";"18";"-";"-";"287";"-";"-";"-";"-";"5";"113";"-";"38";"-";"1608";"-";"10";"23";"-";"-";"-";"-";"-";"-";"-";"-";"-";"4620";"3192";"40";"12";"3140";"525";"57";"249";"123";"84";"18";"-";"-";"287";"-";"-";"-";"-";"5";"113";"-";"38";"-";"1608";"-";"10";"23";"-";"-";"-";"-";"-";"-";"-"
"573031";"573031";"54";"7";"2";"1575";"1127";"14";"4";"1109";"226";"21";"94";"40";"22";"3";"-";"-";"18";"-";"-";"-";"-";"2";"42";"-";"13";"-";"620";"-";"3";"5";"-";"-";"-";"-";"-";"-";"-";"-";"-";"1575";"1127";"14";"4";"1109";"226";"21";"94";"40";"22";"3";"-";"-";"18";"-";"-";"-";"-";"2";"42";"-";"13";"-";"620";"-";"3";"5";"-";"-";"-";"-";"-";"-";"-"
"573032";"573032";"54";"7";"2";"1462";"997";"11";"3";"983";"108";"15";"154";"44";"8";"3";"-";"-";"50";"-";"-";"-";"-";"0";"21";"-";"99";"-";"472";"-";"2";"7";"-";"-";"-";"-";"-";"-";"-";"-";"-";"1462";"997";"11";"3";"983";"108";"15";"154";"44";"8";"3";"-";"-";"50";"-";"-";"-";"-";"0";"21";"-";"99";"-";"472";"-";"2";"7";"-";"-";"-";"-";"-";"-";"-"
"573033";"573033";"54";"7";"2";"636";"465";"4";"2";"459";"39";"16";"139";"28";"8";"2";"-";"-";"18";"-";"-";"-";"-";"1";"10";"-";"18";"-";"173";"-";"3";"4";"-";"-";"-";"-";"-";"-";"-";"-";"-";"636";"465";"4";"2";"459";"39";"16";"139";"28";"8";"2";"-";"-";"18";"-";"-";"-";"-";"1";"10";"-";"18";"-";"173";"-";"3";"4";"-";"-";"-";"-";"-";"-";"-"
"575001";"575001";"55";"7";"2";"4469";"2981";"42";"21";"2918";"1033";"29";"601";"94";"110";"8";"-";"-";"-";"-";"-";"-";"-";"-";"90";"-";"64";"-";"847";"-";"-";"42";"-";"-";"-";"-";"-";"-";"-";"-";"-";"4469";"2981";"42";"21";"2918";"1033";"29";"601";"94";"110";"8";"-";"-";"-";"-";"-";"-";"-";"-";"90";"-";"64";"-";"847";"-";"-";"42";"-";"-";"-";"-";"-";"-";"-"
"575002";"575002";"55";"7";"2";"656";"470";"10";"2";"458";"100";"4";"73";"28";"18";"1";"-";"-";"-";"-";"-";"-";"-";"-";"21";"-";"14";"-";"198";"-";"-";"1";"-";"-";"-";"-";"-";"-";"-";"-";"-";"656";"470";"10";"2";"458";"100";"4";"73";"28";"18";"1";"-";"-";"-";"-";"-";"-";"-";"-";"21";"-";"14";"-";"198";"-";"-";"1";"-";"-";"-";"-";"-";"-";"-"
"575003";"575003";"55";"7";"2";"2942";"1844";"23";"9";"1812";"570";"170";"249";"93";"55";"4";"-";"-";"-";"-";"-";"-";"-";"-";"79";"-";"65";"-";"496";"-";"-";"31";"-";"-";"-";"-";"-";"-";"-";"-";"-";"2942";"1844";"23";"9";"1812";"570";"170";"249";"93";"55";"4";"-";"-";"-";"-";"-";"-";"-";"-";"79";"-";"65";"-";"496";"-";"-";"31";"-";"-";"-";"-";"-";"-";"-"
"575004";"575004";"55";"7";"2";"901";"663";"7";"5";"651";"147";"14";"77";"46";"18";"1";"-";"-";"-";"-";"-";"-";"-";"-";"31";"-";"19";"-";"291";"-";"-";"7";"-";"-";"-";"-";"-";"-";"-";"-";"-";"901";"663";"7";"5";"651";"147";"14";"77";"46";"18";"1";"-";"-";"-";"-";"-";"-";"-";"-";"31";"-";"19";"-";"291";"-";"-";"7";"-";"-";"-";"-";"-";"-";"-"
"575005";"575005";"55";"7";"2";"975";"695";"5";"2";"688";"99";"13";"73";"27";"20";"1";"-";"-";"-";"-";"-";"-";"-";"-";"27";"-";"9";"-";"415";"-";"-";"4";"-";"-";"-";"-";"-";"-";"-";"-";"-";"975";"695";"5";"2";"688";"99";"13";"73";"27";"20";"1";"-";"-";"-";"-";"-";"-";"-";"-";"27";"-";"9";"-";"415";"-";"-";"4";"-";"-";"-";"-";"-";"-";"-"
"575006";"575006";"55";"7";"2";"464";"315";"2";"0";"313";"76";"6";"58";"13";"17";"0";"-";"-";"-";"-";"-";"-";"-";"-";"8";"-";"17";"-";"115";"-";"-";"3";"-";"-";"-";"-";"-";"-";"-";"-";"-";"464";"315";"2";"0";"313";"76";"6";"58";"13";"17";"0";"-";"-";"-";"-";"-";"-";"-";"-";"8";"-";"17";"-";"115";"-";"-";"3";"-";"-";"-";"-";"-";"-";"-"
"575007";"575007";"55";"7";"2";"2750";"1975";"23";"9";"1943";"276";"18";"1108";"54";"44";"3";"-";"-";"-";"-";"-";"-";"-";"-";"35";"-";"30";"-";"342";"-";"-";"33";"-";"-";"-";"-";"-";"-";"-";"-";"-";"2750";"1975";"23";"9";"1943";"276";"18";"1108";"54";"44";"3";"-";"-";"-";"-";"-";"-";"-";"-";"35";"-";"30";"-";"342";"-";"-";"33";"-";"-";"-";"-";"-";"-";"-"
"575008";"575008";"55";"7";"2";"726";"534";"3";"4";"527";"177";"0";"140";"31";"11";"0";"-";"-";"-";"-";"-";"-";"-";"-";"11";"-";"12";"-";"132";"-";"-";"13";"-";"-";"-";"-";"-";"-";"-";"-";"-";"726";"534";"3";"4";"527";"177";"0";"140";"31";"11";"0";"-";"-";"-";"-";"-";"-";"-";"-";"11";"-";"12";"-";"132";"-";"-";"13";"-";"-";"-";"-";"-";"-";"-"
"575009";"575009";"55";"7";"2";"2028";"1520";"19";"10";"1491";"374";"15";"240";"57";"42";"3";"-";"-";"-";"-";"-";"-";"-";"-";"39";"-";"31";"-";"672";"-";"-";"18";"-";"-";"-";"-";"-";"-";"-";"-";"-";"2028";"1520";"19";"10";"1491";"374";"15";"240";"57";"42";"3";"-";"-";"-";"-";"-";"-";"-";"-";"39";"-";"31";"-";"672";"-";"-";"18";"-";"-";"-";"-";"-";"-";"-"
"575010";"575010";"55";"7";"2";"580";"383";"4";"2";"377";"35";"3";"216";"20";"4";"0";"-";"-";"-";"-";"-";"-";"-";"-";"5";"-";"5";"-";"84";"-";"-";"5";"-";"-";"-";"-";"-";"-";"-";"-";"-";"580";"383";"4";"2";"377";"35";"3";"216";"20";"4";"0";"-";"-";"-";"-";"-";"-";"-";"-";"5";"-";"5";"-";"84";"-";"-";"5";"-";"-";"-";"-";"-";"-";"-"
"575011";"575011";"55";"7";"2";"1375";"917";"9";"3";"905";"231";"5";"126";"61";"19";"4";"-";"-";"-";"-";"-";"-";"-";"-";"43";"-";"36";"-";"365";"-";"-";"15";"-";"-";"-";"-";"-";"-";"-";"-";"-";"1375";"917";"9";"3";"905";"231";"5";"126";"61";"19";"4";"-";"-";"-";"-";"-";"-";"-";"-";"43";"-";"36";"-";"365";"-";"-";"15";"-";"-";"-";"-";"-";"-";"-"
"575012";"575012";"55";"7";"2";"380";"277";"3";"0";"274";"28";"1";"48";"7";"7";"0";"-";"-";"-";"-";"-";"-";"-";"-";"5";"-";"49";"-";"122";"-";"-";"7";"-";"-";"-";"-";"-";"-";"-";"-";"-";"380";"277";"3";"0";"274";"28";"1";"48";"7";"7";"0";"-";"-";"-";"-";"-";"-";"-";"-";"5";"-";"49";"-";"122";"-";"-";"7";"-";"-";"-";"-";"-";"-";"-"
"575013";"575013";"55";"7";"2";"609";"416";"5";"3";"408";"73";"2";"118";"28";"18";"4";"-";"-";"-";"-";"-";"-";"-";"-";"15";"-";"9";"-";"138";"-";"-";"3";"-";"-";"-";"-";"-";"-";"-";"-";"-";"609";"416";"5";"3";"408";"73";"2";"118";"28";"18";"4";"-";"-";"-";"-";"-";"-";"-";"-";"15";"-";"9";"-";"138";"-";"-";"3";"-";"-";"-";"-";"-";"-";"-"
"575014";"575014";"55";"7";"2";"7450";"4774";"76";"23";"4675";"1700";"61";"928";"171";"190";"16";"-";"-";"-";"-";"-";"-";"-";"-";"147";"-";"88";"-";"1224";"-";"-";"150";"-";"-";"-";"-";"-";"-";"-";"-";"-";"7450";"4774";"76";"23";"4675";"1700";"61";"928";"171";"190";"16";"-";"-";"-";"-";"-";"-";"-";"-";"147";"-";"88";"-";"1224";"-";"-";"150";"-";"-";"-";"-";"-";"-";"-"
"575015";"575015";"55";"7";"2";"533";"402";"2";"1";"399";"83";"5";"86";"20";"19";"2";"-";"-";"-";"-";"-";"-";"-";"-";"18";"-";"12";"-";"151";"-";"-";"3";"-";"-";"-";"-";"-";"-";"-";"-";"-";"533";"402";"2";"1";"399";"83";"5";"86";"20";"19";"2";"-";"-";"-";"-";"-";"-";"-";"-";"18";"-";"12";"-";"151";"-";"-";"3";"-";"-";"-";"-";"-";"-";"-"
"575016";"575016";"55";"7";"2";"2539";"1943";"14";"7";"1922";"491";"18";"522";"88";"71";"11";"-";"-";"-";"-";"-";"-";"-";"-";"40";"-";"61";"-";"588";"-";"-";"32";"-";"-";"-";"-";"-";"-";"-";"-";"-";"2539";"1943";"14";"7";"1922";"491";"18";"522";"88";"71";"11";"-";"-";"-";"-";"-";"-";"-";"-";"40";"-";"61";"-";"588";"-";"-";"32";"-";"-";"-";"-";"-";"-";"-"
"575017";"575017";"55";"7";"2";"1162";"811";"9";"4";"798";"251";"10";"175";"50";"45";"4";"-";"-";"-";"-";"-";"-";"-";"-";"40";"-";"11";"-";"199";"-";"-";"13";"-";"-";"-";"-";"-";"-";"-";"-";"-";"1162";"811";"9";"4";"798";"251";"10";"175";"50";"45";"4";"-";"-";"-";"-";"-";"-";"-";"-";"40";"-";"11";"-";"199";"-";"-";"13";"-";"-";"-";"-";"-";"-";"-"
"575018";"575018";"55";"7";"2";"1180";"818";"14";"4";"800";"247";"11";"118";"51";"35";"5";"-";"-";"-";"-";"-";"-";"-";"-";"27";"-";"28";"-";"263";"-";"-";"15";"-";"-";"-";"-";"-";"-";"-";"-";"-";"1180";"818";"14";"4";"800";"247";"11";"118";"51";"35";"5";"-";"-";"-";"-";"-";"-";"-";"-";"27";"-";"28";"-";"263";"-";"-";"15";"-";"-";"-";"-";"-";"-";"-"
"575019";"575019";"55";"7";"2";"1678";"1071";"26";"4";"1041";"299";"7";"273";"80";"29";"8";"-";"-";"-";"-";"-";"-";"-";"-";"59";"-";"28";"-";"246";"-";"-";"12";"-";"-";"-";"-";"-";"-";"-";"-";"-";"1678";"1071";"26";"4";"1041";"299";"7";"273";"80";"29";"8";"-";"-";"-";"-";"-";"-";"-";"-";"59";"-";"28";"-";"246";"-";"-";"12";"-";"-";"-";"-";"-";"-";"-"
"580001";"580001";"50";"7";"2";"674";"422";"9";"0";"413";"99";"-";"48";"36";"8";"3";"-";"-";"1";"-";"-";"-";"15";"-";"38";"-";"-";"-";"159";"-";"-";"5";"1";"-";"-";"-";"-";"-";"-";"-";"-";"674";"422";"9";"0";"413";"99";"-";"48";"36";"8";"3";"-";"-";"1";"-";"-";"-";"15";"-";"38";"-";"-";"-";"159";"-";"-";"5";"1";"-";"-";"-";"-";"-";"-"
"580002";"580002";"50";"7";"2";"698";"476";"3";"2";"471";"123";"-";"33";"46";"5";"3";"-";"-";"7";"-";"-";"-";"16";"-";"30";"-";"-";"-";"196";"-";"-";"9";"3";"-";"-";"-";"-";"-";"-";"-";"-";"698";"476";"3";"2";"471";"123";"-";"33";"46";"5";"3";"-";"-";"7";"-";"-";"-";"16";"-";"30";"-";"-";"-";"196";"-";"-";"9";"3";"-";"-";"-";"-";"-";"-"
"580003";"580003";"50";"7";"2";"5388";"3696";"58";"16";"3622";"1195";"-";"512";"218";"66";"27";"-";"-";"33";"-";"-";"-";"117";"-";"249";"-";"-";"-";"1162";"-";"-";"35";"8";"-";"-";"-";"-";"-";"-";"-";"-";"5388";"3696";"58";"16";"3622";"1195";"-";"512";"218";"66";"27";"-";"-";"33";"-";"-";"-";"117";"-";"249";"-";"-";"-";"1162";"-";"-";"35";"8";"-";"-";"-";"-";"-";"-"
"580004";"580004";"50";"7";"2";"3484";"2562";"30";"13";"2519";"794";"-";"228";"156";"105";"34";"-";"-";"18";"-";"-";"-";"101";"-";"129";"-";"-";"-";"899";"-";"-";"44";"11";"-";"-";"-";"-";"-";"-";"-";"-";"3484";"2562";"30";"13";"2519";"794";"-";"228";"156";"105";"34";"-";"-";"18";"-";"-";"-";"101";"-";"129";"-";"-";"-";"899";"-";"-";"44";"11";"-";"-";"-";"-";"-";"-"
"580005";"580005";"50";"7";"2";"1513";"1095";"3";"4";"1088";"331";"-";"93";"85";"16";"2";"-";"-";"18";"-";"-";"-";"24";"-";"240";"-";"-";"-";"274";"-";"-";"1";"4";"-";"-";"-";"-";"-";"-";"-";"-";"1513";"1095";"3";"4";"1088";"331";"-";"93";"85";"16";"2";"-";"-";"18";"-";"-";"-";"24";"-";"240";"-";"-";"-";"274";"-";"-";"1";"4";"-";"-";"-";"-";"-";"-"
"580006";"580006";"50";"7";"2";"709";"480";"6";"0";"474";"55";"-";"29";"45";"4";"6";"-";"-";"1";"-";"-";"-";"62";"-";"19";"-";"-";"-";"242";"-";"-";"7";"4";"-";"-";"-";"-";"-";"-";"-";"-";"709";"480";"6";"0";"474";"55";"-";"29";"45";"4";"6";"-";"-";"1";"-";"-";"-";"62";"-";"19";"-";"-";"-";"242";"-";"-";"7";"4";"-";"-";"-";"-";"-";"-"
"580007";"580007";"50";"7";"2";"1744";"1150";"21";"3";"1126";"257";"-";"103";"99";"15";"7";"-";"-";"8";"-";"-";"-";"118";"-";"76";"-";"-";"-";"425";"-";"-";"13";"5";"-";"-";"-";"-";"-";"-";"-";"-";"1744";"1150";"21";"3";"1126";"257";"-";"103";"99";"15";"7";"-";"-";"8";"-";"-";"-";"118";"-";"76";"-";"-";"-";"425";"-";"-";"13";"5";"-";"-";"-";"-";"-";"-"
"580008";"580008";"50";"7";"2";"1861";"1322";"14";"4";"1304";"369";"-";"260";"80";"45";"9";"-";"-";"10";"-";"-";"-";"51";"-";"52";"-";"-";"-";"399";"-";"-";"21";"8";"-";"-";"-";"-";"-";"-";"-";"-";"1861";"1322";"14";"4";"1304";"369";"-";"260";"80";"45";"9";"-";"-";"10";"-";"-";"-";"51";"-";"52";"-";"-";"-";"399";"-";"-";"21";"8";"-";"-";"-";"-";"-";"-"
"580009";"580009";"50";"7";"2";"1743";"1207";"18";"5";"1184";"274";"-";"142";"97";"35";"7";"-";"-";"2";"-";"-";"-";"59";"-";"60";"-";"-";"-";"493";"-";"-";"9";"6";"-";"-";"-";"-";"-";"-";"-";"-";"1743";"1207";"18";"5";"1184";"274";"-";"142";"97";"35";"7";"-";"-";"2";"-";"-";"-";"59";"-";"60";"-";"-";"-";"493";"-";"-";"9";"6";"-";"-";"-";"-";"-";"-"
"580010";"580010";"50";"7";"2";"999";"703";"9";"4";"690";"199";"-";"39";"53";"27";"2";"-";"-";"5";"-";"-";"-";"17";"-";"27";"-";"-";"-";"294";"-";"-";"24";"3";"-";"-";"-";"-";"-";"-";"-";"-";"999";"703";"9";"4";"690";"199";"-";"39";"53";"27";"2";"-";"-";"5";"-";"-";"-";"17";"-";"27";"-";"-";"-";"294";"-";"-";"24";"3";"-";"-";"-";"-";"-";"-"
"580011";"580011";"50";"7";"2";"2030";"1291";"17";"2";"1272";"164";"-";"78";"88";"25";"2";"-";"-";"35";"-";"-";"-";"413";"-";"66";"-";"-";"-";"383";"-";"-";"11";"7";"-";"-";"-";"-";"-";"-";"-";"-";"2030";"1291";"17";"2";"1272";"164";"-";"78";"88";"25";"2";"-";"-";"35";"-";"-";"-";"413";"-";"66";"-";"-";"-";"383";"-";"-";"11";"7";"-";"-";"-";"-";"-";"-"
"580012";"580012";"50";"7";"2";"2766";"1742";"22";"11";"1709";"331";"-";"136";"145";"47";"5";"-";"-";"10";"-";"-";"-";"305";"-";"83";"-";"-";"-";"619";"-";"-";"22";"6";"-";"-";"-";"-";"-";"-";"-";"-";"2766";"1742";"22";"11";"1709";"331";"-";"136";"145";"47";"5";"-";"-";"10";"-";"-";"-";"305";"-";"83";"-";"-";"-";"619";"-";"-";"22";"6";"-";"-";"-";"-";"-";"-"
"580013";"580013";"50";"7";"2";"1791";"1222";"9";"5";"1208";"200";"-";"138";"99";"29";"6";"-";"-";"4";"-";"-";"-";"69";"-";"71";"-";"-";"-";"569";"-";"-";"18";"5";"-";"-";"-";"-";"-";"-";"-";"-";"1791";"1222";"9";"5";"1208";"200";"-";"138";"99";"29";"6";"-";"-";"4";"-";"-";"-";"69";"-";"71";"-";"-";"-";"569";"-";"-";"18";"5";"-";"-";"-";"-";"-";"-"
"580014";"580014";"50";"7";"2";"3488";"2163";"17";"7";"2139";"410";"-";"329";"199";"78";"10";"-";"-";"5";"-";"-";"-";"189";"-";"107";"-";"-";"-";"763";"-";"-";"27";"22";"-";"-";"-";"-";"-";"-";"-";"-";"3488";"2163";"17";"7";"2139";"410";"-";"329";"199";"78";"10";"-";"-";"5";"-";"-";"-";"189";"-";"107";"-";"-";"-";"763";"-";"-";"27";"22";"-";"-";"-";"-";"-";"-"
"580015";"580015";"50";"7";"2";"4209";"2506";"31";"17";"2458";"586";"-";"486";"156";"75";"8";"-";"-";"8";"-";"-";"-";"221";"-";"140";"-";"-";"-";"720";"-";"-";"51";"7";"-";"-";"-";"-";"-";"-";"-";"-";"4209";"2506";"31";"17";"2458";"586";"-";"486";"156";"75";"8";"-";"-";"8";"-";"-";"-";"221";"-";"140";"-";"-";"-";"720";"-";"-";"51";"7";"-";"-";"-";"-";"-";"-"
"580016";"580016";"50";"7";"2";"8008";"5268";"61";"22";"5185";"1725";"-";"584";"252";"249";"22";"-";"-";"43";"-";"-";"-";"323";"-";"211";"-";"-";"-";"1609";"-";"-";"135";"32";"-";"-";"-";"-";"-";"-";"-";"-";"8008";"5268";"61";"22";"5185";"1725";"-";"584";"252";"249";"22";"-";"-";"43";"-";"-";"-";"323";"-";"211";"-";"-";"-";"1609";"-";"-";"135";"32";"-";"-";"-";"-";"-";"-"
"580017";"580017";"50";"7";"2";"3280";"2226";"19";"17";"2190";"856";"-";"183";"94";"87";"9";"-";"-";"16";"-";"-";"-";"92";"-";"104";"-";"-";"-";"680";"-";"-";"48";"21";"-";"-";"-";"-";"-";"-";"-";"-";"3280";"2226";"19";"17";"2190";"856";"-";"183";"94";"87";"9";"-";"-";"16";"-";"-";"-";"92";"-";"104";"-";"-";"-";"680";"-";"-";"48";"21";"-";"-";"-";"-";"-";"-"
"580018";"580018";"50";"7";"2";"2464";"1644";"35";"6";"1603";"710";"-";"123";"97";"81";"11";"-";"-";"8";"-";"-";"-";"65";"-";"94";"-";"-";"-";"364";"-";"-";"43";"7";"-";"-";"-";"-";"-";"-";"-";"-";"2464";"1644";"35";"6";"1603";"710";"-";"123";"97";"81";"11";"-";"-";"8";"-";"-";"-";"65";"-";"94";"-";"-";"-";"364";"-";"-";"43";"7";"-";"-";"-";"-";"-";"-"
"607001";"607001";"58";"7";"2";"11542";"7138";"119";"46";"6973";"2813";"111";"548";"431";"343";"32";"-";"-";"29";"-";"-";"-";"-";"-";"464";"-";"-";"-";"1319";"4";"-";"651";"136";"-";"-";"-";"-";"-";"80";"12";"-";"11542";"7138";"119";"46";"6973";"2813";"111";"548";"431";"343";"32";"-";"-";"29";"-";"-";"-";"-";"-";"464";"-";"-";"-";"1319";"4";"-";"651";"136";"-";"-";"-";"-";"80";"12"
"607002";"607002";"58";"7";"2";"1192";"867";"16";"3";"848";"290";"10";"75";"61";"30";"4";"-";"-";"7";"-";"-";"-";"-";"-";"56";"-";"-";"-";"252";"1";"-";"42";"9";"-";"-";"-";"-";"-";"7";"4";"-";"1192";"867";"16";"3";"848";"290";"10";"75";"61";"30";"4";"-";"-";"7";"-";"-";"-";"-";"-";"56";"-";"-";"-";"252";"1";"-";"42";"9";"-";"-";"-";"-";"7";"4"
"607003";"607003";"58";"7";"2";"7595";"5629";"96";"16";"5517";"1826";"150";"691";"292";"194";"19";"-";"-";"13";"-";"-";"-";"-";"-";"463";"-";"-";"-";"1403";"2";"-";"288";"42";"-";"-";"-";"-";"-";"128";"6";"-";"7595";"5629";"96";"16";"5517";"1826";"150";"691";"292";"194";"19";"-";"-";"13";"-";"-";"-";"-";"-";"463";"-";"-";"-";"1403";"2";"-";"288";"42";"-";"-";"-";"-";"128";"6"
"607004";"607004";"58";"7";"2";"621";"420";"19";"2";"399";"102";"3";"36";"48";"11";"6";"-";"-";"2";"-";"-";"-";"-";"-";"47";"-";"-";"-";"108";"0";"-";"22";"3";"-";"-";"-";"-";"-";"10";"1";"-";"621";"420";"19";"2";"399";"102";"3";"36";"48";"11";"6";"-";"-";"2";"-";"-";"-";"-";"-";"47";"-";"-";"-";"108";"0";"-";"22";"3";"-";"-";"-";"-";"10";"1"
"607005";"607005";"58";"7";"2";"4456";"3088";"69";"11";"3008";"899";"155";"367";"204";"146";"17";"-";"-";"16";"-";"-";"-";"-";"-";"225";"-";"-";"-";"799";"0";"-";"113";"27";"-";"-";"-";"-";"-";"35";"5";"-";"4456";"3088";"69";"11";"3008";"899";"155";"367";"204";"146";"17";"-";"-";"16";"-";"-";"-";"-";"-";"225";"-";"-";"-";"799";"0";"-";"113";"27";"-";"-";"-";"-";"35";"5"
"607006";"607006";"58";"7";"2";"8751";"5181";"135";"34";"5012";"2231";"63";"341";"273";"195";"17";"-";"-";"17";"-";"-";"-";"-";"-";"436";"-";"-";"-";"966";"5";"-";"338";"38";"-";"-";"-";"-";"-";"82";"10";"-";"8751";"5181";"135";"34";"5012";"2231";"63";"341";"273";"195";"17";"-";"-";"17";"-";"-";"-";"-";"-";"436";"-";"-";"-";"966";"5";"-";"338";"38";"-";"-";"-";"-";"82";"10"
"607007";"607007";"58";"7";"2";"1546";"1196";"19";"7";"1170";"382";"23";"163";"77";"47";"1";"-";"-";"5";"-";"-";"-";"-";"-";"81";"-";"-";"-";"303";"1";"-";"66";"3";"-";"-";"-";"-";"-";"14";"4";"-";"1546";"1196";"19";"7";"1170";"382";"23";"163";"77";"47";"1";"-";"-";"5";"-";"-";"-";"-";"-";"81";"-";"-";"-";"303";"1";"-";"66";"3";"-";"-";"-";"-";"14";"4"
"607008";"607008";"58";"7";"2";"5615";"3174";"83";"16";"3075";"1163";"51";"293";"184";"157";"27";"-";"-";"1";"-";"-";"-";"-";"-";"222";"-";"-";"-";"568";"8";"-";"308";"46";"-";"-";"-";"-";"-";"37";"10";"-";"5615";"3174";"83";"16";"3075";"1163";"51";"293";"184";"157";"27";"-";"-";"1";"-";"-";"-";"-";"-";"222";"-";"-";"-";"568";"8";"-";"308";"46";"-";"-";"-";"-";"37";"10"
"615001";"615001";"71";"8";"3";"5586";"3031";"45";"30";"2956";"1311";"96";"203";"89";"197";"53";"-";"-";"5";"-";"19";"9";"-";"-";"177";"-";"-";"-";"512";"5";"-";"280";"-";"-";"-";"-";"-";"-";"-";"-";"-";"5586";"3031";"45";"30";"2956";"1311";"96";"203";"89";"197";"53";"-";"-";"5";"-";"19";"9";"-";"-";"177";"-";"-";"-";"512";"5";"-";"280";"-";"-";"-";"-";"-";"-";"-"
"615002";"615002";"71";"8";"3";"5647";"2836";"37";"15";"2784";"1255";"100";"272";"103";"138";"61";"-";"-";"6";"-";"20";"10";"-";"-";"158";"-";"-";"-";"436";"3";"-";"222";"-";"-";"-";"-";"-";"-";"-";"-";"-";"5647";"2836";"37";"15";"2784";"1255";"100";"272";"103";"138";"61";"-";"-";"6";"-";"20";"10";"-";"-";"158";"-";"-";"-";"436";"3";"-";"222";"-";"-";"-";"-";"-";"-";"-"
"615003";"615003";"71";"8";"3";"9869";"4873";"86";"36";"4751";"1751";"213";"547";"135";"303";"156";"-";"-";"16";"-";"24";"17";"-";"-";"217";"-";"-";"-";"1020";"4";"-";"348";"-";"-";"-";"-";"-";"-";"-";"-";"-";"9869";"4873";"86";"36";"4751";"1751";"213";"547";"135";"303";"156";"-";"-";"16";"-";"24";"17";"-";"-";"217";"-";"-";"-";"1020";"4";"-";"348";"-";"-";"-";"-";"-";"-";"-"
"615004";"615004";"71";"8";"3";"162";"125";"0";"0";"125";"83";"2";"4";"5";"3";"0";"-";"-";"0";"-";"0";"0";"-";"-";"6";"-";"-";"-";"11";"0";"-";"11";"-";"-";"-";"-";"-";"-";"-";"-";"-";"162";"125";"0";"0";"125";"83";"2";"4";"5";"3";"0";"-";"-";"0";"-";"0";"0";"-";"-";"6";"-";"-";"-";"11";"0";"-";"11";"-";"-";"-";"-";"-";"-";"-"
"615005";"615005";"71";"8";"3";"4731";"2760";"25";"21";"2714";"1138";"125";"257";"66";"206";"55";"-";"-";"7";"-";"14";"12";"-";"-";"136";"-";"-";"-";"459";"4";"-";"235";"-";"-";"-";"-";"-";"-";"-";"-";"-";"4731";"2760";"25";"21";"2714";"1138";"125";"257";"66";"206";"55";"-";"-";"7";"-";"14";"12";"-";"-";"136";"-";"-";"-";"459";"4";"-";"235";"-";"-";"-";"-";"-";"-";"-"
"615006";"615006";"71";"8";"3";"7816";"5394";"61";"20";"5313";"2252";"142";"558";"188";"305";"110";"-";"-";"23";"-";"23";"18";"-";"-";"309";"-";"-";"-";"1155";"6";"-";"224";"-";"-";"-";"-";"-";"-";"-";"-";"-";"7816";"5394";"61";"20";"5313";"2252";"142";"558";"188";"305";"110";"-";"-";"23";"-";"23";"18";"-";"-";"309";"-";"-";"-";"1155";"6";"-";"224";"-";"-";"-";"-";"-";"-";"-"
"615007";"615007";"71";"8";"3";"4448";"3082";"26";"15";"3041";"1170";"83";"333";"89";"209";"88";"-";"-";"14";"-";"14";"11";"-";"-";"183";"-";"-";"-";"738";"1";"-";"108";"-";"-";"-";"-";"-";"-";"-";"-";"-";"4448";"3082";"26";"15";"3041";"1170";"83";"333";"89";"209";"88";"-";"-";"14";"-";"14";"11";"-";"-";"183";"-";"-";"-";"738";"1";"-";"108";"-";"-";"-";"-";"-";"-";"-"
"615008";"615008";"71";"8";"3";"2790";"2044";"18";"5";"2021";"665";"71";"288";"55";"127";"135";"-";"-";"7";"-";"8";"1";"-";"-";"82";"-";"-";"-";"537";"0";"-";"45";"-";"-";"-";"-";"-";"-";"-";"-";"-";"2790";"2044";"18";"5";"2021";"665";"71";"288";"55";"127";"135";"-";"-";"7";"-";"8";"1";"-";"-";"82";"-";"-";"-";"537";"0";"-";"45";"-";"-";"-";"-";"-";"-";"-"
"615009";"615009";"71";"8";"3";"2993";"2017";"24";"6";"1987";"806";"69";"245";"67";"84";"61";"-";"-";"5";"-";"10";"4";"-";"-";"93";"-";"-";"-";"478";"1";"-";"64";"-";"-";"-";"-";"-";"-";"-";"-";"-";"2993";"2017";"24";"6";"1987";"806";"69";"245";"67";"84";"61";"-";"-";"5";"-";"10";"4";"-";"-";"93";"-";"-";"-";"478";"1";"-";"64";"-";"-";"-";"-";"-";"-";"-"
"615010";"615010";"71";"8";"3";"2922";"2063";"17";"7";"2039";"880";"63";"254";"71";"110";"56";"-";"-";"5";"-";"6";"15";"-";"-";"107";"-";"-";"-";"372";"1";"-";"99";"-";"-";"-";"-";"-";"-";"-";"-";"-";"2922";"2063";"17";"7";"2039";"880";"63";"254";"71";"110";"56";"-";"-";"5";"-";"6";"15";"-";"-";"107";"-";"-";"-";"372";"1";"-";"99";"-";"-";"-";"-";"-";"-";"-"
"615011";"615011";"71";"8";"3";"5032";"4065";"31";"13";"4021";"1055";"201";"613";"85";"169";"412";"-";"-";"12";"-";"21";"8";"-";"-";"129";"-";"-";"-";"1158";"0";"-";"158";"-";"-";"-";"-";"-";"-";"-";"-";"-";"5032";"4065";"31";"13";"4021";"1055";"201";"613";"85";"169";"412";"-";"-";"12";"-";"21";"8";"-";"-";"129";"-";"-";"-";"1158";"0";"-";"158";"-";"-";"-";"-";"-";"-";"-"
"615012";"615012";"71";"8";"3";"3050";"2314";"16";"4";"2294";"802";"71";"292";"50";"144";"64";"-";"-";"4";"-";"9";"7";"-";"-";"102";"-";"-";"-";"653";"1";"-";"95";"-";"-";"-";"-";"-";"-";"-";"-";"-";"3050";"2314";"16";"4";"2294";"802";"71";"292";"50";"144";"64";"-";"-";"4";"-";"9";"7";"-";"-";"102";"-";"-";"-";"653";"1";"-";"95";"-";"-";"-";"-";"-";"-";"-"
"615013";"615013";"71";"8";"3";"3969";"2700";"39";"14";"2647";"981";"48";"125";"82";"70";"25";"-";"-";"21";"-";"17";"4";"-";"-";"118";"-";"-";"-";"1062";"2";"-";"92";"-";"-";"-";"-";"-";"-";"-";"-";"-";"3969";"2700";"39";"14";"2647";"981";"48";"125";"82";"70";"25";"-";"-";"21";"-";"17";"4";"-";"-";"118";"-";"-";"-";"1062";"2";"-";"92";"-";"-";"-";"-";"-";"-";"-"
"615014";"615014";"71";"8";"3";"1410";"986";"11";"2";"973";"228";"122";"69";"42";"43";"17";"-";"-";"17";"-";"7";"1";"-";"-";"66";"-";"-";"-";"322";"1";"-";"38";"-";"-";"-";"-";"-";"-";"-";"-";"-";"1410";"986";"11";"2";"973";"228";"122";"69";"42";"43";"17";"-";"-";"17";"-";"7";"1";"-";"-";"66";"-";"-";"-";"322";"1";"-";"38";"-";"-";"-";"-";"-";"-";"-"
"615015";"615015";"71";"8";"3";"884";"637";"8";"3";"626";"256";"21";"42";"21";"32";"5";"-";"-";"3";"-";"10";"0";"-";"-";"37";"-";"-";"-";"161";"0";"-";"38";"-";"-";"-";"-";"-";"-";"-";"-";"-";"884";"637";"8";"3";"626";"256";"21";"42";"21";"32";"5";"-";"-";"3";"-";"10";"0";"-";"-";"37";"-";"-";"-";"161";"0";"-";"38";"-";"-";"-";"-";"-";"-";"-"
"615016";"615016";"71";"8";"3";"2866";"1978";"25";"9";"1944";"758";"35";"99";"97";"82";"23";"-";"-";"5";"-";"13";"6";"-";"-";"100";"-";"-";"-";"664";"0";"-";"62";"-";"-";"-";"-";"-";"-";"-";"-";"-";"2866";"1978";"25";"9";"1944";"758";"35";"99";"97";"82";"23";"-";"-";"5";"-";"13";"6";"-";"-";"100";"-";"-";"-";"664";"0";"-";"62";"-";"-";"-";"-";"-";"-";"-"
"615017";"615017";"71";"8";"3";"2259";"1602";"26";"5";"1571";"520";"50";"176";"62";"128";"30";"-";"-";"7";"-";"7";"9";"-";"-";"67";"-";"-";"-";"404";"1";"-";"110";"-";"-";"-";"-";"-";"-";"-";"-";"-";"2259";"1602";"26";"5";"1571";"520";"50";"176";"62";"128";"30";"-";"-";"7";"-";"7";"9";"-";"-";"67";"-";"-";"-";"404";"1";"-";"110";"-";"-";"-";"-";"-";"-";"-"
"615018";"615018";"71";"8";"3";"2789";"1946";"13";"10";"1923";"812";"52";"112";"96";"61";"31";"-";"-";"4";"-";"6";"4";"-";"-";"72";"-";"-";"-";"489";"2";"-";"182";"-";"-";"-";"-";"-";"-";"-";"-";"-";"2789";"1946";"13";"10";"1923";"812";"52";"112";"96";"61";"31";"-";"-";"4";"-";"6";"4";"-";"-";"72";"-";"-";"-";"489";"2";"-";"182";"-";"-";"-";"-";"-";"-";"-"
"615019";"615019";"71";"8";"3";"1456";"1014";"12";"4";"998";"392";"25";"89";"53";"62";"14";"-";"-";"5";"-";"9";"2";"-";"-";"35";"-";"-";"-";"249";"1";"-";"62";"-";"-";"-";"-";"-";"-";"-";"-";"-";"1456";"1014";"12";"4";"998";"392";"25";"89";"53";"62";"14";"-";"-";"5";"-";"9";"2";"-";"-";"35";"-";"-";"-";"249";"1";"-";"62";"-";"-";"-";"-";"-";"-";"-"
"615020";"615020";"71";"8";"3";"534";"431";"5";"0";"426";"136";"26";"27";"11";"25";"6";"-";"-";"1";"-";"13";"1";"-";"-";"21";"-";"-";"-";"121";"0";"-";"38";"-";"-";"-";"-";"-";"-";"-";"-";"-";"534";"431";"5";"0";"426";"136";"26";"27";"11";"25";"6";"-";"-";"1";"-";"13";"1";"-";"-";"21";"-";"-";"-";"121";"0";"-";"38";"-";"-";"-";"-";"-";"-";"-"
"615021";"615021";"71";"8";"3";"2171";"910";"16";"21";"873";"501";"28";"28";"15";"48";"14";"-";"-";"9";"-";"2";"1";"-";"-";"36";"-";"-";"-";"86";"1";"-";"104";"-";"-";"-";"-";"-";"-";"-";"-";"-";"2171";"910";"16";"21";"873";"501";"28";"28";"15";"48";"14";"-";"-";"9";"-";"2";"1";"-";"-";"36";"-";"-";"-";"86";"1";"-";"104";"-";"-";"-";"-";"-";"-";"-"
"615022";"615022";"71";"8";"3";"395";"286";"2";"2";"282";"94";"4";"40";"6";"13";"6";"-";"-";"2";"-";"0";"1";"-";"-";"54";"-";"-";"-";"48";"0";"-";"14";"-";"-";"-";"-";"-";"-";"-";"-";"-";"395";"286";"2";"2";"282";"94";"4";"40";"6";"13";"6";"-";"-";"2";"-";"0";"1";"-";"-";"54";"-";"-";"-";"48";"0";"-";"14";"-";"-";"-";"-";"-";"-";"-"
"621001";"621001";"59";"7";"2";"6459";"3943";"62";"20";"3861";"648";"323";"447";"111";"781";"83";"-";"-";"10";"-";"-";"-";"-";"-";"209";"-";"-";"-";"997";"-";"-";"229";"-";"-";"-";"-";"-";"-";"23";"-";"-";"6459";"3943";"62";"20";"3861";"648";"323";"447";"111";"781";"83";"-";"-";"10";"-";"-";"-";"-";"-";"209";"-";"-";"-";"997";"-";"-";"229";"-";"-";"-";"-";"-";"23";"-"
"621002";"621002";"59";"7";"2";"4316";"2413";"31";"17";"2365";"578";"179";"137";"54";"655";"34";"-";"-";"8";"-";"-";"-";"-";"-";"149";"-";"-";"-";"435";"-";"-";"118";"-";"-";"-";"-";"-";"-";"18";"-";"-";"4316";"2413";"31";"17";"2365";"578";"179";"137";"54";"655";"34";"-";"-";"8";"-";"-";"-";"-";"-";"149";"-";"-";"-";"435";"-";"-";"118";"-";"-";"-";"-";"-";"18";"-"
"621003";"621003";"59";"7";"2";"4705";"3036";"30";"17";"2989";"742";"232";"228";"70";"633";"39";"-";"-";"20";"-";"-";"-";"-";"-";"245";"-";"-";"-";"639";"-";"-";"124";"-";"-";"-";"-";"-";"-";"17";"-";"-";"4705";"3036";"30";"17";"2989";"742";"232";"228";"70";"633";"39";"-";"-";"20";"-";"-";"-";"-";"-";"245";"-";"-";"-";"639";"-";"-";"124";"-";"-";"-";"-";"-";"17";"-"
"621004";"621004";"59";"7";"2";"6851";"5304";"47";"17";"5240";"680";"375";"850";"131";"737";"82";"-";"-";"22";"-";"-";"-";"-";"-";"260";"-";"-";"-";"1991";"-";"-";"91";"-";"-";"-";"-";"-";"-";"21";"-";"-";"6851";"5304";"47";"17";"5240";"680";"375";"850";"131";"737";"82";"-";"-";"22";"-";"-";"-";"-";"-";"260";"-";"-";"-";"1991";"-";"-";"91";"-";"-";"-";"-";"-";"21";"-"
"621005";"621005";"59";"7";"2";"4237";"3120";"34";"8";"3078";"530";"208";"307";"97";"554";"46";"-";"-";"7";"-";"-";"-";"-";"-";"186";"-";"-";"-";"1088";"-";"-";"48";"-";"-";"-";"-";"-";"-";"7";"-";"-";"4237";"3120";"34";"8";"3078";"530";"208";"307";"97";"554";"46";"-";"-";"7";"-";"-";"-";"-";"-";"186";"-";"-";"-";"1088";"-";"-";"48";"-";"-";"-";"-";"-";"7";"-"
"621006";"621006";"59";"7";"2";"3826";"2943";"39";"5";"2899";"397";"111";"171";"72";"320";"28";"-";"-";"10";"-";"-";"-";"-";"-";"184";"-";"-";"-";"1557";"-";"-";"47";"-";"-";"-";"-";"-";"-";"2";"-";"-";"3826";"2943";"39";"5";"2899";"397";"111";"171";"72";"320";"28";"-";"-";"10";"-";"-";"-";"-";"-";"184";"-";"-";"-";"1557";"-";"-";"47";"-";"-";"-";"-";"-";"2";"-"
"621007";"621007";"59";"7";"2";"4471";"3209";"39";"8";"3162";"448";"216";"264";"104";"457";"32";"-";"-";"20";"-";"-";"-";"-";"-";"169";"-";"-";"-";"1390";"-";"-";"54";"-";"-";"-";"-";"-";"-";"8";"-";"-";"4471";"3209";"39";"8";"3162";"448";"216";"264";"104";"457";"32";"-";"-";"20";"-";"-";"-";"-";"-";"169";"-";"-";"-";"1390";"-";"-";"54";"-";"-";"-";"-";"-";"8";"-"
"621008";"621008";"60";"7";"2";"5479";"3122";"59";"25";"3038";"649";"217";"219";"91";"644";"63";"-";"-";"32";"-";"-";"-";"-";"-";"339";"-";"-";"-";"605";"-";"-";"151";"-";"-";"-";"-";"-";"-";"28";"-";"-";"5479";"3122";"59";"25";"3038";"649";"217";"219";"91";"644";"63";"-";"-";"32";"-";"-";"-";"-";"-";"339";"-";"-";"-";"605";"-";"-";"151";"-";"-";"-";"-";"-";"28";"-"
"621009";"621009";"60";"7";"2";"7056";"4474";"73";"15";"4386";"751";"363";"473";"113";"907";"104";"-";"-";"52";"-";"-";"-";"-";"-";"305";"-";"-";"-";"1076";"-";"-";"225";"-";"-";"-";"-";"-";"-";"17";"-";"-";"7056";"4474";"73";"15";"4386";"751";"363";"473";"113";"907";"104";"-";"-";"52";"-";"-";"-";"-";"-";"305";"-";"-";"-";"1076";"-";"-";"225";"-";"-";"-";"-";"-";"17";"-"
"621010";"621010";"60";"7";"2";"4895";"3734";"48";"7";"3679";"713";"188";"375";"84";"647";"54";"-";"-";"107";"-";"-";"-";"-";"-";"295";"-";"-";"-";"1114";"-";"-";"87";"-";"-";"-";"-";"-";"-";"15";"-";"-";"4895";"3734";"48";"7";"3679";"713";"188";"375";"84";"647";"54";"-";"-";"107";"-";"-";"-";"-";"-";"295";"-";"-";"-";"1114";"-";"-";"87";"-";"-";"-";"-";"-";"15";"-"
"621011";"621011";"60";"7";"2";"3718";"2952";"16";"12";"2924";"425";"154";"377";"64";"457";"53";"-";"-";"15";"-";"-";"-";"-";"-";"164";"-";"-";"-";"1159";"-";"-";"45";"-";"-";"-";"-";"-";"-";"11";"-";"-";"3718";"2952";"16";"12";"2924";"425";"154";"377";"64";"457";"53";"-";"-";"15";"-";"-";"-";"-";"-";"164";"-";"-";"-";"1159";"-";"-";"45";"-";"-";"-";"-";"-";"11";"-"
"621012";"621012";"60";"7";"2";"3534";"2786";"32";"8";"2746";"360";"246";"352";"80";"645";"46";"-";"-";"2";"-";"-";"-";"-";"-";"167";"-";"-";"-";"735";"-";"-";"106";"-";"-";"-";"-";"-";"-";"7";"-";"-";"3534";"2786";"32";"8";"2746";"360";"246";"352";"80";"645";"46";"-";"-";"2";"-";"-";"-";"-";"-";"167";"-";"-";"-";"735";"-";"-";"106";"-";"-";"-";"-";"-";"7";"-"
"621013";"621013";"60";"7";"2";"2573";"1894";"25";"8";"1861";"428";"79";"163";"60";"290";"61";"-";"-";"21";"-";"-";"-";"-";"-";"136";"-";"-";"-";"594";"-";"-";"26";"-";"-";"-";"-";"-";"-";"3";"-";"-";"2573";"1894";"25";"8";"1861";"428";"79";"163";"60";"290";"61";"-";"-";"21";"-";"-";"-";"-";"-";"136";"-";"-";"-";"594";"-";"-";"26";"-";"-";"-";"-";"-";"3";"-"
"621014";"621014";"60";"7";"2";"5724";"3899";"47";"12";"3840";"937";"145";"553";"144";"418";"47";"-";"-";"25";"-";"-";"-";"-";"-";"246";"-";"-";"-";"1275";"-";"-";"46";"-";"-";"-";"-";"-";"-";"4";"-";"-";"5724";"3899";"47";"12";"3840";"937";"145";"553";"144";"418";"47";"-";"-";"25";"-";"-";"-";"-";"-";"246";"-";"-";"-";"1275";"-";"-";"46";"-";"-";"-";"-";"-";"4";"-"
"621015";"621015";"60";"7";"2";"5422";"3788";"46";"15";"3727";"532";"149";"327";"175";"468";"52";"-";"-";"44";"-";"-";"-";"-";"-";"745";"-";"-";"-";"1170";"-";"-";"63";"-";"-";"-";"-";"-";"-";"2";"-";"-";"5422";"3788";"46";"15";"3727";"532";"149";"327";"175";"468";"52";"-";"-";"44";"-";"-";"-";"-";"-";"745";"-";"-";"-";"1170";"-";"-";"63";"-";"-";"-";"-";"-";"2";"-"
"630001";"630001";"57";"7";"2";"2592";"1732";"17";"2";"1713";"583";"63";"241";"58";"190";"8";"-";"-";"19";"-";"-";"-";"-";"-";"75";"-";"2";"-";"406";"-";"24";"35";"9";"-";"-";"-";"-";"-";"-";"-";"-";"2592";"1732";"17";"2";"1713";"583";"63";"241";"58";"190";"8";"-";"-";"19";"-";"-";"-";"-";"-";"75";"-";"2";"-";"406";"-";"24";"35";"9";"-";"-";"-";"-";"-";"-"
"630002";"630002";"57";"7";"2";"5293";"3597";"55";"22";"3520";"1179";"69";"634";"146";"284";"26";"-";"-";"44";"-";"-";"-";"-";"-";"124";"-";"2";"-";"912";"-";"25";"62";"13";"-";"-";"-";"-";"-";"-";"-";"-";"5293";"3597";"55";"22";"3520";"1179";"69";"634";"146";"284";"26";"-";"-";"44";"-";"-";"-";"-";"-";"124";"-";"2";"-";"912";"-";"25";"62";"13";"-";"-";"-";"-";"-";"-"
"630003";"630003";"57";"7";"2";"1676";"1290";"16";"5";"1269";"402";"15";"114";"58";"57";"9";"-";"-";"19";"-";"-";"-";"-";"-";"65";"-";"2";"-";"495";"-";"7";"18";"8";"-";"-";"-";"-";"-";"-";"-";"-";"1676";"1290";"16";"5";"1269";"402";"15";"114";"58";"57";"9";"-";"-";"19";"-";"-";"-";"-";"-";"65";"-";"2";"-";"495";"-";"7";"18";"8";"-";"-";"-";"-";"-";"-"
"630004";"630004";"57";"7";"2";"1788";"1190";"15";"10";"1165";"233";"45";"100";"77";"59";"12";"-";"-";"14";"-";"-";"-";"-";"-";"80";"-";"1";"-";"496";"-";"12";"24";"12";"-";"-";"-";"-";"-";"-";"-";"-";"1788";"1190";"15";"10";"1165";"233";"45";"100";"77";"59";"12";"-";"-";"14";"-";"-";"-";"-";"-";"80";"-";"1";"-";"496";"-";"12";"24";"12";"-";"-";"-";"-";"-";"-"
"630005";"630005";"57";"7";"2";"1491";"1157";"18";"5";"1134";"275";"26";"95";"60";"53";"5";"-";"-";"6";"-";"-";"-";"-";"-";"59";"-";"2";"-";"527";"-";"2";"21";"3";"-";"-";"-";"-";"-";"-";"-";"-";"1491";"1157";"18";"5";"1134";"275";"26";"95";"60";"53";"5";"-";"-";"6";"-";"-";"-";"-";"-";"59";"-";"2";"-";"527";"-";"2";"21";"3";"-";"-";"-";"-";"-";"-"
"630006";"630006";"57";"7";"2";"2896";"1963";"29";"12";"1922";"454";"45";"137";"95";"112";"49";"-";"-";"7";"-";"-";"-";"-";"-";"115";"-";"2";"-";"864";"-";"10";"26";"6";"-";"-";"-";"-";"-";"-";"-";"-";"2896";"1963";"29";"12";"1922";"454";"45";"137";"95";"112";"49";"-";"-";"7";"-";"-";"-";"-";"-";"115";"-";"2";"-";"864";"-";"10";"26";"6";"-";"-";"-";"-";"-";"-"
"630007";"630007";"57";"7";"2";"784";"583";"10";"1";"572";"159";"9";"46";"16";"19";"5";"-";"-";"3";"-";"-";"-";"-";"-";"50";"-";"1";"-";"251";"-";"1";"9";"3";"-";"-";"-";"-";"-";"-";"-";"-";"784";"583";"10";"1";"572";"159";"9";"46";"16";"19";"5";"-";"-";"3";"-";"-";"-";"-";"-";"50";"-";"1";"-";"251";"-";"1";"9";"3";"-";"-";"-";"-";"-";"-"
"630008";"630008";"57";"7";"2";"1556";"1116";"16";"1";"1099";"257";"18";"76";"65";"71";"12";"-";"-";"5";"-";"-";"-";"-";"-";"49";"-";"5";"-";"512";"-";"1";"23";"5";"-";"-";"-";"-";"-";"-";"-";"-";"1556";"1116";"16";"1";"1099";"257";"18";"76";"65";"71";"12";"-";"-";"5";"-";"-";"-";"-";"-";"49";"-";"5";"-";"512";"-";"1";"23";"5";"-";"-";"-";"-";"-";"-"
"630009";"630009";"57";"7";"2";"13296";"6939";"110";"60";"6769";"2263";"203";"804";"246";"638";"89";"-";"-";"37";"-";"-";"-";"-";"-";"249";"-";"8";"-";"1844";"-";"25";"291";"72";"-";"-";"-";"-";"-";"-";"-";"-";"13296";"6939";"110";"60";"6769";"2263";"203";"804";"246";"638";"89";"-";"-";"37";"-";"-";"-";"-";"-";"249";"-";"8";"-";"1844";"-";"25";"291";"72";"-";"-";"-";"-";"-";"-"
"630010";"630010";"57";"7";"2";"1004";"743";"14";"2";"727";"225";"24";"94";"34";"46";"6";"-";"-";"3";"-";"-";"-";"-";"-";"29";"-";"0";"-";"255";"-";"2";"9";"0";"-";"-";"-";"-";"-";"-";"-";"-";"1004";"743";"14";"2";"727";"225";"24";"94";"34";"46";"6";"-";"-";"3";"-";"-";"-";"-";"-";"29";"-";"0";"-";"255";"-";"2";"9";"0";"-";"-";"-";"-";"-";"-"
"630011";"630011";"57";"7";"2";"3839";"2877";"28";"13";"2836";"867";"77";"417";"95";"156";"17";"-";"-";"12";"-";"-";"-";"-";"-";"91";"-";"1";"-";"1045";"-";"12";"33";"13";"-";"-";"-";"-";"-";"-";"-";"-";"3839";"2877";"28";"13";"2836";"867";"77";"417";"95";"156";"17";"-";"-";"12";"-";"-";"-";"-";"-";"91";"-";"1";"-";"1045";"-";"12";"33";"13";"-";"-";"-";"-";"-";"-"
"630012";"630012";"57";"7";"2";"3040";"2358";"15";"6";"2337";"746";"71";"320";"54";"135";"17";"-";"-";"7";"-";"-";"-";"-";"-";"49";"-";"0";"-";"863";"-";"12";"47";"16";"-";"-";"-";"-";"-";"-";"-";"-";"3040";"2358";"15";"6";"2337";"746";"71";"320";"54";"135";"17";"-";"-";"7";"-";"-";"-";"-";"-";"49";"-";"0";"-";"863";"-";"12";"47";"16";"-";"-";"-";"-";"-";"-"
"630013";"630013";"57";"7";"2";"2611";"1577";"17";"5";"1555";"726";"43";"111";"48";"124";"20";"-";"-";"18";"-";"-";"-";"-";"-";"56";"-";"1";"-";"324";"-";"3";"72";"9";"-";"-";"-";"-";"-";"-";"-";"-";"2611";"1577";"17";"5";"1555";"726";"43";"111";"48";"124";"20";"-";"-";"18";"-";"-";"-";"-";"-";"56";"-";"1";"-";"324";"-";"3";"72";"9";"-";"-";"-";"-";"-";"-"
"630014";"630014";"57";"7";"2";"2510";"1588";"19";"11";"1558";"692";"60";"151";"48";"159";"14";"-";"-";"8";"-";"-";"-";"-";"-";"49";"-";"0";"-";"318";"-";"3";"46";"10";"-";"-";"-";"-";"-";"-";"-";"-";"2510";"1588";"19";"11";"1558";"692";"60";"151";"48";"159";"14";"-";"-";"8";"-";"-";"-";"-";"-";"49";"-";"0";"-";"318";"-";"3";"46";"10";"-";"-";"-";"-";"-";"-"
"630015";"630015";"57";"7";"2";"4195";"2503";"40";"10";"2453";"802";"68";"248";"93";"204";"33";"-";"-";"10";"-";"-";"-";"-";"-";"82";"-";"7";"-";"750";"-";"10";"118";"28";"-";"-";"-";"-";"-";"-";"-";"-";"4195";"2503";"40";"10";"2453";"802";"68";"248";"93";"204";"33";"-";"-";"10";"-";"-";"-";"-";"-";"82";"-";"7";"-";"750";"-";"10";"118";"28";"-";"-";"-";"-";"-";"-"
"630016";"630016";"56";"7";"2";"2042";"1625";"16";"6";"1603";"629";"40";"179";"47";"91";"7";"-";"-";"10";"-";"-";"-";"-";"-";"43";"-";"1";"-";"524";"-";"3";"24";"5";"-";"-";"-";"-";"-";"-";"-";"-";"2042";"1625";"16";"6";"1603";"629";"40";"179";"47";"91";"7";"-";"-";"10";"-";"-";"-";"-";"-";"43";"-";"1";"-";"524";"-";"3";"24";"5";"-";"-";"-";"-";"-";"-"
"630017";"630017";"56";"7";"2";"4752";"3226";"35";"13";"3178";"795";"58";"258";"113";"75";"75";"-";"-";"21";"-";"-";"-";"-";"-";"254";"-";"3";"-";"1461";"-";"20";"29";"16";"-";"-";"-";"-";"-";"-";"-";"-";"4752";"3226";"35";"13";"3178";"795";"58";"258";"113";"75";"75";"-";"-";"21";"-";"-";"-";"-";"-";"254";"-";"3";"-";"1461";"-";"20";"29";"16";"-";"-";"-";"-";"-";"-"
"630018";"630018";"56";"7";"2";"1887";"1216";"15";"2";"1199";"221";"34";"98";"80";"60";"15";"-";"-";"19";"-";"-";"-";"-";"-";"162";"-";"2";"-";"456";"-";"7";"30";"15";"-";"-";"-";"-";"-";"-";"-";"-";"1887";"1216";"15";"2";"1199";"221";"34";"98";"80";"60";"15";"-";"-";"19";"-";"-";"-";"-";"-";"162";"-";"2";"-";"456";"-";"7";"30";"15";"-";"-";"-";"-";"-";"-"
"630019";"630019";"56";"7";"2";"1070";"735";"5";"1";"729";"130";"165";"34";"34";"30";"10";"-";"-";"3";"-";"-";"-";"-";"-";"44";"-";"1";"-";"257";"-";"4";"7";"10";"-";"-";"-";"-";"-";"-";"-";"-";"1070";"735";"5";"1";"729";"130";"165";"34";"34";"30";"10";"-";"-";"3";"-";"-";"-";"-";"-";"44";"-";"1";"-";"257";"-";"4";"7";"10";"-";"-";"-";"-";"-";"-"
"630020";"630020";"56";"7";"2";"928";"655";"10";"1";"644";"189";"16";"51";"31";"17";"6";"-";"-";"4";"-";"-";"-";"-";"-";"48";"-";"2";"-";"245";"-";"15";"15";"5";"-";"-";"-";"-";"-";"-";"-";"-";"928";"655";"10";"1";"644";"189";"16";"51";"31";"17";"6";"-";"-";"4";"-";"-";"-";"-";"-";"48";"-";"2";"-";"245";"-";"15";"15";"5";"-";"-";"-";"-";"-";"-"
"630021";"630021";"56";"7";"2";"817";"577";"6";"2";"569";"77";"10";"33";"36";"13";"10";"-";"-";"4";"-";"-";"-";"-";"-";"31";"-";"0";"-";"331";"-";"6";"15";"3";"-";"-";"-";"-";"-";"-";"-";"-";"817";"577";"6";"2";"569";"77";"10";"33";"36";"13";"10";"-";"-";"4";"-";"-";"-";"-";"-";"31";"-";"0";"-";"331";"-";"6";"15";"3";"-";"-";"-";"-";"-";"-"
"630022";"630022";"56";"7";"2";"397";"290";"7";"0";"283";"48";"13";"21";"18";"12";"1";"-";"-";"1";"-";"-";"-";"-";"-";"14";"-";"0";"-";"150";"-";"0";"2";"3";"-";"-";"-";"-";"-";"-";"-";"-";"397";"290";"7";"0";"283";"48";"13";"21";"18";"12";"1";"-";"-";"1";"-";"-";"-";"-";"-";"14";"-";"0";"-";"150";"-";"0";"2";"3";"-";"-";"-";"-";"-";"-"
"630023";"630023";"56";"7";"2";"1271";"882";"20";"4";"858";"134";"22";"40";"29";"37";"13";"-";"-";"2";"-";"-";"-";"-";"-";"69";"-";"1";"-";"483";"-";"7";"12";"9";"-";"-";"-";"-";"-";"-";"-";"-";"1271";"882";"20";"4";"858";"134";"22";"40";"29";"37";"13";"-";"-";"2";"-";"-";"-";"-";"-";"69";"-";"1";"-";"483";"-";"7";"12";"9";"-";"-";"-";"-";"-";"-"
"630024";"630024";"56";"7";"2";"3464";"2708";"39";"7";"2662";"787";"229";"179";"80";"300";"19";"-";"-";"8";"-";"-";"-";"-";"-";"95";"-";"2";"-";"883";"-";"4";"62";"14";"-";"-";"-";"-";"-";"-";"-";"-";"3464";"2708";"39";"7";"2662";"787";"229";"179";"80";"300";"19";"-";"-";"8";"-";"-";"-";"-";"-";"95";"-";"2";"-";"883";"-";"4";"62";"14";"-";"-";"-";"-";"-";"-"
"630025";"630025";"56";"7";"2";"1361";"957";"11";"3";"943";"142";"34";"52";"55";"71";"8";"-";"-";"12";"-";"-";"-";"-";"-";"65";"-";"1";"-";"464";"-";"5";"26";"8";"-";"-";"-";"-";"-";"-";"-";"-";"1361";"957";"11";"3";"943";"142";"34";"52";"55";"71";"8";"-";"-";"12";"-";"-";"-";"-";"-";"65";"-";"1";"-";"464";"-";"5";"26";"8";"-";"-";"-";"-";"-";"-"
"630026";"630026";"56";"7";"2";"1274";"953";"10";"3";"940";"361";"22";"83";"52";"62";"9";"-";"-";"11";"-";"-";"-";"-";"-";"38";"-";"2";"-";"274";"-";"1";"14";"11";"-";"-";"-";"-";"-";"-";"-";"-";"1274";"953";"10";"3";"940";"361";"22";"83";"52";"62";"9";"-";"-";"11";"-";"-";"-";"-";"-";"38";"-";"2";"-";"274";"-";"1";"14";"11";"-";"-";"-";"-";"-";"-"
"630027";"630027";"56";"7";"2";"1770";"1332";"12";"3";"1317";"308";"30";"77";"46";"56";"15";"-";"-";"7";"-";"-";"-";"-";"-";"60";"-";"0";"-";"692";"-";"5";"12";"9";"-";"-";"-";"-";"-";"-";"-";"-";"1770";"1332";"12";"3";"1317";"308";"30";"77";"46";"56";"15";"-";"-";"7";"-";"-";"-";"-";"-";"60";"-";"0";"-";"692";"-";"5";"12";"9";"-";"-";"-";"-";"-";"-"
"630028";"630028";"56";"7";"2";"1312";"958";"11";"2";"945";"180";"16";"39";"33";"67";"12";"-";"-";"4";"-";"-";"-";"-";"-";"50";"-";"2";"-";"502";"-";"2";"30";"8";"-";"-";"-";"-";"-";"-";"-";"-";"1312";"958";"11";"2";"945";"180";"16";"39";"33";"67";"12";"-";"-";"4";"-";"-";"-";"-";"-";"50";"-";"2";"-";"502";"-";"2";"30";"8";"-";"-";"-";"-";"-";"-"
"630029";"630029";"56";"7";"2";"1240";"837";"6";"1";"830";"180";"13";"46";"51";"34";"11";"-";"-";"4";"-";"-";"-";"-";"-";"38";"-";"0";"-";"425";"-";"3";"19";"6";"-";"-";"-";"-";"-";"-";"-";"-";"1240";"837";"6";"1";"830";"180";"13";"46";"51";"34";"11";"-";"-";"4";"-";"-";"-";"-";"-";"38";"-";"0";"-";"425";"-";"3";"19";"6";"-";"-";"-";"-";"-";"-"
"630030";"630030";"56";"7";"2";"6044";"3556";"41";"14";"3501";"1310";"162";"382";"102";"320";"21";"-";"-";"53";"-";"-";"-";"-";"-";"97";"-";"5";"-";"893";"-";"10";"122";"24";"-";"-";"-";"-";"-";"-";"-";"-";"6044";"3556";"41";"14";"3501";"1310";"162";"382";"102";"320";"21";"-";"-";"53";"-";"-";"-";"-";"-";"97";"-";"5";"-";"893";"-";"10";"122";"24";"-";"-";"-";"-";"-";"-"
"630031";"630031";"56";"7";"2";"1920";"1352";"14";"3";"1335";"368";"25";"195";"51";"117";"16";"-";"-";"6";"-";"-";"-";"-";"-";"40";"-";"1";"-";"488";"-";"6";"17";"5";"-";"-";"-";"-";"-";"-";"-";"-";"1920";"1352";"14";"3";"1335";"368";"25";"195";"51";"117";"16";"-";"-";"6";"-";"-";"-";"-";"-";"40";"-";"1";"-";"488";"-";"6";"17";"5";"-";"-";"-";"-";"-";"-"
"630032";"630032";"56";"7";"2";"6810";"5107";"47";"17";"5043";"1406";"129";"900";"205";"274";"57";"-";"-";"30";"-";"-";"-";"-";"-";"97";"-";"0";"-";"1818";"-";"22";"70";"35";"-";"-";"-";"-";"-";"-";"-";"-";"6810";"5107";"47";"17";"5043";"1406";"129";"900";"205";"274";"57";"-";"-";"30";"-";"-";"-";"-";"-";"97";"-";"0";"-";"1818";"-";"22";"70";"35";"-";"-";"-";"-";"-";"-"
"630033";"630033";"56";"7";"2";"2033";"1312";"18";"5";"1289";"412";"46";"138";"68";"169";"11";"-";"-";"10";"-";"-";"-";"-";"-";"54";"-";"1";"-";"312";"-";"6";"51";"11";"-";"-";"-";"-";"-";"-";"-";"-";"2033";"1312";"18";"5";"1289";"412";"46";"138";"68";"169";"11";"-";"-";"10";"-";"-";"-";"-";"-";"54";"-";"1";"-";"312";"-";"6";"51";"11";"-";"-";"-";"-";"-";"-"
"630034";"630034";"56";"7";"2";"3462";"2561";"26";"5";"2530";"802";"90";"303";"96";"256";"31";"-";"-";"22";"-";"-";"-";"-";"-";"75";"-";"0";"-";"777";"-";"5";"56";"17";"-";"-";"-";"-";"-";"-";"-";"-";"3462";"2561";"26";"5";"2530";"802";"90";"303";"96";"256";"31";"-";"-";"22";"-";"-";"-";"-";"-";"75";"-";"0";"-";"777";"-";"5";"56";"17";"-";"-";"-";"-";"-";"-"
"657001";"657001";"80";"9";"3";"21809";"13147";"161";"45";"12941";"2197";"1017";"678";"238";"764";"227";"-";"-";"423";"-";"930";"-";"-";"-";"382";"-";"-";"-";"5694";"-";"-";"348";"-";"-";"-";"-";"-";"-";"-";"43";"-";"21809";"13147";"161";"45";"12941";"2197";"1017";"678";"238";"764";"227";"-";"-";"423";"-";"930";"-";"-";"-";"382";"-";"-";"-";"5694";"-";"-";"348";"-";"-";"-";"-";"-";"-";"43"
"657002";"657002";"80";"9";"3";"1045";"664";"0";"2";"662";"97";"14";"24";"36";"17";"2";"-";"-";"12";"-";"60";"-";"-";"-";"43";"-";"-";"-";"349";"-";"-";"5";"-";"-";"-";"-";"-";"-";"-";"3";"-";"1045";"664";"0";"2";"662";"97";"14";"24";"36";"17";"2";"-";"-";"12";"-";"60";"-";"-";"-";"43";"-";"-";"-";"349";"-";"-";"5";"-";"-";"-";"-";"-";"-";"3"
"657005";"657005";"80";"9";"3";"2648";"1892";"14";"2";"1876";"363";"51";"69";"39";"39";"15";"-";"-";"93";"-";"83";"-";"-";"-";"48";"-";"-";"-";"1057";"-";"-";"15";"-";"-";"-";"-";"-";"-";"-";"4";"-";"2648";"1892";"14";"2";"1876";"363";"51";"69";"39";"39";"15";"-";"-";"93";"-";"83";"-";"-";"-";"48";"-";"-";"-";"1057";"-";"-";"15";"-";"-";"-";"-";"-";"-";"4"
"657006";"657006";"80";"9";"3";"744";"527";"4";"2";"521";"77";"23";"13";"26";"19";"2";"-";"-";"24";"-";"31";"-";"-";"-";"31";"-";"-";"-";"262";"-";"-";"11";"-";"-";"-";"-";"-";"-";"-";"2";"-";"744";"527";"4";"2";"521";"77";"23";"13";"26";"19";"2";"-";"-";"24";"-";"31";"-";"-";"-";"31";"-";"-";"-";"262";"-";"-";"11";"-";"-";"-";"-";"-";"-";"2"
"657007";"657007";"80";"9";"3";"4917";"3881";"26";"12";"3843";"466";"213";"144";"69";"172";"41";"-";"-";"97";"-";"263";"-";"-";"-";"71";"-";"-";"-";"2254";"-";"-";"43";"-";"-";"-";"-";"-";"-";"-";"10";"-";"4917";"3881";"26";"12";"3843";"466";"213";"144";"69";"172";"41";"-";"-";"97";"-";"263";"-";"-";"-";"71";"-";"-";"-";"2254";"-";"-";"43";"-";"-";"-";"-";"-";"-";"10"
"657008";"657008";"80";"9";"3";"1849";"1223";"17";"2";"1204";"141";"22";"24";"22";"48";"6";"-";"-";"61";"-";"43";"-";"-";"-";"55";"-";"-";"-";"764";"-";"-";"18";"-";"-";"-";"-";"-";"-";"-";"0";"-";"1849";"1223";"17";"2";"1204";"141";"22";"24";"22";"48";"6";"-";"-";"61";"-";"43";"-";"-";"-";"55";"-";"-";"-";"764";"-";"-";"18";"-";"-";"-";"-";"-";"-";"0"
"657009";"657009";"80";"9";"3";"776";"556";"5";"0";"551";"43";"34";"10";"26";"10";"4";"-";"-";"28";"-";"14";"-";"-";"-";"27";"-";"-";"-";"343";"-";"-";"12";"-";"-";"-";"-";"-";"-";"-";"0";"-";"776";"556";"5";"0";"551";"43";"34";"10";"26";"10";"4";"-";"-";"28";"-";"14";"-";"-";"-";"27";"-";"-";"-";"343";"-";"-";"12";"-";"-";"-";"-";"-";"-";"0"
"657011";"657011";"80";"9";"3";"593";"450";"5";"3";"442";"63";"106";"8";"14";"16";"7";"-";"-";"22";"-";"12";"-";"-";"-";"23";"-";"-";"-";"166";"-";"-";"3";"-";"-";"-";"-";"-";"-";"-";"2";"-";"593";"450";"5";"3";"442";"63";"106";"8";"14";"16";"7";"-";"-";"22";"-";"12";"-";"-";"-";"23";"-";"-";"-";"166";"-";"-";"3";"-";"-";"-";"-";"-";"-";"2"
"657013";"657013";"81";"9";"3";"3178";"2399";"21";"4";"2374";"396";"72";"101";"63";"42";"55";"-";"-";"256";"-";"75";"-";"-";"-";"70";"-";"-";"-";"1211";"-";"-";"27";"-";"-";"-";"-";"-";"-";"-";"6";"-";"3178";"2399";"21";"4";"2374";"396";"72";"101";"63";"42";"55";"-";"-";"256";"-";"75";"-";"-";"-";"70";"-";"-";"-";"1211";"-";"-";"27";"-";"-";"-";"-";"-";"-";"6"
"657014";"657014";"81";"9";"3";"620";"432";"9";"2";"421";"41";"11";"4";"17";"11";"3";"-";"-";"7";"-";"10";"-";"-";"-";"17";"-";"-";"-";"292";"-";"-";"6";"-";"-";"-";"-";"-";"-";"-";"2";"-";"620";"432";"9";"2";"421";"41";"11";"4";"17";"11";"3";"-";"-";"7";"-";"10";"-";"-";"-";"17";"-";"-";"-";"292";"-";"-";"6";"-";"-";"-";"-";"-";"-";"2"
"657015";"657015";"81";"9";"3";"1516";"954";"13";"12";"929";"185";"43";"24";"18";"97";"11";"-";"-";"54";"-";"55";"-";"-";"-";"32";"-";"-";"-";"360";"-";"-";"47";"-";"-";"-";"-";"-";"-";"-";"3";"-";"1516";"954";"13";"12";"929";"185";"43";"24";"18";"97";"11";"-";"-";"54";"-";"55";"-";"-";"-";"32";"-";"-";"-";"360";"-";"-";"47";"-";"-";"-";"-";"-";"-";"3"
"657016";"657016";"81";"9";"3";"883";"647";"6";"0";"641";"50";"18";"38";"46";"20";"5";"-";"-";"16";"-";"26";"-";"-";"-";"19";"-";"-";"-";"397";"-";"-";"6";"-";"-";"-";"-";"-";"-";"-";"0";"-";"883";"647";"6";"0";"641";"50";"18";"38";"46";"20";"5";"-";"-";"16";"-";"26";"-";"-";"-";"19";"-";"-";"-";"397";"-";"-";"6";"-";"-";"-";"-";"-";"-";"0"
"657017";"657017";"81";"9";"3";"6768";"4720";"47";"6";"4667";"597";"500";"283";"91";"182";"50";"-";"-";"204";"-";"352";"-";"-";"-";"116";"-";"-";"-";"2198";"-";"-";"84";"-";"-";"-";"-";"-";"-";"-";"10";"-";"6768";"4720";"47";"6";"4667";"597";"500";"283";"91";"182";"50";"-";"-";"204";"-";"352";"-";"-";"-";"116";"-";"-";"-";"2198";"-";"-";"84";"-";"-";"-";"-";"-";"-";"10"
"657018";"657018";"81";"9";"3";"533";"393";"3";"0";"390";"34";"12";"6";"14";"13";"7";"-";"-";"22";"-";"12";"-";"-";"-";"16";"-";"-";"-";"246";"-";"-";"8";"-";"-";"-";"-";"-";"-";"-";"0";"-";"533";"393";"3";"0";"390";"34";"12";"6";"14";"13";"7";"-";"-";"22";"-";"12";"-";"-";"-";"16";"-";"-";"-";"246";"-";"-";"8";"-";"-";"-";"-";"-";"-";"0"
"657019";"657019";"81";"9";"3";"739";"488";"8";"1";"479";"79";"27";"25";"14";"16";"8";"-";"-";"14";"-";"28";"-";"-";"-";"39";"-";"-";"-";"219";"-";"-";"9";"-";"-";"-";"-";"-";"-";"-";"1";"-";"739";"488";"8";"1";"479";"79";"27";"25";"14";"16";"8";"-";"-";"14";"-";"28";"-";"-";"-";"39";"-";"-";"-";"219";"-";"-";"9";"-";"-";"-";"-";"-";"-";"1"
"657020";"657020";"81";"9";"3";"373";"230";"4";"2";"224";"23";"8";"5";"22";"8";"1";"-";"-";"10";"-";"19";"-";"-";"-";"17";"-";"-";"-";"106";"-";"-";"4";"-";"-";"-";"-";"-";"-";"-";"1";"-";"373";"230";"4";"2";"224";"23";"8";"5";"22";"8";"1";"-";"-";"10";"-";"19";"-";"-";"-";"17";"-";"-";"-";"106";"-";"-";"4";"-";"-";"-";"-";"-";"-";"1"
"657021";"657021";"81";"9";"3";"687";"532";"3";"0";"529";"58";"46";"9";"6";"15";"5";"-";"-";"19";"-";"30";"-";"-";"-";"30";"-";"-";"-";"302";"-";"-";"9";"-";"-";"-";"-";"-";"-";"-";"0";"-";"687";"532";"3";"0";"529";"58";"46";"9";"6";"15";"5";"-";"-";"19";"-";"30";"-";"-";"-";"30";"-";"-";"-";"302";"-";"-";"9";"-";"-";"-";"-";"-";"-";"0"
"657022";"657022";"81";"9";"3";"761";"577";"3";"3";"571";"76";"19";"4";"20";"19";"4";"-";"-";"35";"-";"32";"-";"-";"-";"24";"-";"-";"-";"329";"-";"-";"7";"-";"-";"-";"-";"-";"-";"-";"2";"-";"761";"577";"3";"3";"571";"76";"19";"4";"20";"19";"4";"-";"-";"35";"-";"32";"-";"-";"-";"24";"-";"-";"-";"329";"-";"-";"7";"-";"-";"-";"-";"-";"-";"2"
"657023";"657023";"81";"9";"3";"4062";"3090";"21";"5";"3064";"424";"162";"134";"65";"147";"32";"-";"-";"149";"-";"178";"-";"-";"-";"77";"-";"-";"-";"1664";"-";"-";"24";"-";"-";"-";"-";"-";"-";"-";"8";"-";"4062";"3090";"21";"5";"3064";"424";"162";"134";"65";"147";"32";"-";"-";"149";"-";"178";"-";"-";"-";"77";"-";"-";"-";"1664";"-";"-";"24";"-";"-";"-";"-";"-";"-";"8"
"657024";"657024";"81";"9";"3";"3751";"2755";"23";"7";"2725";"283";"148";"158";"66";"121";"31";"-";"-";"62";"-";"277";"-";"-";"-";"67";"-";"-";"-";"1476";"-";"-";"27";"-";"-";"-";"-";"-";"-";"-";"9";"-";"3751";"2755";"23";"7";"2725";"283";"148";"158";"66";"121";"31";"-";"-";"62";"-";"277";"-";"-";"-";"67";"-";"-";"-";"1476";"-";"-";"27";"-";"-";"-";"-";"-";"-";"9"
"657025";"657025";"81";"9";"3";"1018";"707";"5";"2";"700";"114";"12";"22";"16";"25";"7";"-";"-";"72";"-";"32";"-";"-";"-";"36";"-";"-";"-";"354";"-";"-";"8";"-";"-";"-";"-";"-";"-";"-";"2";"-";"1018";"707";"5";"2";"700";"114";"12";"22";"16";"25";"7";"-";"-";"72";"-";"32";"-";"-";"-";"36";"-";"-";"-";"354";"-";"-";"8";"-";"-";"-";"-";"-";"-";"2"
"657026";"657026";"81";"9";"3";"4763";"3520";"27";"10";"3483";"450";"164";"198";"69";"318";"30";"-";"-";"204";"-";"329";"-";"-";"-";"76";"-";"-";"-";"1593";"-";"-";"44";"-";"-";"-";"-";"-";"-";"-";"8";"-";"4763";"3520";"27";"10";"3483";"450";"164";"198";"69";"318";"30";"-";"-";"204";"-";"329";"-";"-";"-";"76";"-";"-";"-";"1593";"-";"-";"44";"-";"-";"-";"-";"-";"-";"8"
"657027";"657027";"81";"9";"3";"3476";"2534";"20";"1";"2513";"423";"72";"126";"53";"57";"15";"-";"-";"158";"-";"177";"-";"-";"-";"58";"-";"-";"-";"1357";"-";"-";"16";"-";"-";"-";"-";"-";"-";"-";"1";"-";"3476";"2534";"20";"1";"2513";"423";"72";"126";"53";"57";"15";"-";"-";"158";"-";"177";"-";"-";"-";"58";"-";"-";"-";"1357";"-";"-";"16";"-";"-";"-";"-";"-";"-";"1"
"657028";"657028";"81";"9";"3";"386";"289";"4";"0";"285";"51";"9";"19";"13";"10";"11";"-";"-";"8";"-";"10";"-";"-";"-";"9";"-";"-";"-";"138";"-";"-";"7";"-";"-";"-";"-";"-";"-";"-";"0";"-";"386";"289";"4";"0";"285";"51";"9";"19";"13";"10";"11";"-";"-";"8";"-";"10";"-";"-";"-";"9";"-";"-";"-";"138";"-";"-";"7";"-";"-";"-";"-";"-";"-";"0"
"657029";"657029";"81";"9";"3";"1255";"973";"8";"4";"961";"121";"15";"11";"22";"32";"17";"-";"-";"85";"-";"41";"-";"-";"-";"27";"-";"-";"-";"576";"-";"-";"12";"-";"-";"-";"-";"-";"-";"-";"2";"-";"1255";"973";"8";"4";"961";"121";"15";"11";"22";"32";"17";"-";"-";"85";"-";"41";"-";"-";"-";"27";"-";"-";"-";"576";"-";"-";"12";"-";"-";"-";"-";"-";"-";"2"
"657030";"657030";"81";"9";"3";"907";"634";"3";"3";"628";"90";"20";"25";"17";"10";"17";"-";"-";"22";"-";"29";"-";"-";"-";"33";"-";"-";"-";"355";"-";"-";"5";"-";"-";"-";"-";"-";"-";"-";"5";"-";"907";"634";"3";"3";"628";"90";"20";"25";"17";"10";"17";"-";"-";"22";"-";"29";"-";"-";"-";"33";"-";"-";"-";"355";"-";"-";"5";"-";"-";"-";"-";"-";"-";"5"
"661001";"661001";"82";"9";"3";"14720";"10236";"107";"25";"10104";"4148";"538";"722";"289";"579";"58";"-";"-";"255";"-";"-";"-";"-";"-";"353";"-";"-";"-";"2841";"-";"-";"272";"49";"-";"-";"-";"-";"-";"-";"-";"-";"14720";"10236";"107";"25";"10104";"4148";"538";"722";"289";"579";"58";"-";"-";"255";"-";"-";"-";"-";"-";"353";"-";"-";"-";"2841";"-";"-";"272";"49";"-";"-";"-";"-";"-";"-"
"661002";"661002";"82";"9";"3";"3978";"3325";"22";"6";"3297";"1029";"314";"171";"49";"152";"11";"-";"-";"38";"-";"-";"-";"-";"-";"79";"-";"-";"-";"1412";"-";"-";"41";"1";"-";"-";"-";"-";"-";"-";"-";"-";"3978";"3325";"22";"6";"3297";"1029";"314";"171";"49";"152";"11";"-";"-";"38";"-";"-";"-";"-";"-";"79";"-";"-";"-";"1412";"-";"-";"41";"1";"-";"-";"-";"-";"-";"-"
"661003";"661003";"82";"9";"3";"1706";"1313";"12";"1";"1300";"428";"31";"46";"60";"28";"9";"-";"-";"13";"-";"-";"-";"-";"-";"37";"-";"-";"-";"634";"-";"-";"13";"1";"-";"-";"-";"-";"-";"-";"-";"-";"1706";"1313";"12";"1";"1300";"428";"31";"46";"60";"28";"9";"-";"-";"13";"-";"-";"-";"-";"-";"37";"-";"-";"-";"634";"-";"-";"13";"1";"-";"-";"-";"-";"-";"-"
"661004";"661004";"82";"9";"3";"3585";"2924";"25";"16";"2883";"1009";"133";"199";"66";"120";"13";"-";"-";"58";"-";"-";"-";"-";"-";"92";"-";"-";"-";"1158";"-";"-";"31";"4";"-";"-";"-";"-";"-";"-";"-";"-";"3585";"2924";"25";"16";"2883";"1009";"133";"199";"66";"120";"13";"-";"-";"58";"-";"-";"-";"-";"-";"92";"-";"-";"-";"1158";"-";"-";"31";"4";"-";"-";"-";"-";"-";"-"
"661005";"661005";"82";"9";"3";"10700";"7284";"51";"32";"7201";"3302";"470";"388";"184";"379";"22";"-";"-";"329";"-";"-";"-";"-";"-";"242";"-";"-";"-";"1672";"-";"-";"204";"9";"-";"-";"-";"-";"-";"-";"-";"-";"10700";"7284";"51";"32";"7201";"3302";"470";"388";"184";"379";"22";"-";"-";"329";"-";"-";"-";"-";"-";"242";"-";"-";"-";"1672";"-";"-";"204";"9";"-";"-";"-";"-";"-";"-"
"661006";"661006";"82";"9";"3";"4483";"3160";"27";"12";"3121";"1210";"754";"148";"89";"92";"17";"-";"-";"51";"-";"-";"-";"-";"-";"108";"-";"-";"-";"621";"-";"-";"26";"5";"-";"-";"-";"-";"-";"-";"-";"-";"4483";"3160";"27";"12";"3121";"1210";"754";"148";"89";"92";"17";"-";"-";"51";"-";"-";"-";"-";"-";"108";"-";"-";"-";"621";"-";"-";"26";"5";"-";"-";"-";"-";"-";"-"
"661007";"661007";"82";"9";"3";"1521";"1126";"12";"1";"1113";"225";"108";"161";"50";"29";"8";"-";"-";"21";"-";"-";"-";"-";"-";"32";"-";"-";"-";"452";"-";"-";"22";"5";"-";"-";"-";"-";"-";"-";"-";"-";"1521";"1126";"12";"1";"1113";"225";"108";"161";"50";"29";"8";"-";"-";"21";"-";"-";"-";"-";"-";"32";"-";"-";"-";"452";"-";"-";"22";"5";"-";"-";"-";"-";"-";"-"
"661008";"661008";"82";"9";"3";"2706";"1902";"13";"3";"1886";"589";"26";"197";"74";"225";"9";"-";"-";"11";"-";"-";"-";"-";"-";"87";"-";"-";"-";"628";"-";"-";"39";"1";"-";"-";"-";"-";"-";"-";"-";"-";"2706";"1902";"13";"3";"1886";"589";"26";"197";"74";"225";"9";"-";"-";"11";"-";"-";"-";"-";"-";"87";"-";"-";"-";"628";"-";"-";"39";"1";"-";"-";"-";"-";"-";"-"
"661009";"661009";"82";"9";"3";"1609";"1150";"11";"4";"1135";"378";"28";"50";"46";"50";"7";"-";"-";"10";"-";"-";"-";"-";"-";"65";"-";"-";"-";"479";"-";"-";"19";"3";"-";"-";"-";"-";"-";"-";"-";"-";"1609";"1150";"11";"4";"1135";"378";"28";"50";"46";"50";"7";"-";"-";"10";"-";"-";"-";"-";"-";"65";"-";"-";"-";"479";"-";"-";"19";"3";"-";"-";"-";"-";"-";"-"
"661010";"661010";"82";"9";"3";"896";"597";"2";"1";"594";"175";"6";"57";"26";"54";"2";"-";"-";"8";"-";"-";"-";"-";"-";"39";"-";"-";"-";"190";"-";"-";"36";"1";"-";"-";"-";"-";"-";"-";"-";"-";"896";"597";"2";"1";"594";"175";"6";"57";"26";"54";"2";"-";"-";"8";"-";"-";"-";"-";"-";"39";"-";"-";"-";"190";"-";"-";"36";"1";"-";"-";"-";"-";"-";"-"
"665001";"665001";"73";"9";"3";"5515";"4044";"30";"23";"3991";"1043";"199";"631";"129";"370";"58";"-";"-";"-";"-";"-";"-";"-";"-";"104";"-";"-";"-";"1457";"-";"-";"-";"-";"-";"-";"-";"-";"-";"-";"-";"-";"5515";"4044";"30";"23";"3991";"1043";"199";"631";"129";"370";"58";"-";"-";"-";"-";"-";"-";"-";"-";"104";"-";"-";"-";"1457";"-";"-";"-";"-";"-";"-";"-";"-";"-";"-"
"665002";"665002";"73";"9";"3";"1987";"1434";"13";"7";"1414";"261";"71";"302";"60";"184";"5";"-";"-";"-";"-";"-";"-";"-";"-";"39";"-";"-";"-";"492";"-";"-";"-";"-";"-";"-";"-";"-";"-";"-";"-";"-";"1987";"1434";"13";"7";"1414";"261";"71";"302";"60";"184";"5";"-";"-";"-";"-";"-";"-";"-";"-";"39";"-";"-";"-";"492";"-";"-";"-";"-";"-";"-";"-";"-";"-";"-"
"665003";"665003";"73";"9";"3";"1745";"1339";"12";"2";"1325";"256";"59";"146";"44";"176";"11";"-";"-";"-";"-";"-";"-";"-";"-";"59";"-";"-";"-";"574";"-";"-";"-";"-";"-";"-";"-";"-";"-";"-";"-";"-";"1745";"1339";"12";"2";"1325";"256";"59";"146";"44";"176";"11";"-";"-";"-";"-";"-";"-";"-";"-";"59";"-";"-";"-";"574";"-";"-";"-";"-";"-";"-";"-";"-";"-";"-"
"665004";"665004";"73";"9";"3";"1547";"1128";"6";"4";"1118";"274";"34";"108";"55";"187";"8";"-";"-";"-";"-";"-";"-";"-";"-";"60";"-";"-";"-";"392";"-";"-";"-";"-";"-";"-";"-";"-";"-";"-";"-";"-";"1547";"1128";"6";"4";"1118";"274";"34";"108";"55";"187";"8";"-";"-";"-";"-";"-";"-";"-";"-";"60";"-";"-";"-";"392";"-";"-";"-";"-";"-";"-";"-";"-";"-";"-"
"665005";"665005";"73";"9";"3";"1023";"724";"5";"2";"717";"82";"13";"64";"42";"95";"8";"-";"-";"-";"-";"-";"-";"-";"-";"24";"-";"-";"-";"389";"-";"-";"-";"-";"-";"-";"-";"-";"-";"-";"-";"-";"1023";"724";"5";"2";"717";"82";"13";"64";"42";"95";"8";"-";"-";"-";"-";"-";"-";"-";"-";"24";"-";"-";"-";"389";"-";"-";"-";"-";"-";"-";"-";"-";"-";"-"
"665006";"665006";"73";"9";"3";"1108";"819";"3";"2";"814";"90";"3";"150";"54";"59";"6";"-";"-";"-";"-";"-";"-";"-";"-";"27";"-";"-";"-";"425";"-";"-";"-";"-";"-";"-";"-";"-";"-";"-";"-";"-";"1108";"819";"3";"2";"814";"90";"3";"150";"54";"59";"6";"-";"-";"-";"-";"-";"-";"-";"-";"27";"-";"-";"-";"425";"-";"-";"-";"-";"-";"-";"-";"-";"-";"-"
"665007";"665007";"73";"9";"3";"1568";"1066";"8";"2";"1056";"125";"6";"23";"33";"28";"5";"-";"-";"-";"-";"-";"-";"-";"-";"15";"-";"-";"-";"821";"-";"-";"-";"-";"-";"-";"-";"-";"-";"-";"-";"-";"1568";"1066";"8";"2";"1056";"125";"6";"23";"33";"28";"5";"-";"-";"-";"-";"-";"-";"-";"-";"15";"-";"-";"-";"821";"-";"-";"-";"-";"-";"-";"-";"-";"-";"-"
"665008";"665008";"73";"9";"3";"1393";"1057";"5";"2";"1050";"151";"13";"125";"30";"34";"5";"-";"-";"-";"-";"-";"-";"-";"-";"20";"-";"-";"-";"672";"-";"-";"-";"-";"-";"-";"-";"-";"-";"-";"-";"-";"1393";"1057";"5";"2";"1050";"151";"13";"125";"30";"34";"5";"-";"-";"-";"-";"-";"-";"-";"-";"20";"-";"-";"-";"672";"-";"-";"-";"-";"-";"-";"-";"-";"-";"-"
"671001";"671001";"73";"9";"3";"6703";"4496";"60";"31";"4405";"1581";"260";"246";"169";"304";"90";"39";"-";"-";"-";"-";"-";"-";"-";"124";"-";"-";"-";"1570";"-";"-";"-";"-";"-";"-";"-";"-";"-";"-";"22";"-";"6703";"4496";"60";"31";"4405";"1581";"260";"246";"169";"304";"90";"39";"-";"-";"-";"-";"-";"-";"-";"124";"-";"-";"-";"1570";"-";"-";"-";"-";"-";"-";"-";"-";"-";"22"
"671002";"671002";"73";"9";"3";"1746";"1218";"11";"4";"1203";"445";"42";"64";"46";"76";"30";"6";"-";"-";"-";"-";"-";"-";"-";"32";"-";"-";"-";"455";"-";"-";"-";"-";"-";"-";"-";"-";"-";"-";"7";"-";"1746";"1218";"11";"4";"1203";"445";"42";"64";"46";"76";"30";"6";"-";"-";"-";"-";"-";"-";"-";"32";"-";"-";"-";"455";"-";"-";"-";"-";"-";"-";"-";"-";"-";"7"
"671003";"671003";"73";"9";"3";"1320";"1079";"11";"5";"1063";"296";"16";"53";"43";"37";"12";"7";"-";"-";"-";"-";"-";"-";"-";"20";"-";"-";"-";"579";"-";"-";"-";"-";"-";"-";"-";"-";"-";"-";"0";"-";"1320";"1079";"11";"5";"1063";"296";"16";"53";"43";"37";"12";"7";"-";"-";"-";"-";"-";"-";"-";"20";"-";"-";"-";"579";"-";"-";"-";"-";"-";"-";"-";"-";"-";"0"
"671004";"671004";"73";"9";"3";"1394";"1060";"6";"5";"1049";"361";"34";"83";"49";"58";"12";"5";"-";"-";"-";"-";"-";"-";"-";"25";"-";"-";"-";"421";"-";"-";"-";"-";"-";"-";"-";"-";"-";"-";"1";"-";"1394";"1060";"6";"5";"1049";"361";"34";"83";"49";"58";"12";"5";"-";"-";"-";"-";"-";"-";"-";"25";"-";"-";"-";"421";"-";"-";"-";"-";"-";"-";"-";"-";"-";"1"
"671005";"671005";"73";"9";"3";"1551";"1251";"5";"6";"1240";"397";"61";"79";"45";"63";"21";"6";"-";"-";"-";"-";"-";"-";"-";"22";"-";"-";"-";"544";"-";"-";"-";"-";"-";"-";"-";"-";"-";"-";"2";"-";"1551";"1251";"5";"6";"1240";"397";"61";"79";"45";"63";"21";"6";"-";"-";"-";"-";"-";"-";"-";"22";"-";"-";"-";"544";"-";"-";"-";"-";"-";"-";"-";"-";"-";"2"
"671006";"671006";"73";"9";"3";"1679";"1276";"10";"4";"1262";"238";"45";"79";"39";"48";"26";"4";"-";"-";"-";"-";"-";"-";"-";"34";"-";"-";"-";"745";"-";"-";"-";"-";"-";"-";"-";"-";"-";"-";"4";"-";"1679";"1276";"10";"4";"1262";"238";"45";"79";"39";"48";"26";"4";"-";"-";"-";"-";"-";"-";"-";"34";"-";"-";"-";"745";"-";"-";"-";"-";"-";"-";"-";"-";"-";"4"
"671007";"671007";"73";"9";"3";"2463";"1805";"16";"9";"1780";"470";"134";"448";"51";"77";"9";"5";"-";"-";"-";"-";"-";"-";"-";"43";"-";"-";"-";"538";"-";"-";"-";"-";"-";"-";"-";"-";"-";"-";"5";"-";"2463";"1805";"16";"9";"1780";"470";"134";"448";"51";"77";"9";"5";"-";"-";"-";"-";"-";"-";"-";"43";"-";"-";"-";"538";"-";"-";"-";"-";"-";"-";"-";"-";"-";"5"
"706001";"706001";"66";"8";"3";"7555";"5315";"59";"14";"5242";"994";"525";"1130";"204";"832";"-";"-";"-";"-";"-";"-";"-";"-";"-";"126";"-";"-";"-";"1004";"-";"-";"292";"135";"-";"-";"-";"-";"-";"-";"-";"-";"7555";"5315";"59";"14";"5242";"994";"525";"1130";"204";"832";"-";"-";"-";"-";"-";"-";"-";"-";"-";"126";"-";"-";"-";"1004";"-";"-";"292";"135";"-";"-";"-";"-";"-";"-"
"706002";"706002";"66";"8";"3";"3203";"2475";"29";"5";"2441";"472";"66";"263";"99";"362";"-";"-";"-";"-";"-";"-";"-";"-";"-";"69";"-";"-";"-";"761";"-";"-";"205";"144";"-";"-";"-";"-";"-";"-";"-";"-";"3203";"2475";"29";"5";"2441";"472";"66";"263";"99";"362";"-";"-";"-";"-";"-";"-";"-";"-";"-";"69";"-";"-";"-";"761";"-";"-";"205";"144";"-";"-";"-";"-";"-";"-"
"706003";"706003";"66";"8";"3";"1828";"1201";"17";"2";"1182";"188";"22";"136";"76";"340";"-";"-";"-";"-";"-";"-";"-";"-";"-";"41";"-";"-";"-";"249";"-";"-";"98";"32";"-";"-";"-";"-";"-";"-";"-";"-";"1828";"1201";"17";"2";"1182";"188";"22";"136";"76";"340";"-";"-";"-";"-";"-";"-";"-";"-";"-";"41";"-";"-";"-";"249";"-";"-";"98";"32";"-";"-";"-";"-";"-";"-"
"706004";"706004";"66";"8";"3";"2718";"1948";"27";"4";"1917";"399";"38";"480";"108";"185";"-";"-";"-";"-";"-";"-";"-";"-";"-";"60";"-";"-";"-";"516";"-";"-";"90";"41";"-";"-";"-";"-";"-";"-";"-";"-";"2718";"1948";"27";"4";"1917";"399";"38";"480";"108";"185";"-";"-";"-";"-";"-";"-";"-";"-";"-";"60";"-";"-";"-";"516";"-";"-";"90";"41";"-";"-";"-";"-";"-";"-"
"706005";"706005";"66";"8";"3";"3797";"2484";"34";"7";"2443";"941";"59";"308";"144";"250";"-";"-";"-";"-";"-";"-";"-";"-";"-";"78";"-";"-";"-";"498";"-";"-";"131";"34";"-";"-";"-";"-";"-";"-";"-";"-";"3797";"2484";"34";"7";"2443";"941";"59";"308";"144";"250";"-";"-";"-";"-";"-";"-";"-";"-";"-";"78";"-";"-";"-";"498";"-";"-";"131";"34";"-";"-";"-";"-";"-";"-"
"706006";"706006";"66";"8";"3";"6299";"4545";"45";"13";"4487";"1315";"183";"807";"166";"523";"-";"-";"-";"-";"-";"-";"-";"-";"-";"129";"-";"-";"-";"1015";"-";"-";"269";"80";"-";"-";"-";"-";"-";"-";"-";"-";"6299";"4545";"45";"13";"4487";"1315";"183";"807";"166";"523";"-";"-";"-";"-";"-";"-";"-";"-";"-";"129";"-";"-";"-";"1015";"-";"-";"269";"80";"-";"-";"-";"-";"-";"-"
"706007";"706007";"66";"8";"3";"2890";"2024";"32";"6";"1986";"644";"64";"145";"121";"278";"-";"-";"-";"-";"-";"-";"-";"-";"-";"97";"-";"-";"-";"503";"-";"-";"93";"41";"-";"-";"-";"-";"-";"-";"-";"-";"2890";"2024";"32";"6";"1986";"644";"64";"145";"121";"278";"-";"-";"-";"-";"-";"-";"-";"-";"-";"97";"-";"-";"-";"503";"-";"-";"93";"41";"-";"-";"-";"-";"-";"-"
"706008";"706008";"66";"8";"3";"6584";"4789";"52";"9";"4728";"1207";"217";"741";"187";"565";"-";"-";"-";"-";"-";"-";"-";"-";"-";"104";"-";"-";"-";"1197";"-";"-";"351";"159";"-";"-";"-";"-";"-";"-";"-";"-";"6584";"4789";"52";"9";"4728";"1207";"217";"741";"187";"565";"-";"-";"-";"-";"-";"-";"-";"-";"-";"104";"-";"-";"-";"1197";"-";"-";"351";"159";"-";"-";"-";"-";"-";"-"
"707001";"707001";"66";"8";"3";"7914";"5250";"74";"11";"5165";"1758";"178";"879";"292";"440";"153";"1";"-";"-";"-";"-";"-";"-";"-";"218";"-";"-";"-";"1031";"-";"-";"215";"-";"-";"-";"-";"-";"-";"-";"-";"-";"7914";"5250";"74";"11";"5165";"1758";"178";"879";"292";"440";"153";"1";"-";"-";"-";"-";"-";"-";"-";"218";"-";"-";"-";"1031";"-";"-";"215";"-";"-";"-";"-";"-";"-";"-"
"707002";"707002";"66";"8";"3";"124";"96";"2";"0";"94";"27";"2";"13";"4";"16";"0";"0";"-";"-";"-";"-";"-";"-";"-";"3";"-";"-";"-";"5";"-";"-";"24";"-";"-";"-";"-";"-";"-";"-";"-";"-";"124";"96";"2";"0";"94";"27";"2";"13";"4";"16";"0";"0";"-";"-";"-";"-";"-";"-";"-";"3";"-";"-";"-";"5";"-";"-";"24";"-";"-";"-";"-";"-";"-";"-"
"707003";"707003";"66";"8";"3";"2065";"1372";"12";"1";"1359";"447";"36";"175";"95";"82";"36";"1";"-";"-";"-";"-";"-";"-";"-";"112";"-";"-";"-";"298";"-";"-";"77";"-";"-";"-";"-";"-";"-";"-";"-";"-";"2065";"1372";"12";"1";"1359";"447";"36";"175";"95";"82";"36";"1";"-";"-";"-";"-";"-";"-";"-";"112";"-";"-";"-";"298";"-";"-";"77";"-";"-";"-";"-";"-";"-";"-"
"707004";"707004";"66";"8";"3";"5765";"3611";"39";"19";"3553";"1362";"121";"523";"204";"265";"101";"5";"-";"-";"-";"-";"-";"-";"-";"194";"-";"-";"-";"584";"-";"-";"194";"-";"-";"-";"-";"-";"-";"-";"-";"-";"5765";"3611";"39";"19";"3553";"1362";"121";"523";"204";"265";"101";"5";"-";"-";"-";"-";"-";"-";"-";"194";"-";"-";"-";"584";"-";"-";"194";"-";"-";"-";"-";"-";"-";"-"
"707005";"707005";"66";"8";"3";"3219";"2306";"28";"6";"2272";"625";"82";"417";"87";"254";"75";"5";"-";"-";"-";"-";"-";"-";"-";"81";"-";"-";"-";"446";"-";"-";"200";"-";"-";"-";"-";"-";"-";"-";"-";"-";"3219";"2306";"28";"6";"2272";"625";"82";"417";"87";"254";"75";"5";"-";"-";"-";"-";"-";"-";"-";"81";"-";"-";"-";"446";"-";"-";"200";"-";"-";"-";"-";"-";"-";"-"
"707006";"707006";"66";"8";"3";"1740";"1183";"6";"4";"1173";"252";"39";"345";"58";"92";"52";"1";"-";"-";"-";"-";"-";"-";"-";"48";"-";"-";"-";"226";"-";"-";"60";"-";"-";"-";"-";"-";"-";"-";"-";"-";"1740";"1183";"6";"4";"1173";"252";"39";"345";"58";"92";"52";"1";"-";"-";"-";"-";"-";"-";"-";"48";"-";"-";"-";"226";"-";"-";"60";"-";"-";"-";"-";"-";"-";"-"
"707007";"707007";"66";"8";"3";"2549";"1600";"18";"2";"1580";"452";"19";"112";"100";"121";"240";"2";"-";"-";"-";"-";"-";"-";"-";"54";"-";"-";"-";"349";"-";"-";"131";"-";"-";"-";"-";"-";"-";"-";"-";"-";"2549";"1600";"18";"2";"1580";"452";"19";"112";"100";"121";"240";"2";"-";"-";"-";"-";"-";"-";"-";"54";"-";"-";"-";"349";"-";"-";"131";"-";"-";"-";"-";"-";"-";"-"
"707008";"707008";"66";"8";"3";"2081";"1363";"12";"4";"1347";"463";"14";"98";"70";"100";"255";"0";"-";"-";"-";"-";"-";"-";"-";"46";"-";"-";"-";"251";"-";"-";"50";"-";"-";"-";"-";"-";"-";"-";"-";"-";"2081";"1363";"12";"4";"1347";"463";"14";"98";"70";"100";"255";"0";"-";"-";"-";"-";"-";"-";"-";"46";"-";"-";"-";"251";"-";"-";"50";"-";"-";"-";"-";"-";"-";"-"
"707009";"707009";"66";"8";"3";"3497";"2318";"17";"11";"2290";"630";"26";"138";"82";"122";"818";"5";"-";"-";"-";"-";"-";"-";"-";"58";"-";"-";"-";"347";"-";"-";"64";"-";"-";"-";"-";"-";"-";"-";"-";"-";"3497";"2318";"17";"11";"2290";"630";"26";"138";"82";"122";"818";"5";"-";"-";"-";"-";"-";"-";"-";"58";"-";"-";"-";"347";"-";"-";"64";"-";"-";"-";"-";"-";"-";"-"
"707010";"707010";"66";"8";"3";"1454";"1047";"9";"3";"1035";"224";"11";"66";"42";"167";"99";"0";"-";"-";"-";"-";"-";"-";"-";"21";"-";"-";"-";"343";"-";"-";"62";"-";"-";"-";"-";"-";"-";"-";"-";"-";"1454";"1047";"9";"3";"1035";"224";"11";"66";"42";"167";"99";"0";"-";"-";"-";"-";"-";"-";"-";"21";"-";"-";"-";"343";"-";"-";"62";"-";"-";"-";"-";"-";"-";"-"
"710001";"710001";"69";"8";"3";"4284";"3135";"30";"5";"3100";"1011";"150";"701";"90";"110";"42";"-";"-";"-";"-";"-";"-";"-";"-";"121";"-";"77";"-";"643";"-";"-";"155";"-";"-";"-";"-";"-";"-";"-";"-";"-";"4284";"3135";"30";"5";"3100";"1011";"150";"701";"90";"110";"42";"-";"-";"-";"-";"-";"-";"-";"-";"121";"-";"77";"-";"643";"-";"-";"155";"-";"-";"-";"-";"-";"-";"-"
"710002";"710002";"69";"8";"3";"3003";"2210";"22";"5";"2183";"788";"139";"545";"71";"68";"21";"-";"-";"-";"-";"-";"-";"-";"-";"60";"-";"17";"-";"389";"-";"-";"85";"-";"-";"-";"-";"-";"-";"-";"-";"-";"3003";"2210";"22";"5";"2183";"788";"139";"545";"71";"68";"21";"-";"-";"-";"-";"-";"-";"-";"-";"60";"-";"17";"-";"389";"-";"-";"85";"-";"-";"-";"-";"-";"-";"-"
"710003";"710003";"69";"8";"3";"1691";"1251";"14";"3";"1234";"468";"36";"279";"62";"29";"11";"-";"-";"-";"-";"-";"-";"-";"-";"39";"-";"16";"-";"253";"-";"-";"41";"-";"-";"-";"-";"-";"-";"-";"-";"-";"1691";"1251";"14";"3";"1234";"468";"36";"279";"62";"29";"11";"-";"-";"-";"-";"-";"-";"-";"-";"39";"-";"16";"-";"253";"-";"-";"41";"-";"-";"-";"-";"-";"-";"-"
"710004";"710004";"69";"8";"3";"5958";"4345";"55";"11";"4279";"2053";"86";"936";"117";"102";"20";"-";"-";"-";"-";"-";"-";"-";"-";"146";"-";"45";"-";"579";"-";"-";"195";"-";"-";"-";"-";"-";"-";"-";"-";"-";"5958";"4345";"55";"11";"4279";"2053";"86";"936";"117";"102";"20";"-";"-";"-";"-";"-";"-";"-";"-";"146";"-";"45";"-";"579";"-";"-";"195";"-";"-";"-";"-";"-";"-";"-"
"710005";"710005";"69";"8";"3";"1613";"1095";"20";"2";"1073";"407";"26";"216";"73";"43";"10";"-";"-";"-";"-";"-";"-";"-";"-";"46";"-";"15";"-";"171";"-";"-";"66";"-";"-";"-";"-";"-";"-";"-";"-";"-";"1613";"1095";"20";"2";"1073";"407";"26";"216";"73";"43";"10";"-";"-";"-";"-";"-";"-";"-";"-";"46";"-";"15";"-";"171";"-";"-";"66";"-";"-";"-";"-";"-";"-";"-"
"710006";"710006";"69";"8";"3";"3747";"2862";"39";"9";"2814";"1011";"143";"378";"62";"220";"36";"-";"-";"-";"-";"-";"-";"-";"-";"77";"-";"35";"-";"681";"-";"-";"171";"-";"-";"-";"-";"-";"-";"-";"-";"-";"3747";"2862";"39";"9";"2814";"1011";"143";"378";"62";"220";"36";"-";"-";"-";"-";"-";"-";"-";"-";"77";"-";"35";"-";"681";"-";"-";"171";"-";"-";"-";"-";"-";"-";"-"
"710007";"710007";"69";"8";"3";"3286";"2617";"26";"7";"2584";"934";"115";"389";"83";"179";"22";"-";"-";"-";"-";"-";"-";"-";"-";"91";"-";"13";"-";"611";"-";"-";"147";"-";"-";"-";"-";"-";"-";"-";"-";"-";"3286";"2617";"26";"7";"2584";"934";"115";"389";"83";"179";"22";"-";"-";"-";"-";"-";"-";"-";"-";"91";"-";"13";"-";"611";"-";"-";"147";"-";"-";"-";"-";"-";"-";"-"
"710008";"710008";"69";"8";"3";"1372";"1004";"9";"0";"995";"320";"121";"140";"40";"50";"15";"-";"-";"-";"-";"-";"-";"-";"-";"53";"-";"12";"-";"180";"-";"-";"64";"-";"-";"-";"-";"-";"-";"-";"-";"-";"1372";"1004";"9";"0";"995";"320";"121";"140";"40";"50";"15";"-";"-";"-";"-";"-";"-";"-";"-";"53";"-";"12";"-";"180";"-";"-";"64";"-";"-";"-";"-";"-";"-";"-"
"710009";"710009";"69";"8";"3";"3179";"2252";"29";"5";"2218";"510";"22";"936";"83";"50";"10";"-";"-";"-";"-";"-";"-";"-";"-";"47";"-";"21";"-";"475";"-";"-";"64";"-";"-";"-";"-";"-";"-";"-";"-";"-";"3179";"2252";"29";"5";"2218";"510";"22";"936";"83";"50";"10";"-";"-";"-";"-";"-";"-";"-";"-";"47";"-";"21";"-";"475";"-";"-";"64";"-";"-";"-";"-";"-";"-";"-"
"710010";"710010";"69";"8";"3";"2953";"1984";"19";"3";"1962";"595";"24";"576";"107";"45";"12";"-";"-";"-";"-";"-";"-";"-";"-";"97";"-";"21";"-";"412";"-";"-";"73";"-";"-";"-";"-";"-";"-";"-";"-";"-";"2953";"1984";"19";"3";"1962";"595";"24";"576";"107";"45";"12";"-";"-";"-";"-";"-";"-";"-";"-";"97";"-";"21";"-";"412";"-";"-";"73";"-";"-";"-";"-";"-";"-";"-"
"710011";"710011";"69";"8";"3";"1565";"1054";"12";"0";"1042";"313";"24";"99";"38";"33";"8";"-";"-";"-";"-";"-";"-";"-";"-";"45";"-";"11";"-";"397";"-";"-";"74";"-";"-";"-";"-";"-";"-";"-";"-";"-";"1565";"1054";"12";"0";"1042";"313";"24";"99";"38";"33";"8";"-";"-";"-";"-";"-";"-";"-";"-";"45";"-";"11";"-";"397";"-";"-";"74";"-";"-";"-";"-";"-";"-";"-"
"710012";"710012";"69";"8";"3";"2308";"1927";"25";"0";"1902";"674";"86";"341";"44";"89";"17";"-";"-";"-";"-";"-";"-";"-";"-";"60";"-";"13";"-";"528";"-";"-";"50";"-";"-";"-";"-";"-";"-";"-";"-";"-";"2308";"1927";"25";"0";"1902";"674";"86";"341";"44";"89";"17";"-";"-";"-";"-";"-";"-";"-";"-";"60";"-";"13";"-";"528";"-";"-";"50";"-";"-";"-";"-";"-";"-";"-"
"710013";"710013";"69";"8";"3";"994";"637";"10";"1";"626";"187";"7";"50";"39";"11";"6";"-";"-";"-";"-";"-";"-";"-";"-";"32";"-";"10";"-";"263";"-";"-";"21";"-";"-";"-";"-";"-";"-";"-";"-";"-";"994";"637";"10";"1";"626";"187";"7";"50";"39";"11";"6";"-";"-";"-";"-";"-";"-";"-";"-";"32";"-";"10";"-";"263";"-";"-";"21";"-";"-";"-";"-";"-";"-";"-"
"710014";"710014";"69";"8";"3";"977";"627";"7";"3";"617";"207";"28";"67";"33";"19";"9";"-";"-";"-";"-";"-";"-";"-";"-";"21";"-";"10";"-";"175";"-";"-";"48";"-";"-";"-";"-";"-";"-";"-";"-";"-";"977";"627";"7";"3";"617";"207";"28";"67";"33";"19";"9";"-";"-";"-";"-";"-";"-";"-";"-";"21";"-";"10";"-";"175";"-";"-";"48";"-";"-";"-";"-";"-";"-";"-"
"727001";"727001";"70";"8";"3";"10503";"7686";"65";"24";"7597";"2035";"606";"1015";"188";"419";"-";"-";"-";"-";"-";"-";"-";"-";"-";"105";"-";"-";"-";"2384";"-";"-";"830";"-";"-";"-";"-";"15";"-";"-";"-";"-";"10503";"7686";"65";"24";"7597";"2035";"606";"1015";"188";"419";"-";"-";"-";"-";"-";"-";"-";"-";"-";"105";"-";"-";"-";"2384";"-";"-";"830";"-";"-";"-";"15";"-";"-";"-"
"727002";"727002";"70";"8";"3";"361";"302";"2";"0";"300";"50";"19";"44";"8";"17";"-";"-";"-";"-";"-";"-";"-";"-";"-";"4";"-";"-";"-";"137";"-";"-";"21";"-";"-";"-";"-";"0";"-";"-";"-";"-";"361";"302";"2";"0";"300";"50";"19";"44";"8";"17";"-";"-";"-";"-";"-";"-";"-";"-";"-";"4";"-";"-";"-";"137";"-";"-";"21";"-";"-";"-";"0";"-";"-";"-"
"727003";"727003";"70";"8";"3";"1441";"1132";"14";"0";"1118";"234";"139";"139";"34";"105";"-";"-";"-";"-";"-";"-";"-";"-";"-";"13";"-";"-";"-";"296";"-";"-";"155";"-";"-";"-";"-";"3";"-";"-";"-";"-";"1441";"1132";"14";"0";"1118";"234";"139";"139";"34";"105";"-";"-";"-";"-";"-";"-";"-";"-";"-";"13";"-";"-";"-";"296";"-";"-";"155";"-";"-";"-";"3";"-";"-";"-"
"727004";"727004";"70";"8";"3";"1080";"829";"10";"0";"819";"197";"115";"87";"19";"60";"-";"-";"-";"-";"-";"-";"-";"-";"-";"9";"-";"-";"-";"208";"-";"-";"122";"-";"-";"-";"-";"2";"-";"-";"-";"-";"1080";"829";"10";"0";"819";"197";"115";"87";"19";"60";"-";"-";"-";"-";"-";"-";"-";"-";"-";"9";"-";"-";"-";"208";"-";"-";"122";"-";"-";"-";"2";"-";"-";"-"
"727005";"727005";"70";"8";"3";"1707";"1377";"7";"0";"1370";"359";"94";"160";"31";"72";"-";"-";"-";"-";"-";"-";"-";"-";"-";"18";"-";"-";"-";"457";"-";"-";"179";"-";"-";"-";"-";"0";"-";"-";"-";"-";"1707";"1377";"7";"0";"1370";"359";"94";"160";"31";"72";"-";"-";"-";"-";"-";"-";"-";"-";"-";"18";"-";"-";"-";"457";"-";"-";"179";"-";"-";"-";"0";"-";"-";"-"
"727006";"727006";"70";"8";"3";"907";"623";"8";"1";"614";"112";"83";"152";"29";"29";"-";"-";"-";"-";"-";"-";"-";"-";"-";"9";"-";"-";"-";"139";"-";"-";"57";"-";"-";"-";"-";"4";"-";"-";"-";"-";"907";"623";"8";"1";"614";"112";"83";"152";"29";"29";"-";"-";"-";"-";"-";"-";"-";"-";"-";"9";"-";"-";"-";"139";"-";"-";"57";"-";"-";"-";"4";"-";"-";"-"
"727007";"727007";"70";"8";"3";"1064";"791";"8";"0";"783";"225";"42";"121";"31";"44";"-";"-";"-";"-";"-";"-";"-";"-";"-";"9";"-";"-";"-";"228";"-";"-";"80";"-";"-";"-";"-";"3";"-";"-";"-";"-";"1064";"791";"8";"0";"783";"225";"42";"121";"31";"44";"-";"-";"-";"-";"-";"-";"-";"-";"-";"9";"-";"-";"-";"228";"-";"-";"80";"-";"-";"-";"3";"-";"-";"-"
"727008";"727008";"70";"8";"3";"1015";"757";"11";"3";"743";"163";"51";"78";"21";"30";"-";"-";"-";"-";"-";"-";"-";"-";"-";"11";"-";"-";"-";"275";"-";"-";"95";"-";"-";"-";"-";"19";"-";"-";"-";"-";"1015";"757";"11";"3";"743";"163";"51";"78";"21";"30";"-";"-";"-";"-";"-";"-";"-";"-";"-";"11";"-";"-";"-";"275";"-";"-";"95";"-";"-";"-";"19";"-";"-";"-"
"727009";"727009";"70";"8";"3";"134";"119";"2";"0";"117";"20";"7";"28";"2";"5";"-";"-";"-";"-";"-";"-";"-";"-";"-";"1";"-";"-";"-";"44";"-";"-";"10";"-";"-";"-";"-";"0";"-";"-";"-";"-";"134";"119";"2";"0";"117";"20";"7";"28";"2";"5";"-";"-";"-";"-";"-";"-";"-";"-";"-";"1";"-";"-";"-";"44";"-";"-";"10";"-";"-";"-";"0";"-";"-";"-"
"727010";"727010";"70";"8";"3";"76";"62";"0";"1";"61";"7";"0";"1";"1";"3";"-";"-";"-";"-";"-";"-";"-";"-";"-";"1";"-";"-";"-";"36";"-";"-";"11";"-";"-";"-";"-";"1";"-";"-";"-";"-";"76";"62";"0";"1";"61";"7";"0";"1";"1";"3";"-";"-";"-";"-";"-";"-";"-";"-";"-";"1";"-";"-";"-";"36";"-";"-";"11";"-";"-";"-";"1";"-";"-";"-"
"730001";"730001";"68";"8";"3";"2509";"1797";"26";"1";"1770";"635";"68";"93";"52";"91";"7";"-";"-";"7";"-";"-";"-";"-";"-";"41";"-";"33";"-";"627";"-";"-";"69";"-";"-";"-";"10";"-";"-";"-";"37";"-";"2509";"1797";"26";"1";"1770";"635";"68";"93";"52";"91";"7";"-";"-";"7";"-";"-";"-";"-";"-";"41";"-";"33";"-";"627";"-";"-";"69";"-";"-";"10";"-";"-";"-";"37"
"730002";"730002";"68";"8";"3";"2316";"1790";"19";"2";"1769";"609";"23";"89";"56";"39";"10";"-";"-";"5";"-";"-";"-";"-";"-";"54";"-";"19";"-";"803";"-";"-";"20";"-";"-";"-";"26";"-";"-";"-";"16";"-";"2316";"1790";"19";"2";"1769";"609";"23";"89";"56";"39";"10";"-";"-";"5";"-";"-";"-";"-";"-";"54";"-";"19";"-";"803";"-";"-";"20";"-";"-";"26";"-";"-";"-";"16"
"730004";"730004";"68";"8";"3";"684";"481";"10";"0";"471";"128";"12";"48";"26";"21";"3";"-";"-";"5";"-";"-";"-";"-";"-";"24";"-";"7";"-";"165";"-";"-";"12";"-";"-";"-";"12";"-";"-";"-";"8";"-";"684";"481";"10";"0";"471";"128";"12";"48";"26";"21";"3";"-";"-";"5";"-";"-";"-";"-";"-";"24";"-";"7";"-";"165";"-";"-";"12";"-";"-";"12";"-";"-";"-";"8"
"730005";"730005";"67";"8";"3";"1229";"818";"7";"0";"811";"476";"7";"89";"49";"12";"2";"-";"-";"1";"-";"-";"-";"-";"-";"29";"-";"10";"-";"89";"-";"-";"10";"-";"-";"-";"18";"-";"-";"-";"19";"-";"1229";"818";"7";"0";"811";"476";"7";"89";"49";"12";"2";"-";"-";"1";"-";"-";"-";"-";"-";"29";"-";"10";"-";"89";"-";"-";"10";"-";"-";"18";"-";"-";"-";"19"
"730006";"730006";"67";"8";"3";"948";"633";"6";"3";"624";"266";"10";"88";"57";"14";"3";"-";"-";"1";"-";"-";"-";"-";"-";"32";"-";"5";"-";"75";"-";"-";"22";"-";"-";"-";"41";"-";"-";"-";"10";"-";"948";"633";"6";"3";"624";"266";"10";"88";"57";"14";"3";"-";"-";"1";"-";"-";"-";"-";"-";"32";"-";"5";"-";"75";"-";"-";"22";"-";"-";"41";"-";"-";"-";"10"
"730007";"730007";"67";"8";"3";"1133";"855";"16";"0";"839";"484";"8";"61";"47";"15";"0";"-";"-";"0";"-";"-";"-";"-";"-";"53";"-";"9";"-";"95";"-";"-";"7";"-";"-";"-";"52";"-";"-";"-";"8";"-";"1133";"855";"16";"0";"839";"484";"8";"61";"47";"15";"0";"-";"-";"0";"-";"-";"-";"-";"-";"53";"-";"9";"-";"95";"-";"-";"7";"-";"-";"52";"-";"-";"-";"8"
"730008";"730008";"67";"8";"3";"2056";"1458";"19";"3";"1436";"343";"47";"126";"47";"54";"6";"-";"-";"5";"-";"-";"-";"-";"-";"67";"-";"13";"-";"268";"-";"-";"27";"-";"-";"-";"384";"-";"-";"-";"49";"-";"2056";"1458";"19";"3";"1436";"343";"47";"126";"47";"54";"6";"-";"-";"5";"-";"-";"-";"-";"-";"67";"-";"13";"-";"268";"-";"-";"27";"-";"-";"384";"-";"-";"-";"49"
"730009";"730009";"67";"8";"3";"1264";"844";"10";"3";"831";"268";"21";"75";"39";"29";"8";"-";"-";"6";"-";"-";"-";"-";"-";"104";"-";"22";"-";"137";"-";"-";"11";"-";"-";"-";"73";"-";"-";"-";"38";"-";"1264";"844";"10";"3";"831";"268";"21";"75";"39";"29";"8";"-";"-";"6";"-";"-";"-";"-";"-";"104";"-";"22";"-";"137";"-";"-";"11";"-";"-";"73";"-";"-";"-";"38"
"730010";"730010";"67";"8";"3";"1104";"734";"12";"4";"718";"284";"26";"54";"65";"26";"7";"-";"-";"8";"-";"-";"-";"-";"-";"55";"-";"17";"-";"115";"-";"-";"19";"-";"-";"-";"21";"-";"-";"-";"21";"-";"1104";"734";"12";"4";"718";"284";"26";"54";"65";"26";"7";"-";"-";"8";"-";"-";"-";"-";"-";"55";"-";"17";"-";"115";"-";"-";"19";"-";"-";"21";"-";"-";"-";"21"
"730011";"730011";"67";"8";"3";"4147";"2936";"29";"8";"2899";"760";"80";"335";"59";"112";"23";"-";"-";"10";"-";"-";"-";"-";"-";"120";"-";"62";"-";"283";"-";"-";"80";"-";"-";"-";"811";"-";"-";"-";"164";"-";"4147";"2936";"29";"8";"2899";"760";"80";"335";"59";"112";"23";"-";"-";"10";"-";"-";"-";"-";"-";"120";"-";"62";"-";"283";"-";"-";"80";"-";"-";"811";"-";"-";"-";"164"
"730012";"730012";"67";"8";"3";"2493";"1744";"20";"5";"1719";"603";"52";"284";"61";"92";"15";"-";"-";"19";"-";"-";"-";"-";"-";"82";"-";"39";"-";"333";"-";"-";"18";"-";"-";"-";"68";"-";"-";"-";"53";"-";"2493";"1744";"20";"5";"1719";"603";"52";"284";"61";"92";"15";"-";"-";"19";"-";"-";"-";"-";"-";"82";"-";"39";"-";"333";"-";"-";"18";"-";"-";"68";"-";"-";"-";"53"
"730013";"730013";"67";"8";"3";"3278";"2516";"25";"1";"2490";"722";"79";"530";"62";"99";"33";"-";"-";"14";"-";"-";"-";"-";"-";"66";"-";"28";"-";"689";"-";"-";"31";"-";"-";"-";"81";"-";"-";"-";"56";"-";"3278";"2516";"25";"1";"2490";"722";"79";"530";"62";"99";"33";"-";"-";"14";"-";"-";"-";"-";"-";"66";"-";"28";"-";"689";"-";"-";"31";"-";"-";"81";"-";"-";"-";"56"
"730014";"730014";"67";"8";"3";"2028";"1446";"26";"1";"1419";"566";"27";"116";"57";"42";"5";"-";"-";"4";"-";"-";"-";"-";"-";"110";"-";"22";"-";"317";"-";"-";"20";"-";"-";"-";"79";"-";"-";"-";"54";"-";"2028";"1446";"26";"1";"1419";"566";"27";"116";"57";"42";"5";"-";"-";"4";"-";"-";"-";"-";"-";"110";"-";"22";"-";"317";"-";"-";"20";"-";"-";"79";"-";"-";"-";"54"
"730015";"730015";"67";"8";"3";"686";"435";"5";"1";"429";"127";"8";"31";"28";"20";"3";"-";"-";"3";"-";"-";"-";"-";"-";"81";"-";"6";"-";"87";"-";"-";"6";"-";"-";"-";"15";"-";"-";"-";"14";"-";"686";"435";"5";"1";"429";"127";"8";"31";"28";"20";"3";"-";"-";"3";"-";"-";"-";"-";"-";"81";"-";"6";"-";"87";"-";"-";"6";"-";"-";"15";"-";"-";"-";"14"
"730016";"730016";"68";"8";"3";"953";"665";"7";"2";"656";"181";"10";"45";"38";"21";"5";"-";"-";"1";"-";"-";"-";"-";"-";"113";"-";"14";"-";"189";"-";"-";"9";"-";"-";"-";"13";"-";"-";"-";"17";"-";"953";"665";"7";"2";"656";"181";"10";"45";"38";"21";"5";"-";"-";"1";"-";"-";"-";"-";"-";"113";"-";"14";"-";"189";"-";"-";"9";"-";"-";"13";"-";"-";"-";"17"
"730017";"730017";"68";"8";"3";"1044";"726";"9";"3";"714";"261";"6";"27";"47";"96";"2";"-";"-";"6";"-";"-";"-";"-";"-";"68";"-";"4";"-";"165";"-";"-";"7";"-";"-";"-";"7";"-";"-";"-";"18";"-";"1044";"726";"9";"3";"714";"261";"6";"27";"47";"96";"2";"-";"-";"6";"-";"-";"-";"-";"-";"68";"-";"4";"-";"165";"-";"-";"7";"-";"-";"7";"-";"-";"-";"18"
"730021";"730021";"68";"8";"3";"1908";"1366";"18";"5";"1343";"443";"27";"124";"57";"68";"13";"-";"-";"12";"-";"-";"-";"-";"-";"102";"-";"20";"-";"374";"-";"-";"28";"-";"-";"-";"38";"-";"-";"-";"37";"-";"1908";"1366";"18";"5";"1343";"443";"27";"124";"57";"68";"13";"-";"-";"12";"-";"-";"-";"-";"-";"102";"-";"20";"-";"374";"-";"-";"28";"-";"-";"38";"-";"-";"-";"37"
"730024";"730024";"68";"8";"3";"4767";"2713";"42";"18";"2653";"858";"95";"309";"84";"187";"22";"-";"-";"18";"-";"-";"-";"-";"-";"127";"-";"111";"-";"307";"-";"-";"140";"-";"-";"-";"215";"-";"-";"-";"180";"-";"4767";"2713";"42";"18";"2653";"858";"95";"309";"84";"187";"22";"-";"-";"18";"-";"-";"-";"-";"-";"127";"-";"111";"-";"307";"-";"-";"140";"-";"-";"215";"-";"-";"-";"180"
"730025";"730025";"68";"8";"3";"3218";"1769";"35";"10";"1724";"572";"76";"222";"60";"122";"40";"-";"-";"11";"-";"-";"-";"-";"-";"73";"-";"76";"-";"238";"-";"-";"90";"-";"-";"-";"71";"-";"-";"-";"73";"-";"3218";"1769";"35";"10";"1724";"572";"76";"222";"60";"122";"40";"-";"-";"11";"-";"-";"-";"-";"-";"73";"-";"76";"-";"238";"-";"-";"90";"-";"-";"71";"-";"-";"-";"73"
"730026";"730026";"67";"8";"3";"4672";"2599";"38";"12";"2549";"1040";"85";"227";"104";"147";"15";"-";"-";"25";"-";"-";"-";"-";"-";"172";"-";"121";"-";"269";"-";"-";"89";"-";"-";"-";"126";"-";"-";"-";"129";"-";"4672";"2599";"38";"12";"2549";"1040";"85";"227";"104";"147";"15";"-";"-";"25";"-";"-";"-";"-";"-";"172";"-";"121";"-";"269";"-";"-";"89";"-";"-";"126";"-";"-";"-";"129"
"730027";"730027";"67";"8";"3";"4618";"2312";"34";"13";"2265";"859";"107";"137";"87";"140";"14";"-";"-";"25";"-";"-";"-";"-";"-";"147";"-";"194";"-";"171";"-";"-";"112";"-";"-";"-";"126";"-";"-";"-";"146";"-";"4618";"2312";"34";"13";"2265";"859";"107";"137";"87";"140";"14";"-";"-";"25";"-";"-";"-";"-";"-";"147";"-";"194";"-";"171";"-";"-";"112";"-";"-";"126";"-";"-";"-";"146"
"730028";"730028";"68";"8";"3";"4334";"2253";"43";"16";"2194";"605";"101";"277";"87";"163";"40";"-";"-";"20";"-";"-";"-";"-";"-";"99";"-";"90";"-";"360";"-";"-";"120";"-";"-";"-";"95";"-";"-";"-";"137";"-";"4334";"2253";"43";"16";"2194";"605";"101";"277";"87";"163";"40";"-";"-";"20";"-";"-";"-";"-";"-";"99";"-";"90";"-";"360";"-";"-";"120";"-";"-";"95";"-";"-";"-";"137"
"730029";"730029";"67";"8";"3";"5573";"3403";"46";"19";"3338";"1260";"113";"446";"85";"223";"33";"-";"-";"21";"-";"-";"-";"-";"-";"162";"-";"97";"-";"480";"-";"-";"145";"-";"-";"-";"130";"-";"-";"-";"143";"-";"5573";"3403";"46";"19";"3338";"1260";"113";"446";"85";"223";"33";"-";"-";"21";"-";"-";"-";"-";"-";"162";"-";"97";"-";"480";"-";"-";"145";"-";"-";"130";"-";"-";"-";"143"
"730030";"730030";"67";"8";"3";"3185";"1803";"23";"9";"1771";"606";"54";"128";"54";"124";"7";"-";"-";"9";"-";"-";"-";"-";"-";"91";"-";"80";"-";"132";"-";"-";"79";"-";"-";"-";"275";"-";"-";"-";"132";"-";"3185";"1803";"23";"9";"1771";"606";"54";"128";"54";"124";"7";"-";"-";"9";"-";"-";"-";"-";"-";"91";"-";"80";"-";"132";"-";"-";"79";"-";"-";"275";"-";"-";"-";"132"
"730031";"730031";"68";"8";"3";"6515";"4312";"65";"12";"4235";"1566";"173";"551";"155";"236";"43";"-";"-";"42";"-";"-";"-";"-";"-";"218";"-";"90";"-";"716";"-";"-";"110";"-";"-";"-";"211";"-";"-";"-";"124";"-";"6515";"4312";"65";"12";"4235";"1566";"173";"551";"155";"236";"43";"-";"-";"42";"-";"-";"-";"-";"-";"218";"-";"90";"-";"716";"-";"-";"110";"-";"-";"211";"-";"-";"-";"124"
"730032";"730032";"68";"8";"3";"3401";"2261";"27";"8";"2226";"678";"47";"252";"80";"116";"26";"-";"-";"58";"-";"-";"-";"-";"-";"87";"-";"54";"-";"300";"-";"-";"58";"-";"-";"-";"383";"-";"-";"-";"87";"-";"3401";"2261";"27";"8";"2226";"678";"47";"252";"80";"116";"26";"-";"-";"58";"-";"-";"-";"-";"-";"87";"-";"54";"-";"300";"-";"-";"58";"-";"-";"383";"-";"-";"-";"87"
"730033";"730033";"68";"8";"3";"1883";"1211";"18";"2";"1191";"324";"39";"155";"50";"41";"14";"-";"-";"24";"-";"-";"-";"-";"-";"69";"-";"33";"-";"261";"-";"-";"29";"-";"-";"-";"134";"-";"-";"-";"18";"-";"1883";"1211";"18";"2";"1191";"324";"39";"155";"50";"41";"14";"-";"-";"24";"-";"-";"-";"-";"-";"69";"-";"33";"-";"261";"-";"-";"29";"-";"-";"134";"-";"-";"-";"18"
"730034";"730034";"68";"8";"3";"2842";"2113";"23";"1";"2089";"666";"59";"333";"75";"85";"32";"-";"-";"28";"-";"-";"-";"-";"-";"90";"-";"31";"-";"419";"-";"-";"23";"-";"-";"-";"200";"-";"-";"-";"48";"-";"2842";"2113";"23";"1";"2089";"666";"59";"333";"75";"85";"32";"-";"-";"28";"-";"-";"-";"-";"-";"90";"-";"31";"-";"419";"-";"-";"23";"-";"-";"200";"-";"-";"-";"48"
"730036";"730036";"68";"8";"3";"3441";"2494";"24";"6";"2464";"765";"55";"280";"94";"83";"24";"-";"-";"35";"-";"-";"-";"-";"-";"79";"-";"26";"-";"793";"-";"-";"37";"-";"-";"-";"137";"-";"-";"-";"56";"-";"3441";"2494";"24";"6";"2464";"765";"55";"280";"94";"83";"24";"-";"-";"35";"-";"-";"-";"-";"-";"79";"-";"26";"-";"793";"-";"-";"37";"-";"-";"137";"-";"-";"-";"56"
"730037";"730037";"68";"8";"3";"781";"543";"3";"2";"538";"220";"22";"48";"19";"21";"3";"-";"-";"5";"-";"-";"-";"-";"-";"20";"-";"8";"-";"76";"-";"-";"19";"-";"-";"-";"65";"-";"-";"-";"12";"-";"781";"543";"3";"2";"538";"220";"22";"48";"19";"21";"3";"-";"-";"5";"-";"-";"-";"-";"-";"20";"-";"8";"-";"76";"-";"-";"19";"-";"-";"65";"-";"-";"-";"12"
"740001";"740001";"77";"9";"3";"2675";"1947";"25";"10";"1912";"594";"22";"160";"87";"83";"14";"-";"-";"74";"-";"-";"-";"-";"-";"56";"-";"-";"-";"737";"-";"0";"78";"3";"-";"-";"-";"-";"-";"-";"4";"-";"2675";"1947";"25";"10";"1912";"594";"22";"160";"87";"83";"14";"-";"-";"74";"-";"-";"-";"-";"-";"56";"-";"-";"-";"737";"-";"0";"78";"3";"-";"-";"-";"-";"-";"4"
"740002";"740002";"77";"9";"3";"2567";"1886";"20";"7";"1859";"533";"75";"337";"99";"104";"34";"-";"-";"34";"-";"-";"-";"-";"-";"43";"-";"-";"-";"431";"-";"0";"153";"7";"-";"-";"-";"-";"-";"-";"9";"-";"2567";"1886";"20";"7";"1859";"533";"75";"337";"99";"104";"34";"-";"-";"34";"-";"-";"-";"-";"-";"43";"-";"-";"-";"431";"-";"0";"153";"7";"-";"-";"-";"-";"-";"9"
"740003";"740003";"77";"9";"3";"1732";"1019";"15";"4";"1000";"257";"17";"69";"63";"48";"9";"-";"-";"36";"-";"-";"-";"-";"-";"79";"-";"-";"-";"382";"-";"0";"32";"8";"-";"-";"-";"-";"-";"-";"0";"-";"1732";"1019";"15";"4";"1000";"257";"17";"69";"63";"48";"9";"-";"-";"36";"-";"-";"-";"-";"-";"79";"-";"-";"-";"382";"-";"0";"32";"8";"-";"-";"-";"-";"-";"0"
"740004";"740004";"77";"9";"3";"1580";"1184";"12";"11";"1161";"245";"29";"100";"34";"67";"11";"-";"-";"215";"-";"-";"-";"-";"-";"22";"-";"-";"-";"348";"-";"0";"84";"4";"-";"-";"-";"-";"-";"-";"2";"-";"1580";"1184";"12";"11";"1161";"245";"29";"100";"34";"67";"11";"-";"-";"215";"-";"-";"-";"-";"-";"22";"-";"-";"-";"348";"-";"0";"84";"4";"-";"-";"-";"-";"-";"2"
"740005";"740005";"77";"9";"3";"1045";"778";"6";"1";"771";"250";"8";"48";"47";"48";"9";"-";"-";"23";"-";"-";"-";"-";"-";"16";"-";"-";"-";"290";"-";"0";"28";"2";"-";"-";"-";"-";"-";"-";"2";"-";"1045";"778";"6";"1";"771";"250";"8";"48";"47";"48";"9";"-";"-";"23";"-";"-";"-";"-";"-";"16";"-";"-";"-";"290";"-";"0";"28";"2";"-";"-";"-";"-";"-";"2"
"740006";"740006";"77";"9";"3";"5820";"4244";"43";"20";"4181";"1284";"210";"641";"173";"270";"66";"-";"-";"103";"-";"-";"-";"-";"-";"85";"-";"-";"-";"949";"-";"3";"320";"68";"-";"-";"-";"-";"-";"-";"9";"-";"5820";"4244";"43";"20";"4181";"1284";"210";"641";"173";"270";"66";"-";"-";"103";"-";"-";"-";"-";"-";"85";"-";"-";"-";"949";"-";"3";"320";"68";"-";"-";"-";"-";"-";"9"
"740007";"740007";"77";"9";"3";"4562";"3221";"31";"17";"3173";"801";"57";"212";"106";"239";"18";"-";"-";"50";"-";"-";"-";"-";"-";"85";"-";"-";"-";"1495";"-";"0";"104";"3";"-";"-";"-";"-";"-";"-";"3";"-";"4562";"3221";"31";"17";"3173";"801";"57";"212";"106";"239";"18";"-";"-";"50";"-";"-";"-";"-";"-";"85";"-";"-";"-";"1495";"-";"0";"104";"3";"-";"-";"-";"-";"-";"3"
"740008";"740008";"77";"9";"3";"991";"775";"2";"3";"770";"258";"11";"184";"39";"24";"3";"-";"-";"18";"-";"-";"-";"-";"-";"22";"-";"-";"-";"166";"-";"0";"43";"1";"-";"-";"-";"-";"-";"-";"1";"-";"991";"775";"2";"3";"770";"258";"11";"184";"39";"24";"3";"-";"-";"18";"-";"-";"-";"-";"-";"22";"-";"-";"-";"166";"-";"0";"43";"1";"-";"-";"-";"-";"-";"1"
"740009";"740009";"77";"9";"3";"1028";"799";"12";"2";"785";"248";"38";"53";"46";"72";"14";"-";"-";"14";"-";"-";"-";"-";"-";"35";"-";"-";"-";"218";"-";"0";"41";"1";"-";"-";"-";"-";"-";"-";"5";"-";"1028";"799";"12";"2";"785";"248";"38";"53";"46";"72";"14";"-";"-";"14";"-";"-";"-";"-";"-";"35";"-";"-";"-";"218";"-";"0";"41";"1";"-";"-";"-";"-";"-";"5"
"740010";"740010";"77";"9";"3";"1247";"924";"10";"1";"913";"225";"39";"130";"64";"64";"17";"-";"-";"17";"-";"-";"-";"-";"-";"31";"-";"-";"-";"191";"-";"0";"124";"9";"-";"-";"-";"-";"-";"-";"2";"-";"1247";"924";"10";"1";"913";"225";"39";"130";"64";"64";"17";"-";"-";"17";"-";"-";"-";"-";"-";"31";"-";"-";"-";"191";"-";"0";"124";"9";"-";"-";"-";"-";"-";"2"
"740011";"740011";"77";"9";"3";"1563";"1231";"12";"4";"1215";"437";"41";"178";"45";"37";"27";"-";"-";"21";"-";"-";"-";"-";"-";"19";"-";"-";"-";"262";"-";"1";"144";"3";"-";"-";"-";"-";"-";"-";"0";"-";"1563";"1231";"12";"4";"1215";"437";"41";"178";"45";"37";"27";"-";"-";"21";"-";"-";"-";"-";"-";"19";"-";"-";"-";"262";"-";"1";"144";"3";"-";"-";"-";"-";"-";"0"
"740012";"740012";"77";"9";"3";"780";"575";"9";"3";"563";"155";"36";"68";"29";"58";"12";"-";"-";"13";"-";"-";"-";"-";"-";"11";"-";"-";"-";"153";"-";"1";"24";"1";"-";"-";"-";"-";"-";"-";"2";"-";"780";"575";"9";"3";"563";"155";"36";"68";"29";"58";"12";"-";"-";"13";"-";"-";"-";"-";"-";"11";"-";"-";"-";"153";"-";"1";"24";"1";"-";"-";"-";"-";"-";"2"
"740013";"740013";"77";"9";"3";"3374";"2859";"24";"9";"2826";"634";"75";"653";"70";"131";"16";"-";"-";"10";"-";"-";"-";"-";"-";"30";"-";"-";"-";"956";"-";"0";"239";"6";"-";"-";"-";"-";"-";"-";"6";"-";"3374";"2859";"24";"9";"2826";"634";"75";"653";"70";"131";"16";"-";"-";"10";"-";"-";"-";"-";"-";"30";"-";"-";"-";"956";"-";"0";"239";"6";"-";"-";"-";"-";"-";"6"
"740014";"740014";"77";"9";"3";"826";"553";"9";"5";"539";"140";"7";"25";"29";"43";"1";"-";"-";"8";"-";"-";"-";"-";"-";"96";"-";"-";"-";"173";"-";"0";"12";"2";"-";"-";"-";"-";"-";"-";"3";"-";"826";"553";"9";"5";"539";"140";"7";"25";"29";"43";"1";"-";"-";"8";"-";"-";"-";"-";"-";"96";"-";"-";"-";"173";"-";"0";"12";"2";"-";"-";"-";"-";"-";"3"
"740015";"740015";"77";"9";"3";"1295";"1000";"13";"0";"987";"348";"17";"301";"35";"39";"10";"-";"-";"26";"-";"-";"-";"-";"-";"12";"-";"-";"-";"117";"-";"0";"81";"1";"-";"-";"-";"-";"-";"-";"0";"-";"1295";"1000";"13";"0";"987";"348";"17";"301";"35";"39";"10";"-";"-";"26";"-";"-";"-";"-";"-";"12";"-";"-";"-";"117";"-";"0";"81";"1";"-";"-";"-";"-";"-";"0"
"740016";"740016";"77";"9";"3";"2246";"1516";"21";"7";"1488";"298";"21";"80";"87";"181";"10";"-";"-";"24";"-";"-";"-";"-";"-";"40";"-";"-";"-";"704";"-";"0";"32";"9";"-";"-";"-";"-";"-";"-";"2";"-";"2246";"1516";"21";"7";"1488";"298";"21";"80";"87";"181";"10";"-";"-";"24";"-";"-";"-";"-";"-";"40";"-";"-";"-";"704";"-";"0";"32";"9";"-";"-";"-";"-";"-";"2"
"740017";"740017";"77";"9";"3";"1044";"737";"8";"6";"723";"180";"12";"46";"42";"41";"10";"-";"-";"25";"-";"-";"-";"-";"-";"24";"-";"-";"-";"316";"-";"0";"25";"0";"-";"-";"-";"-";"-";"-";"2";"-";"1044";"737";"8";"6";"723";"180";"12";"46";"42";"41";"10";"-";"-";"25";"-";"-";"-";"-";"-";"24";"-";"-";"-";"316";"-";"0";"25";"0";"-";"-";"-";"-";"-";"2"
"740018";"740018";"77";"9";"3";"1425";"1199";"10";"3";"1186";"483";"13";"136";"36";"37";"11";"-";"-";"111";"-";"-";"-";"-";"-";"18";"-";"-";"-";"296";"-";"0";"42";"3";"-";"-";"-";"-";"-";"-";"0";"-";"1425";"1199";"10";"3";"1186";"483";"13";"136";"36";"37";"11";"-";"-";"111";"-";"-";"-";"-";"-";"18";"-";"-";"-";"296";"-";"0";"42";"3";"-";"-";"-";"-";"-";"0"
"740021";"740021";"78";"9";"3";"3966";"3041";"29";"11";"3001";"948";"128";"456";"105";"219";"53";"-";"-";"37";"-";"-";"-";"-";"-";"62";"-";"-";"-";"718";"-";"66";"195";"6";"-";"-";"-";"-";"-";"-";"8";"-";"3966";"3041";"29";"11";"3001";"948";"128";"456";"105";"219";"53";"-";"-";"37";"-";"-";"-";"-";"-";"62";"-";"-";"-";"718";"-";"66";"195";"6";"-";"-";"-";"-";"-";"8"
"740022";"740022";"78";"9";"3";"1671";"1193";"14";"3";"1176";"160";"40";"90";"58";"217";"19";"-";"-";"15";"-";"-";"-";"-";"-";"30";"-";"-";"-";"185";"-";"0";"360";"2";"-";"-";"-";"-";"-";"-";"0";"-";"1671";"1193";"14";"3";"1176";"160";"40";"90";"58";"217";"19";"-";"-";"15";"-";"-";"-";"-";"-";"30";"-";"-";"-";"185";"-";"0";"360";"2";"-";"-";"-";"-";"-";"0"
"740023";"740023";"78";"9";"3";"3923";"3168";"24";"10";"3134";"896";"191";"686";"109";"145";"40";"-";"-";"27";"-";"-";"-";"-";"-";"30";"-";"-";"-";"833";"-";"4";"156";"11";"-";"-";"-";"-";"-";"-";"6";"-";"3923";"3168";"24";"10";"3134";"896";"191";"686";"109";"145";"40";"-";"-";"27";"-";"-";"-";"-";"-";"30";"-";"-";"-";"833";"-";"4";"156";"11";"-";"-";"-";"-";"-";"6"
"740024";"740024";"78";"9";"3";"890";"732";"7";"1";"724";"138";"25";"78";"34";"42";"14";"-";"-";"9";"-";"-";"-";"-";"-";"17";"-";"-";"-";"295";"-";"1";"66";"3";"-";"-";"-";"-";"-";"-";"2";"-";"890";"732";"7";"1";"724";"138";"25";"78";"34";"42";"14";"-";"-";"9";"-";"-";"-";"-";"-";"17";"-";"-";"-";"295";"-";"1";"66";"3";"-";"-";"-";"-";"-";"2"
"740025";"740025";"78";"9";"3";"410";"262";"7";"1";"254";"53";"12";"27";"14";"23";"1";"-";"-";"3";"-";"-";"-";"-";"-";"7";"-";"-";"-";"38";"-";"0";"72";"4";"-";"-";"-";"-";"-";"-";"0";"-";"410";"262";"7";"1";"254";"53";"12";"27";"14";"23";"1";"-";"-";"3";"-";"-";"-";"-";"-";"7";"-";"-";"-";"38";"-";"0";"72";"4";"-";"-";"-";"-";"-";"0"
"740026";"740026";"78";"9";"3";"2371";"1690";"19";"15";"1656";"583";"85";"205";"55";"130";"15";"-";"-";"13";"-";"-";"-";"-";"-";"32";"-";"-";"-";"385";"-";"2";"119";"20";"-";"-";"-";"-";"-";"-";"12";"-";"2371";"1690";"19";"15";"1656";"583";"85";"205";"55";"130";"15";"-";"-";"13";"-";"-";"-";"-";"-";"32";"-";"-";"-";"385";"-";"2";"119";"20";"-";"-";"-";"-";"-";"12"
"740027";"740027";"78";"9";"3";"2815";"2137";"24";"5";"2108";"626";"129";"400";"64";"153";"37";"-";"-";"18";"-";"-";"-";"-";"-";"33";"-";"-";"-";"469";"-";"3";"163";"9";"-";"-";"-";"-";"-";"-";"4";"-";"2815";"2137";"24";"5";"2108";"626";"129";"400";"64";"153";"37";"-";"-";"18";"-";"-";"-";"-";"-";"33";"-";"-";"-";"469";"-";"3";"163";"9";"-";"-";"-";"-";"-";"4"
"740028";"740028";"78";"9";"3";"3600";"2535";"24";"14";"2497";"870";"121";"322";"97";"177";"19";"-";"-";"26";"-";"-";"-";"-";"-";"44";"-";"-";"-";"501";"-";"15";"221";"32";"-";"-";"-";"-";"-";"-";"52";"-";"3600";"2535";"24";"14";"2497";"870";"121";"322";"97";"177";"19";"-";"-";"26";"-";"-";"-";"-";"-";"44";"-";"-";"-";"501";"-";"15";"221";"32";"-";"-";"-";"-";"-";"52"
"740029";"740029";"78";"9";"3";"5912";"3845";"31";"30";"3784";"1286";"168";"563";"138";"246";"42";"-";"-";"54";"-";"-";"-";"-";"-";"100";"-";"-";"-";"689";"-";"5";"304";"151";"-";"-";"-";"-";"-";"-";"38";"-";"5912";"3845";"31";"30";"3784";"1286";"168";"563";"138";"246";"42";"-";"-";"54";"-";"-";"-";"-";"-";"100";"-";"-";"-";"689";"-";"5";"304";"151";"-";"-";"-";"-";"-";"38"
"740030";"740030";"78";"9";"3";"2881";"2130";"24";"9";"2097";"454";"409";"172";"145";"118";"32";"-";"-";"14";"-";"-";"-";"-";"-";"56";"-";"-";"-";"528";"-";"1";"158";"7";"-";"-";"-";"-";"-";"-";"3";"-";"2881";"2130";"24";"9";"2097";"454";"409";"172";"145";"118";"32";"-";"-";"14";"-";"-";"-";"-";"-";"56";"-";"-";"-";"528";"-";"1";"158";"7";"-";"-";"-";"-";"-";"3"
"740031";"740031";"78";"9";"3";"8284";"5775";"73";"36";"5666";"1621";"331";"926";"207";"444";"98";"-";"-";"42";"-";"-";"-";"-";"-";"92";"-";"-";"-";"1251";"-";"2";"606";"29";"-";"-";"-";"-";"-";"-";"17";"-";"8284";"5775";"73";"36";"5666";"1621";"331";"926";"207";"444";"98";"-";"-";"42";"-";"-";"-";"-";"-";"92";"-";"-";"-";"1251";"-";"2";"606";"29";"-";"-";"-";"-";"-";"17"
"740032";"740032";"78";"9";"3";"2721";"2227";"16";"10";"2201";"518";"525";"325";"68";"111";"30";"-";"-";"8";"-";"-";"-";"-";"-";"26";"-";"-";"-";"433";"-";"5";"148";"3";"-";"-";"-";"-";"-";"-";"1";"-";"2721";"2227";"16";"10";"2201";"518";"525";"325";"68";"111";"30";"-";"-";"8";"-";"-";"-";"-";"-";"26";"-";"-";"-";"433";"-";"5";"148";"3";"-";"-";"-";"-";"-";"1"
"741001";"741001";"70";"8";"3";"2798";"2279";"14";"7";"2258";"700";"-";"542";"-";"293";"-";"-";"-";"-";"-";"-";"-";"-";"-";"24";"-";"-";"-";"588";"-";"-";"111";"-";"-";"-";"-";"-";"-";"-";"-";"-";"2798";"2279";"14";"7";"2258";"700";"-";"542";"-";"293";"-";"-";"-";"-";"-";"-";"-";"-";"-";"24";"-";"-";"-";"588";"-";"-";"111";"-";"-";"-";"-";"-";"-";"-"
"741002";"741002";"70";"8";"3";"389";"315";"3";"2";"310";"129";"-";"53";"-";"42";"-";"-";"-";"-";"-";"-";"-";"-";"-";"3";"-";"-";"-";"66";"-";"-";"17";"-";"-";"-";"-";"-";"-";"-";"-";"-";"389";"315";"3";"2";"310";"129";"-";"53";"-";"42";"-";"-";"-";"-";"-";"-";"-";"-";"-";"3";"-";"-";"-";"66";"-";"-";"17";"-";"-";"-";"-";"-";"-";"-"
"746001";"746001";"70";"8";"3";"1808";"1319";"17";"2";"1300";"233";"40";"120";"55";"105";"17";"-";"-";"-";"-";"1";"-";"-";"-";"51";"-";"-";"-";"583";"-";"-";"67";"28";"-";"-";"-";"-";"-";"-";"-";"-";"1808";"1319";"17";"2";"1300";"233";"40";"120";"55";"105";"17";"-";"-";"-";"-";"1";"-";"-";"-";"51";"-";"-";"-";"583";"-";"-";"67";"28";"-";"-";"-";"-";"-";"-"
"746002";"746002";"70";"8";"3";"4841";"3606";"35";"15";"3556";"1187";"370";"460";"128";"173";"161";"-";"-";"-";"-";"3";"-";"-";"-";"132";"-";"-";"-";"815";"-";"-";"88";"39";"-";"-";"-";"-";"-";"-";"-";"-";"4841";"3606";"35";"15";"3556";"1187";"370";"460";"128";"173";"161";"-";"-";"-";"-";"3";"-";"-";"-";"132";"-";"-";"-";"815";"-";"-";"88";"39";"-";"-";"-";"-";"-";"-"
"746003";"746003";"70";"8";"3";"1471";"1220";"16";"4";"1200";"429";"61";"96";"28";"230";"22";"-";"-";"-";"-";"7";"-";"-";"-";"16";"-";"-";"-";"173";"-";"-";"82";"56";"-";"-";"-";"-";"-";"-";"-";"-";"1471";"1220";"16";"4";"1200";"429";"61";"96";"28";"230";"22";"-";"-";"-";"-";"7";"-";"-";"-";"16";"-";"-";"-";"173";"-";"-";"82";"56";"-";"-";"-";"-";"-";"-"
"746004";"746004";"70";"8";"3";"6727";"4853";"71";"15";"4767";"1536";"173";"1010";"216";"341";"69";"-";"-";"-";"-";"28";"-";"-";"-";"207";"-";"-";"-";"958";"-";"-";"174";"55";"-";"-";"-";"-";"-";"-";"-";"-";"6727";"4853";"71";"15";"4767";"1536";"173";"1010";"216";"341";"69";"-";"-";"-";"-";"28";"-";"-";"-";"207";"-";"-";"-";"958";"-";"-";"174";"55";"-";"-";"-";"-";"-";"-"
"746005";"746005";"70";"8";"3";"2726";"2022";"19";"9";"1994";"324";"74";"216";"86";"158";"28";"-";"-";"-";"-";"2";"-";"-";"-";"153";"-";"-";"-";"829";"-";"-";"94";"30";"-";"-";"-";"-";"-";"-";"-";"-";"2726";"2022";"19";"9";"1994";"324";"74";"216";"86";"158";"28";"-";"-";"-";"-";"2";"-";"-";"-";"153";"-";"-";"-";"829";"-";"-";"94";"30";"-";"-";"-";"-";"-";"-"
"746006";"746006";"70";"8";"3";"8068";"5498";"70";"19";"5409";"1765";"469";"596";"172";"493";"97";"-";"-";"-";"-";"22";"-";"-";"-";"224";"-";"-";"-";"1127";"-";"-";"293";"151";"-";"-";"-";"-";"-";"-";"-";"-";"8068";"5498";"70";"19";"5409";"1765";"469";"596";"172";"493";"97";"-";"-";"-";"-";"22";"-";"-";"-";"224";"-";"-";"-";"1127";"-";"-";"293";"151";"-";"-";"-";"-";"-";"-"
"746007";"746007";"70";"8";"3";"5372";"4005";"59";"14";"3932";"1101";"529";"544";"114";"256";"85";"-";"-";"-";"-";"10";"-";"-";"-";"120";"-";"-";"-";"925";"-";"-";"149";"99";"-";"-";"-";"-";"-";"-";"-";"-";"5372";"4005";"59";"14";"3932";"1101";"529";"544";"114";"256";"85";"-";"-";"-";"-";"10";"-";"-";"-";"120";"-";"-";"-";"925";"-";"-";"149";"99";"-";"-";"-";"-";"-";"-"
"746008";"746008";"70";"8";"3";"5907";"4809";"33";"12";"4764";"1305";"321";"563";"123";"682";"55";"-";"-";"-";"-";"14";"-";"-";"-";"79";"-";"-";"-";"1125";"-";"-";"296";"201";"-";"-";"-";"-";"-";"-";"-";"-";"5907";"4809";"33";"12";"4764";"1305";"321";"563";"123";"682";"55";"-";"-";"-";"-";"14";"-";"-";"-";"79";"-";"-";"-";"1125";"-";"-";"296";"201";"-";"-";"-";"-";"-";"-"
"746009";"746009";"70";"8";"3";"3750";"2757";"28";"7";"2722";"970";"166";"338";"123";"230";"80";"-";"-";"-";"-";"4";"-";"-";"-";"128";"-";"-";"-";"568";"-";"-";"73";"42";"-";"-";"-";"-";"-";"-";"-";"-";"3750";"2757";"28";"7";"2722";"970";"166";"338";"123";"230";"80";"-";"-";"-";"-";"4";"-";"-";"-";"128";"-";"-";"-";"568";"-";"-";"73";"42";"-";"-";"-";"-";"-";"-"
"746010";"746010";"70";"8";"3";"3597";"2833";"27";"5";"2801";"1159";"146";"303";"98";"169";"50";"-";"-";"-";"-";"0";"-";"-";"-";"103";"-";"-";"-";"639";"-";"-";"74";"60";"-";"-";"-";"-";"-";"-";"-";"-";"3597";"2833";"27";"5";"2801";"1159";"146";"303";"98";"169";"50";"-";"-";"-";"-";"0";"-";"-";"-";"103";"-";"-";"-";"639";"-";"-";"74";"60";"-";"-";"-";"-";"-";"-"
"746011";"746011";"70";"8";"3";"1685";"1304";"10";"3";"1291";"218";"245";"101";"36";"100";"16";"-";"-";"-";"-";"0";"-";"-";"-";"254";"-";"-";"-";"225";"-";"-";"74";"22";"-";"-";"-";"-";"-";"-";"-";"-";"1685";"1304";"10";"3";"1291";"218";"245";"101";"36";"100";"16";"-";"-";"-";"-";"0";"-";"-";"-";"254";"-";"-";"-";"225";"-";"-";"74";"22";"-";"-";"-";"-";"-";"-"
"746012";"746012";"70";"8";"3";"1805";"1278";"15";"2";"1261";"285";"48";"111";"120";"87";"33";"-";"-";"-";"-";"1";"-";"-";"-";"53";"-";"-";"-";"451";"-";"-";"47";"25";"-";"-";"-";"-";"-";"-";"-";"-";"1805";"1278";"15";"2";"1261";"285";"48";"111";"120";"87";"33";"-";"-";"-";"-";"1";"-";"-";"-";"53";"-";"-";"-";"451";"-";"-";"47";"25";"-";"-";"-";"-";"-";"-"
"751001";"751001";"62";"8";"3";"14524";"10941";"181";"25";"10735";"2745";"1155";"1743";"220";"1463";"203";"35";"46";"61";"-";"49";"-";"-";"18";"161";"-";"-";"14";"1252";"-";"-";"1326";"227";"-";"-";"3";"-";"-";"9";"5";"-";"14524";"10941";"181";"25";"10735";"2745";"1155";"1743";"220";"1463";"203";"35";"46";"61";"-";"49";"-";"-";"18";"161";"-";"-";"14";"1252";"-";"-";"1326";"227";"-";"3";"-";"-";"9";"5"
"751002";"751002";"62";"8";"3";"6731";"4570";"99";"21";"4450";"1342";"515";"546";"113";"583";"90";"10";"30";"37";"-";"19";"-";"-";"10";"106";"-";"-";"5";"420";"-";"-";"542";"70";"-";"-";"2";"-";"-";"7";"3";"-";"6731";"4570";"99";"21";"4450";"1342";"515";"546";"113";"583";"90";"10";"30";"37";"-";"19";"-";"-";"10";"106";"-";"-";"5";"420";"-";"-";"542";"70";"-";"2";"-";"-";"7";"3"
"751003";"751003";"62";"8";"3";"6809";"4711";"77";"35";"4599";"1498";"289";"771";"194";"554";"45";"11";"22";"21";"-";"25";"-";"-";"12";"136";"-";"-";"6";"563";"-";"-";"401";"40";"-";"-";"2";"-";"-";"8";"1";"-";"6809";"4711";"77";"35";"4599";"1498";"289";"771";"194";"554";"45";"11";"22";"21";"-";"25";"-";"-";"12";"136";"-";"-";"6";"563";"-";"-";"401";"40";"-";"2";"-";"-";"8";"1"
"751004";"751004";"62";"8";"3";"4421";"3245";"35";"27";"3183";"884";"289";"535";"90";"398";"45";"10";"13";"22";"-";"18";"-";"-";"8";"83";"-";"-";"1";"432";"-";"-";"297";"41";"-";"-";"1";"-";"-";"16";"0";"-";"4421";"3245";"35";"27";"3183";"884";"289";"535";"90";"398";"45";"10";"13";"22";"-";"18";"-";"-";"8";"83";"-";"-";"1";"432";"-";"-";"297";"41";"-";"1";"-";"-";"16";"0"
"751006";"751006";"62";"8";"3";"7727";"5488";"83";"44";"5361";"2059";"257";"729";"260";"610";"78";"8";"22";"31";"-";"30";"-";"-";"5";"314";"-";"-";"5";"698";"-";"-";"214";"30";"-";"-";"1";"-";"-";"8";"2";"-";"7727";"5488";"83";"44";"5361";"2059";"257";"729";"260";"610";"78";"8";"22";"31";"-";"30";"-";"-";"5";"314";"-";"-";"5";"698";"-";"-";"214";"30";"-";"1";"-";"-";"8";"2"
"751007";"751007";"63";"8";"3";"5623";"4100";"39";"20";"4041";"1217";"322";"779";"130";"523";"65";"10";"13";"22";"-";"32";"-";"-";"14";"100";"-";"-";"1";"432";"-";"-";"332";"42";"-";"-";"2";"-";"-";"4";"1";"-";"5623";"4100";"39";"20";"4041";"1217";"322";"779";"130";"523";"65";"10";"13";"22";"-";"32";"-";"-";"14";"100";"-";"-";"1";"432";"-";"-";"332";"42";"-";"2";"-";"-";"4";"1"
"751008";"751008";"63";"8";"3";"10524";"6118";"123";"30";"5965";"2112";"445";"832";"223";"663";"124";"18";"34";"41";"-";"43";"-";"-";"14";"217";"-";"-";"7";"548";"-";"-";"553";"75";"-";"-";"5";"-";"-";"8";"3";"-";"10524";"6118";"123";"30";"5965";"2112";"445";"832";"223";"663";"124";"18";"34";"41";"-";"43";"-";"-";"14";"217";"-";"-";"7";"548";"-";"-";"553";"75";"-";"5";"-";"-";"8";"3"
"751009";"751009";"62";"8";"3";"3630";"2837";"28";"9";"2800";"925";"126";"392";"81";"436";"28";"6";"5";"22";"-";"12";"-";"-";"1";"80";"-";"-";"4";"364";"-";"-";"264";"50";"-";"-";"0";"-";"-";"3";"1";"-";"3630";"2837";"28";"9";"2800";"925";"126";"392";"81";"436";"28";"6";"5";"22";"-";"12";"-";"-";"1";"80";"-";"-";"4";"364";"-";"-";"264";"50";"-";"0";"-";"-";"3";"1"
"751011";"751011";"62";"8";"3";"4400";"3262";"46";"12";"3204";"1021";"152";"463";"131";"456";"32";"7";"17";"13";"-";"13";"-";"-";"4";"117";"-";"-";"2";"457";"-";"-";"282";"30";"-";"-";"2";"-";"-";"5";"0";"-";"4400";"3262";"46";"12";"3204";"1021";"152";"463";"131";"456";"32";"7";"17";"13";"-";"13";"-";"-";"4";"117";"-";"-";"2";"457";"-";"-";"282";"30";"-";"2";"-";"-";"5";"0"
"751012";"751012";"62";"8";"3";"4174";"3366";"41";"6";"3319";"1058";"192";"541";"101";"496";"50";"7";"8";"27";"-";"9";"-";"-";"2";"66";"-";"-";"2";"468";"-";"-";"264";"22";"-";"-";"0";"-";"-";"6";"0";"-";"4174";"3366";"41";"6";"3319";"1058";"192";"541";"101";"496";"50";"7";"8";"27";"-";"9";"-";"-";"2";"66";"-";"-";"2";"468";"-";"-";"264";"22";"-";"0";"-";"-";"6";"0"
"751013";"751013";"62";"8";"3";"4234";"3023";"57";"5";"2961";"787";"137";"447";"166";"322";"45";"5";"6";"38";"-";"27";"-";"-";"1";"125";"-";"-";"3";"682";"-";"-";"151";"14";"-";"-";"1";"-";"-";"3";"1";"-";"4234";"3023";"57";"5";"2961";"787";"137";"447";"166";"322";"45";"5";"6";"38";"-";"27";"-";"-";"1";"125";"-";"-";"3";"682";"-";"-";"151";"14";"-";"1";"-";"-";"3";"1"
"751016";"751016";"63";"8";"3";"618";"451";"8";"1";"442";"108";"41";"71";"23";"60";"3";"4";"2";"4";"-";"3";"-";"-";"0";"19";"-";"-";"0";"60";"-";"-";"42";"1";"-";"-";"0";"-";"-";"1";"0";"-";"618";"451";"8";"1";"442";"108";"41";"71";"23";"60";"3";"4";"2";"4";"-";"3";"-";"-";"0";"19";"-";"-";"0";"60";"-";"-";"42";"1";"-";"0";"-";"-";"1";"0"
"751018";"751018";"63";"8";"3";"5521";"3694";"54";"8";"3632";"1254";"155";"494";"241";"538";"45";"7";"11";"19";"-";"21";"-";"-";"2";"220";"-";"-";"2";"439";"-";"-";"161";"13";"-";"-";"2";"-";"-";"8";"0";"-";"5521";"3694";"54";"8";"3632";"1254";"155";"494";"241";"538";"45";"7";"11";"19";"-";"21";"-";"-";"2";"220";"-";"-";"2";"439";"-";"-";"161";"13";"-";"2";"-";"-";"8";"0"
"751019";"751019";"63";"8";"3";"3807";"2916";"33";"3";"2880";"962";"184";"373";"116";"396";"25";"1";"12";"6";"-";"40";"-";"-";"3";"99";"-";"-";"2";"373";"-";"-";"262";"15";"-";"-";"3";"-";"-";"8";"0";"-";"3807";"2916";"33";"3";"2880";"962";"184";"373";"116";"396";"25";"1";"12";"6";"-";"40";"-";"-";"3";"99";"-";"-";"2";"373";"-";"-";"262";"15";"-";"3";"-";"-";"8";"0"
"751021";"751021";"65";"8";"3";"19486";"12818";"190";"80";"12548";"2865";"1549";"2051";"210";"1572";"417";"49";"92";"41";"-";"49";"-";"-";"21";"121";"-";"-";"19";"1636";"-";"-";"1536";"292";"-";"-";"9";"-";"-";"10";"9";"-";"19486";"12818";"190";"80";"12548";"2865";"1549";"2051";"210";"1572";"417";"49";"92";"41";"-";"49";"-";"-";"21";"121";"-";"-";"19";"1636";"-";"-";"1536";"292";"-";"9";"-";"-";"10";"9"
"751022";"751022";"64";"8";"3";"3401";"2594";"20";"8";"2566";"825";"217";"331";"73";"422";"29";"8";"13";"31";"-";"15";"-";"-";"6";"70";"-";"-";"2";"253";"-";"-";"246";"23";"-";"-";"1";"-";"-";"0";"1";"-";"3401";"2594";"20";"8";"2566";"825";"217";"331";"73";"422";"29";"8";"13";"31";"-";"15";"-";"-";"6";"70";"-";"-";"2";"253";"-";"-";"246";"23";"-";"1";"-";"-";"0";"1"
"751023";"751023";"64";"8";"3";"7516";"4767";"65";"31";"4671";"1349";"530";"546";"115";"695";"80";"24";"18";"110";"-";"34";"-";"-";"7";"131";"-";"-";"10";"449";"-";"-";"487";"68";"-";"-";"4";"-";"-";"11";"3";"-";"7516";"4767";"65";"31";"4671";"1349";"530";"546";"115";"695";"80";"24";"18";"110";"-";"34";"-";"-";"7";"131";"-";"-";"10";"449";"-";"-";"487";"68";"-";"4";"-";"-";"11";"3"
"751024";"751024";"63";"8";"3";"6547";"4823";"65";"8";"4750";"1409";"365";"730";"158";"771";"56";"16";"23";"49";"-";"24";"-";"-";"4";"148";"-";"-";"2";"549";"-";"-";"398";"41";"-";"-";"0";"-";"-";"5";"2";"-";"6547";"4823";"65";"8";"4750";"1409";"365";"730";"158";"771";"56";"16";"23";"49";"-";"24";"-";"-";"4";"148";"-";"-";"2";"549";"-";"-";"398";"41";"-";"0";"-";"-";"5";"2"
"751025";"751025";"63";"8";"3";"7202";"3206";"47";"35";"3124";"717";"1049";"197";"56";"271";"43";"17";"17";"100";"-";"4";"-";"-";"8";"59";"-";"-";"6";"150";"-";"-";"380";"42";"-";"-";"1";"-";"-";"6";"1";"-";"7202";"3206";"47";"35";"3124";"717";"1049";"197";"56";"271";"43";"17";"17";"100";"-";"4";"-";"-";"8";"59";"-";"-";"6";"150";"-";"-";"380";"42";"-";"1";"-";"-";"6";"1"
"751026";"751026";"63";"8";"3";"5050";"2957";"35";"14";"2908";"975";"287";"287";"102";"333";"33";"11";"20";"46";"-";"42";"-";"-";"6";"140";"-";"-";"7";"282";"-";"-";"304";"27";"-";"-";"3";"-";"-";"2";"1";"-";"5050";"2957";"35";"14";"2908";"975";"287";"287";"102";"333";"33";"11";"20";"46";"-";"42";"-";"-";"6";"140";"-";"-";"7";"282";"-";"-";"304";"27";"-";"3";"-";"-";"2";"1"
"751028";"751028";"63";"8";"3";"8362";"4233";"60";"24";"4149";"1465";"354";"429";"180";"413";"44";"16";"28";"61";"-";"196";"-";"-";"5";"167";"-";"-";"1";"511";"-";"-";"240";"31";"-";"-";"1";"-";"-";"7";"0";"-";"8362";"4233";"60";"24";"4149";"1465";"354";"429";"180";"413";"44";"16";"28";"61";"-";"196";"-";"-";"5";"167";"-";"-";"1";"511";"-";"-";"240";"31";"-";"1";"-";"-";"7";"0"
"751030";"751030";"63";"8";"3";"3751";"2695";"32";"7";"2656";"1086";"93";"320";"196";"224";"33";"0";"4";"12";"-";"65";"-";"-";"0";"103";"-";"-";"1";"368";"-";"-";"138";"9";"-";"-";"1";"-";"-";"2";"1";"-";"3751";"2695";"32";"7";"2656";"1086";"93";"320";"196";"224";"33";"0";"4";"12";"-";"65";"-";"-";"0";"103";"-";"-";"1";"368";"-";"-";"138";"9";"-";"1";"-";"-";"2";"1"
"751031";"751031";"63";"8";"3";"535";"407";"2";"0";"405";"105";"25";"37";"34";"60";"2";"0";"4";"4";"-";"2";"-";"-";"0";"17";"-";"-";"0";"55";"-";"-";"51";"8";"-";"-";"0";"-";"-";"0";"1";"-";"535";"407";"2";"0";"405";"105";"25";"37";"34";"60";"2";"0";"4";"4";"-";"2";"-";"-";"0";"17";"-";"-";"0";"55";"-";"-";"51";"8";"-";"0";"-";"-";"0";"1"
"751033";"751033";"63";"8";"3";"3100";"1931";"30";"10";"1891";"703";"90";"249";"117";"155";"33";"2";"3";"11";"-";"13";"-";"-";"1";"114";"-";"-";"0";"309";"-";"-";"74";"13";"-";"-";"0";"-";"-";"4";"0";"-";"3100";"1931";"30";"10";"1891";"703";"90";"249";"117";"155";"33";"2";"3";"11";"-";"13";"-";"-";"1";"114";"-";"-";"0";"309";"-";"-";"74";"13";"-";"0";"-";"-";"4";"0"
"751041";"751041";"65";"8";"3";"7400";"5627";"99";"18";"5510";"1204";"759";"635";"76";"883";"125";"24";"32";"18";"-";"15";"-";"-";"15";"64";"-";"-";"8";"466";"-";"-";"1014";"156";"-";"-";"0";"-";"-";"13";"3";"-";"7400";"5627";"99";"18";"5510";"1204";"759";"635";"76";"883";"125";"24";"32";"18";"-";"15";"-";"-";"15";"64";"-";"-";"8";"466";"-";"-";"1014";"156";"-";"0";"-";"-";"13";"3"
"751042";"751042";"64";"8";"3";"11371";"8247";"127";"12";"8108";"2119";"921";"958";"173";"1382";"137";"53";"62";"58";"-";"47";"-";"-";"17";"149";"-";"-";"13";"611";"-";"-";"1205";"175";"-";"-";"6";"-";"-";"18";"4";"-";"11371";"8247";"127";"12";"8108";"2119";"921";"958";"173";"1382";"137";"53";"62";"58";"-";"47";"-";"-";"17";"149";"-";"-";"13";"611";"-";"-";"1205";"175";"-";"6";"-";"-";"18";"4"
"751043";"751043";"64";"8";"3";"7003";"4581";"103";"10";"4468";"1304";"481";"546";"95";"634";"95";"26";"32";"28";"-";"23";"-";"-";"6";"113";"-";"-";"13";"353";"-";"-";"617";"83";"-";"-";"2";"-";"-";"8";"9";"-";"7003";"4581";"103";"10";"4468";"1304";"481";"546";"95";"634";"95";"26";"32";"28";"-";"23";"-";"-";"6";"113";"-";"-";"13";"353";"-";"-";"617";"83";"-";"2";"-";"-";"8";"9"
"751044";"751044";"64";"8";"3";"1303";"845";"15";"7";"823";"235";"73";"85";"32";"140";"11";"5";"8";"13";"-";"3";"-";"-";"3";"32";"-";"-";"0";"78";"-";"-";"93";"9";"-";"-";"0";"-";"-";"3";"0";"-";"1303";"845";"15";"7";"823";"235";"73";"85";"32";"140";"11";"5";"8";"13";"-";"3";"-";"-";"3";"32";"-";"-";"0";"78";"-";"-";"93";"9";"-";"0";"-";"-";"3";"0"
"751045";"751045";"65";"8";"3";"8405";"6876";"66";"19";"6791";"1459";"439";"1778";"213";"842";"88";"14";"7";"38";"-";"69";"-";"-";"12";"156";"-";"-";"0";"975";"-";"-";"626";"58";"-";"-";"2";"-";"-";"15";"0";"-";"8405";"6876";"66";"19";"6791";"1459";"439";"1778";"213";"842";"88";"14";"7";"38";"-";"69";"-";"-";"12";"156";"-";"-";"0";"975";"-";"-";"626";"58";"-";"2";"-";"-";"15";"0"
"751047";"751047";"64";"8";"3";"8880";"6348";"87";"15";"6246";"1941";"305";"893";"283";"1059";"81";"20";"13";"50";"-";"23";"-";"-";"5";"267";"-";"-";"9";"825";"-";"-";"421";"40";"-";"-";"2";"-";"-";"8";"1";"-";"8880";"6348";"87";"15";"6246";"1941";"305";"893";"283";"1059";"81";"20";"13";"50";"-";"23";"-";"-";"5";"267";"-";"-";"9";"825";"-";"-";"421";"40";"-";"2";"-";"-";"8";"1"
"751048";"751048";"65";"8";"3";"2813";"2248";"23";"6";"2219";"487";"82";"161";"54";"897";"15";"8";"6";"10";"-";"9";"-";"-";"0";"61";"-";"-";"0";"183";"-";"-";"227";"14";"-";"-";"1";"-";"-";"3";"1";"-";"2813";"2248";"23";"6";"2219";"487";"82";"161";"54";"897";"15";"8";"6";"10";"-";"9";"-";"-";"0";"61";"-";"-";"0";"183";"-";"-";"227";"14";"-";"1";"-";"-";"3";"1"
"751049";"751049";"65";"8";"3";"4052";"2949";"47";"18";"2884";"841";"140";"631";"103";"306";"43";"7";"13";"25";"-";"28";"-";"-";"0";"100";"-";"-";"0";"445";"-";"-";"179";"21";"-";"-";"0";"-";"-";"2";"0";"-";"4052";"2949";"47";"18";"2884";"841";"140";"631";"103";"306";"43";"7";"13";"25";"-";"28";"-";"-";"0";"100";"-";"-";"0";"445";"-";"-";"179";"21";"-";"0";"-";"-";"2";"0"
"751050";"751050";"65";"8";"3";"4696";"3404";"34";"22";"3348";"881";"133";"714";"169";"389";"63";"7";"9";"23";"-";"23";"-";"-";"0";"147";"-";"-";"2";"572";"-";"-";"190";"19";"-";"-";"0";"-";"-";"7";"0";"-";"4696";"3404";"34";"22";"3348";"881";"133";"714";"169";"389";"63";"7";"9";"23";"-";"23";"-";"-";"0";"147";"-";"-";"2";"572";"-";"-";"190";"19";"-";"0";"-";"-";"7";"0"
"751051";"751051";"65";"8";"3";"6924";"4921";"44";"9";"4868";"1343";"234";"635";"203";"762";"94";"16";"15";"28";"-";"20";"-";"-";"2";"146";"-";"-";"6";"1098";"-";"-";"227";"30";"-";"-";"0";"-";"-";"7";"2";"-";"6924";"4921";"44";"9";"4868";"1343";"234";"635";"203";"762";"94";"16";"15";"28";"-";"20";"-";"-";"2";"146";"-";"-";"6";"1098";"-";"-";"227";"30";"-";"0";"-";"-";"7";"2"
"751053";"751053";"64";"8";"3";"2800";"1675";"31";"20";"1624";"580";"94";"170";"91";"172";"13";"3";"9";"26";"-";"23";"-";"-";"1";"75";"-";"-";"5";"229";"-";"-";"121";"10";"-";"-";"1";"-";"-";"1";"0";"-";"2800";"1675";"31";"20";"1624";"580";"94";"170";"91";"172";"13";"3";"9";"26";"-";"23";"-";"-";"1";"75";"-";"-";"5";"229";"-";"-";"121";"10";"-";"1";"-";"-";"1";"0"
"751055";"751055";"64";"8";"3";"913";"609";"9";"7";"593";"162";"32";"116";"31";"63";"4";"0";"2";"4";"-";"3";"-";"-";"0";"37";"-";"-";"1";"101";"-";"-";"28";"7";"-";"-";"0";"-";"-";"2";"0";"-";"913";"609";"9";"7";"593";"162";"32";"116";"31";"63";"4";"0";"2";"4";"-";"3";"-";"-";"0";"37";"-";"-";"1";"101";"-";"-";"28";"7";"-";"0";"-";"-";"2";"0"
"751056";"751056";"64";"8";"3";"1586";"1112";"28";"2";"1082";"319";"30";"80";"60";"137";"15";"1";"3";"6";"-";"5";"-";"-";"0";"41";"-";"-";"0";"314";"-";"-";"58";"8";"-";"-";"0";"-";"-";"5";"0";"-";"1586";"1112";"28";"2";"1082";"319";"30";"80";"60";"137";"15";"1";"3";"6";"-";"5";"-";"-";"0";"41";"-";"-";"0";"314";"-";"-";"58";"8";"-";"0";"-";"-";"5";"0"
"751061";"751061";"65";"8";"3";"12257";"7742";"161";"30";"7551";"2180";"859";"906";"204";"1148";"158";"25";"71";"108";"-";"42";"-";"-";"9";"173";"-";"-";"12";"646";"-";"-";"865";"125";"-";"-";"3";"-";"-";"9";"8";"-";"12257";"7742";"161";"30";"7551";"2180";"859";"906";"204";"1148";"158";"25";"71";"108";"-";"42";"-";"-";"9";"173";"-";"-";"12";"646";"-";"-";"865";"125";"-";"3";"-";"-";"9";"8"
"751062";"751062";"63";"8";"3";"3515";"1569";"17";"6";"1546";"605";"340";"108";"44";"105";"23";"9";"2";"7";"-";"4";"-";"-";"6";"47";"-";"-";"1";"98";"-";"-";"134";"7";"-";"-";"1";"-";"-";"5";"0";"-";"3515";"1569";"17";"6";"1546";"605";"340";"108";"44";"105";"23";"9";"2";"7";"-";"4";"-";"-";"6";"47";"-";"-";"1";"98";"-";"-";"134";"7";"-";"1";"-";"-";"5";"0"
"751063";"751063";"64";"8";"3";"10391";"6081";"101";"32";"5948";"1753";"892";"517";"127";"947";"92";"22";"47";"65";"-";"34";"-";"-";"11";"133";"-";"-";"10";"420";"-";"-";"774";"85";"-";"-";"1";"-";"-";"10";"8";"-";"10391";"6081";"101";"32";"5948";"1753";"892";"517";"127";"947";"92";"22";"47";"65";"-";"34";"-";"-";"11";"133";"-";"-";"10";"420";"-";"-";"774";"85";"-";"1";"-";"-";"10";"8"
"751064";"751064";"63";"8";"3";"7168";"4932";"93";"46";"4793";"1534";"429";"617";"126";"717";"107";"13";"29";"49";"-";"23";"-";"-";"14";"96";"-";"-";"7";"461";"-";"-";"511";"49";"-";"-";"1";"-";"-";"9";"1";"-";"7168";"4932";"93";"46";"4793";"1534";"429";"617";"126";"717";"107";"13";"29";"49";"-";"23";"-";"-";"14";"96";"-";"-";"7";"461";"-";"-";"511";"49";"-";"1";"-";"-";"9";"1"
"751065";"751065";"65";"8";"3";"7110";"5060";"72";"17";"4971";"1596";"339";"716";"203";"767";"57";"14";"22";"45";"-";"49";"-";"-";"10";"164";"-";"-";"6";"508";"-";"-";"419";"47";"-";"-";"1";"-";"-";"7";"1";"-";"7110";"5060";"72";"17";"4971";"1596";"339";"716";"203";"767";"57";"14";"22";"45";"-";"49";"-";"-";"10";"164";"-";"-";"6";"508";"-";"-";"419";"47";"-";"1";"-";"-";"7";"1"
"751066";"751066";"62";"8";"3";"4847";"3615";"45";"19";"3551";"792";"215";"946";"159";"342";"80";"11";"30";"13";"-";"27";"-";"-";"7";"67";"-";"-";"2";"594";"-";"-";"218";"32";"-";"-";"0";"-";"-";"11";"5";"-";"4847";"3615";"45";"19";"3551";"792";"215";"946";"159";"342";"80";"11";"30";"13";"-";"27";"-";"-";"7";"67";"-";"-";"2";"594";"-";"-";"218";"32";"-";"0";"-";"-";"11";"5"
"751067";"751067";"64";"8";"3";"5746";"3999";"75";"18";"3906";"1024";"453";"478";"81";"586";"104";"22";"31";"33";"-";"15";"-";"-";"5";"81";"-";"-";"3";"303";"-";"-";"587";"88";"-";"-";"1";"-";"-";"9";"2";"-";"5746";"3999";"75";"18";"3906";"1024";"453";"478";"81";"586";"104";"22";"31";"33";"-";"15";"-";"-";"5";"81";"-";"-";"3";"303";"-";"-";"587";"88";"-";"1";"-";"-";"9";"2"
"751068";"751068";"64";"8";"3";"2711";"1785";"36";"11";"1738";"689";"119";"114";"55";"296";"14";"7";"10";"22";"-";"12";"-";"-";"5";"59";"-";"-";"5";"80";"-";"-";"228";"17";"-";"-";"2";"-";"-";"3";"1";"-";"2711";"1785";"36";"11";"1738";"689";"119";"114";"55";"296";"14";"7";"10";"22";"-";"12";"-";"-";"5";"59";"-";"-";"5";"80";"-";"-";"228";"17";"-";"2";"-";"-";"3";"1"
"756001";"756001";"79";"9";"3";"1942";"1359";"14";"9";"1336";"285";"-";"273";"59";"26";"-";"-";"-";"59";"-";"-";"-";"-";"-";"151";"-";"32";"-";"431";"-";"-";"17";"-";"-";"-";"-";"-";"-";"-";"3";"-";"1942";"1359";"14";"9";"1336";"285";"-";"273";"59";"26";"-";"-";"-";"59";"-";"-";"-";"-";"-";"151";"-";"32";"-";"431";"-";"-";"17";"-";"-";"-";"-";"-";"-";"3"
"756002";"756002";"79";"9";"3";"834";"533";"6";"1";"526";"166";"-";"81";"30";"7";"-";"-";"-";"32";"-";"-";"-";"-";"-";"69";"-";"8";"-";"119";"-";"-";"12";"-";"-";"-";"-";"-";"-";"-";"2";"-";"834";"533";"6";"1";"526";"166";"-";"81";"30";"7";"-";"-";"-";"32";"-";"-";"-";"-";"-";"69";"-";"8";"-";"119";"-";"-";"12";"-";"-";"-";"-";"-";"-";"2"
"756003";"756003";"79";"9";"3";"2008";"1277";"18";"4";"1255";"288";"-";"206";"52";"63";"-";"-";"-";"30";"-";"-";"-";"-";"-";"240";"-";"7";"-";"306";"-";"-";"55";"-";"-";"-";"-";"-";"-";"-";"8";"-";"2008";"1277";"18";"4";"1255";"288";"-";"206";"52";"63";"-";"-";"-";"30";"-";"-";"-";"-";"-";"240";"-";"7";"-";"306";"-";"-";"55";"-";"-";"-";"-";"-";"-";"8"
"756004";"756004";"79";"9";"3";"812";"507";"6";"1";"500";"70";"-";"170";"36";"13";"-";"-";"-";"26";"-";"-";"-";"-";"-";"54";"-";"3";"-";"113";"-";"-";"13";"-";"-";"-";"-";"-";"-";"-";"2";"-";"812";"507";"6";"1";"500";"70";"-";"170";"36";"13";"-";"-";"-";"26";"-";"-";"-";"-";"-";"54";"-";"3";"-";"113";"-";"-";"13";"-";"-";"-";"-";"-";"-";"2"
"756005";"756005";"79";"9";"3";"6840";"4304";"39";"12";"4253";"491";"-";"950";"97";"58";"-";"-";"-";"71";"-";"-";"-";"-";"-";"342";"-";"1209";"-";"973";"-";"-";"46";"-";"-";"-";"-";"-";"-";"-";"16";"-";"6840";"4304";"39";"12";"4253";"491";"-";"950";"97";"58";"-";"-";"-";"71";"-";"-";"-";"-";"-";"342";"-";"1209";"-";"973";"-";"-";"46";"-";"-";"-";"-";"-";"-";"16"
"756006";"756006";"79";"9";"3";"720";"517";"3";"2";"512";"28";"-";"132";"18";"3";"-";"-";"-";"14";"-";"-";"-";"-";"-";"31";"-";"225";"-";"59";"-";"-";"1";"-";"-";"-";"-";"-";"-";"-";"1";"-";"720";"517";"3";"2";"512";"28";"-";"132";"18";"3";"-";"-";"-";"14";"-";"-";"-";"-";"-";"31";"-";"225";"-";"59";"-";"-";"1";"-";"-";"-";"-";"-";"-";"1"
"756007";"756007";"79";"9";"3";"13338";"8852";"103";"31";"8718";"2469";"-";"1876";"265";"148";"-";"-";"-";"245";"-";"-";"-";"-";"-";"630";"-";"40";"-";"2922";"-";"-";"106";"-";"-";"-";"-";"-";"-";"-";"17";"-";"13338";"8852";"103";"31";"8718";"2469";"-";"1876";"265";"148";"-";"-";"-";"245";"-";"-";"-";"-";"-";"630";"-";"40";"-";"2922";"-";"-";"106";"-";"-";"-";"-";"-";"-";"17"
"756008";"756008";"79";"9";"3";"841";"619";"8";"0";"611";"59";"-";"138";"21";"7";"-";"-";"-";"18";"-";"-";"-";"-";"-";"40";"-";"4";"-";"319";"-";"-";"5";"-";"-";"-";"-";"-";"-";"-";"0";"-";"841";"619";"8";"0";"611";"59";"-";"138";"21";"7";"-";"-";"-";"18";"-";"-";"-";"-";"-";"40";"-";"4";"-";"319";"-";"-";"5";"-";"-";"-";"-";"-";"-";"0"
"756009";"756009";"79";"9";"3";"2827";"1989";"22";"4";"1963";"457";"-";"207";"74";"15";"-";"-";"-";"43";"-";"-";"-";"-";"-";"126";"-";"5";"-";"1009";"-";"-";"23";"-";"-";"-";"-";"-";"-";"-";"4";"-";"2827";"1989";"22";"4";"1963";"457";"-";"207";"74";"15";"-";"-";"-";"43";"-";"-";"-";"-";"-";"126";"-";"5";"-";"1009";"-";"-";"23";"-";"-";"-";"-";"-";"-";"4"
"756010";"756010";"79";"9";"3";"2276";"1679";"17";"5";"1657";"592";"-";"153";"40";"31";"-";"-";"-";"38";"-";"-";"-";"-";"-";"332";"-";"3";"-";"369";"-";"-";"97";"-";"-";"-";"-";"-";"-";"-";"2";"-";"2276";"1679";"17";"5";"1657";"592";"-";"153";"40";"31";"-";"-";"-";"38";"-";"-";"-";"-";"-";"332";"-";"3";"-";"369";"-";"-";"97";"-";"-";"-";"-";"-";"-";"2"
"760001";"760001";"83";"9";"3";"4048";"2648";"20";"11";"2617";"335";"17";"180";"81";"369";"27";"141";"-";"795";"-";"-";"-";"-";"-";"88";"-";"-";"-";"564";"-";"-";"20";"-";"-";"-";"-";"-";"-";"-";"-";"-";"4048";"2648";"20";"11";"2617";"335";"17";"180";"81";"369";"27";"141";"-";"795";"-";"-";"-";"-";"-";"88";"-";"-";"-";"564";"-";"-";"20";"-";"-";"-";"-";"-";"-";"-"
"760002";"760002";"83";"9";"3";"1067";"791";"5";"1";"785";"82";"13";"118";"53";"78";"4";"4";"-";"110";"-";"-";"-";"-";"-";"30";"-";"-";"-";"289";"-";"-";"4";"-";"-";"-";"-";"-";"-";"-";"-";"-";"1067";"791";"5";"1";"785";"82";"13";"118";"53";"78";"4";"4";"-";"110";"-";"-";"-";"-";"-";"30";"-";"-";"-";"289";"-";"-";"4";"-";"-";"-";"-";"-";"-";"-"
"760003";"760003";"83";"9";"3";"449";"246";"1";"1";"244";"29";"4";"24";"15";"26";"6";"8";"-";"34";"-";"-";"-";"-";"-";"15";"-";"-";"-";"80";"-";"-";"3";"-";"-";"-";"-";"-";"-";"-";"-";"-";"449";"246";"1";"1";"244";"29";"4";"24";"15";"26";"6";"8";"-";"34";"-";"-";"-";"-";"-";"15";"-";"-";"-";"80";"-";"-";"3";"-";"-";"-";"-";"-";"-";"-"
"760005";"760005";"83";"9";"3";"759";"476";"6";"1";"469";"96";"4";"11";"16";"36";"11";"10";"-";"71";"-";"-";"-";"-";"-";"18";"-";"-";"-";"193";"-";"-";"3";"-";"-";"-";"-";"-";"-";"-";"-";"-";"759";"476";"6";"1";"469";"96";"4";"11";"16";"36";"11";"10";"-";"71";"-";"-";"-";"-";"-";"18";"-";"-";"-";"193";"-";"-";"3";"-";"-";"-";"-";"-";"-";"-"
"760008";"760008";"83";"9";"3";"670";"430";"7";"2";"421";"52";"7";"36";"22";"36";"13";"15";"-";"76";"-";"-";"-";"-";"-";"19";"-";"-";"-";"139";"-";"-";"6";"-";"-";"-";"-";"-";"-";"-";"-";"-";"670";"430";"7";"2";"421";"52";"7";"36";"22";"36";"13";"15";"-";"76";"-";"-";"-";"-";"-";"19";"-";"-";"-";"139";"-";"-";"6";"-";"-";"-";"-";"-";"-";"-"
"760009";"760009";"83";"9";"3";"1112";"679";"11";"6";"662";"84";"9";"59";"34";"69";"10";"29";"-";"161";"-";"-";"-";"-";"-";"36";"-";"-";"-";"163";"-";"-";"8";"-";"-";"-";"-";"-";"-";"-";"-";"-";"1112";"679";"11";"6";"662";"84";"9";"59";"34";"69";"10";"29";"-";"161";"-";"-";"-";"-";"-";"36";"-";"-";"-";"163";"-";"-";"8";"-";"-";"-";"-";"-";"-";"-"
"760010";"760010";"83";"9";"3";"2628";"1676";"13";"4";"1659";"148";"9";"218";"53";"73";"14";"16";"-";"545";"-";"-";"-";"-";"-";"51";"-";"-";"-";"521";"-";"-";"11";"-";"-";"-";"-";"-";"-";"-";"-";"-";"2628";"1676";"13";"4";"1659";"148";"9";"218";"53";"73";"14";"16";"-";"545";"-";"-";"-";"-";"-";"51";"-";"-";"-";"521";"-";"-";"11";"-";"-";"-";"-";"-";"-";"-"
"760012";"760012";"83";"9";"3";"1052";"835";"14";"3";"818";"102";"10";"103";"26";"169";"5";"10";"-";"118";"-";"-";"-";"-";"-";"26";"-";"-";"-";"231";"-";"-";"18";"-";"-";"-";"-";"-";"-";"-";"-";"-";"1052";"835";"14";"3";"818";"102";"10";"103";"26";"169";"5";"10";"-";"118";"-";"-";"-";"-";"-";"26";"-";"-";"-";"231";"-";"-";"18";"-";"-";"-";"-";"-";"-";"-"
"760013";"760013";"83";"9";"3";"693";"463";"7";"2";"454";"50";"3";"39";"22";"33";"2";"8";"-";"52";"-";"-";"-";"-";"-";"18";"-";"-";"-";"218";"-";"-";"9";"-";"-";"-";"-";"-";"-";"-";"-";"-";"693";"463";"7";"2";"454";"50";"3";"39";"22";"33";"2";"8";"-";"52";"-";"-";"-";"-";"-";"18";"-";"-";"-";"218";"-";"-";"9";"-";"-";"-";"-";"-";"-";"-"
"760014";"760014";"83";"9";"3";"7640";"5520";"47";"26";"5447";"837";"49";"1081";"171";"953";"38";"47";"-";"722";"-";"-";"-";"-";"-";"144";"-";"-";"-";"1337";"-";"-";"68";"-";"-";"-";"-";"-";"-";"-";"-";"-";"7640";"5520";"47";"26";"5447";"837";"49";"1081";"171";"953";"38";"47";"-";"722";"-";"-";"-";"-";"-";"144";"-";"-";"-";"1337";"-";"-";"68";"-";"-";"-";"-";"-";"-";"-"
"760016";"760016";"83";"9";"3";"1148";"762";"10";"5";"747";"77";"8";"113";"43";"81";"4";"9";"-";"69";"-";"-";"-";"-";"-";"83";"-";"-";"-";"250";"-";"-";"10";"-";"-";"-";"-";"-";"-";"-";"-";"-";"1148";"762";"10";"5";"747";"77";"8";"113";"43";"81";"4";"9";"-";"69";"-";"-";"-";"-";"-";"83";"-";"-";"-";"250";"-";"-";"10";"-";"-";"-";"-";"-";"-";"-"
"760019";"760019";"83";"9";"3";"616";"454";"4";"2";"448";"47";"4";"33";"13";"38";"7";"4";"-";"27";"-";"-";"-";"-";"-";"10";"-";"-";"-";"257";"-";"-";"8";"-";"-";"-";"-";"-";"-";"-";"-";"-";"616";"454";"4";"2";"448";"47";"4";"33";"13";"38";"7";"4";"-";"27";"-";"-";"-";"-";"-";"10";"-";"-";"-";"257";"-";"-";"8";"-";"-";"-";"-";"-";"-";"-"
"760020";"760020";"83";"9";"3";"586";"433";"7";"2";"424";"48";"5";"26";"19";"39";"5";"10";"-";"54";"-";"-";"-";"-";"-";"11";"-";"-";"-";"205";"-";"-";"2";"-";"-";"-";"-";"-";"-";"-";"-";"-";"586";"433";"7";"2";"424";"48";"5";"26";"19";"39";"5";"10";"-";"54";"-";"-";"-";"-";"-";"11";"-";"-";"-";"205";"-";"-";"2";"-";"-";"-";"-";"-";"-";"-"
"760021";"760021";"83";"9";"3";"1112";"761";"7";"3";"751";"110";"5";"58";"33";"90";"1";"12";"-";"85";"-";"-";"-";"-";"-";"29";"-";"-";"-";"326";"-";"-";"2";"-";"-";"-";"-";"-";"-";"-";"-";"-";"1112";"761";"7";"3";"751";"110";"5";"58";"33";"90";"1";"12";"-";"85";"-";"-";"-";"-";"-";"29";"-";"-";"-";"326";"-";"-";"2";"-";"-";"-";"-";"-";"-";"-"
"760022";"760022";"83";"9";"3";"1214";"846";"7";"10";"829";"102";"15";"77";"38";"123";"9";"8";"-";"58";"-";"-";"-";"-";"-";"39";"-";"-";"-";"357";"-";"-";"3";"-";"-";"-";"-";"-";"-";"-";"-";"-";"1214";"846";"7";"10";"829";"102";"15";"77";"38";"123";"9";"8";"-";"58";"-";"-";"-";"-";"-";"39";"-";"-";"-";"357";"-";"-";"3";"-";"-";"-";"-";"-";"-";"-"
"760024";"760024";"83";"9";"3";"6413";"4583";"55";"27";"4501";"894";"44";"337";"134";"312";"45";"62";"-";"1044";"-";"-";"-";"-";"-";"158";"-";"-";"-";"1441";"-";"-";"30";"-";"-";"-";"-";"-";"-";"-";"-";"-";"6413";"4583";"55";"27";"4501";"894";"44";"337";"134";"312";"45";"62";"-";"1044";"-";"-";"-";"-";"-";"158";"-";"-";"-";"1441";"-";"-";"30";"-";"-";"-";"-";"-";"-";"-"
"760025";"760025";"83";"9";"3";"1034";"753";"10";"6";"737";"86";"3";"30";"24";"34";"3";"5";"-";"66";"-";"-";"-";"-";"-";"21";"-";"-";"-";"459";"-";"-";"6";"-";"-";"-";"-";"-";"-";"-";"-";"-";"1034";"753";"10";"6";"737";"86";"3";"30";"24";"34";"3";"5";"-";"66";"-";"-";"-";"-";"-";"21";"-";"-";"-";"459";"-";"-";"6";"-";"-";"-";"-";"-";"-";"-"
"760026";"760026";"83";"9";"3";"653";"472";"4";"0";"468";"33";"1";"18";"33";"22";"2";"8";"-";"132";"-";"-";"-";"-";"-";"10";"-";"-";"-";"207";"-";"-";"2";"-";"-";"-";"-";"-";"-";"-";"-";"-";"653";"472";"4";"0";"468";"33";"1";"18";"33";"22";"2";"8";"-";"132";"-";"-";"-";"-";"-";"10";"-";"-";"-";"207";"-";"-";"2";"-";"-";"-";"-";"-";"-";"-"
"760027";"760027";"83";"9";"3";"1296";"885";"7";"2";"876";"91";"12";"60";"42";"43";"14";"10";"-";"291";"-";"-";"-";"-";"-";"20";"-";"-";"-";"285";"-";"-";"8";"-";"-";"-";"-";"-";"-";"-";"-";"-";"1296";"885";"7";"2";"876";"91";"12";"60";"42";"43";"14";"10";"-";"291";"-";"-";"-";"-";"-";"20";"-";"-";"-";"285";"-";"-";"8";"-";"-";"-";"-";"-";"-";"-"
"760028";"760028";"83";"9";"3";"940";"712";"2";"3";"707";"85";"15";"44";"40";"74";"7";"15";"-";"117";"-";"-";"-";"-";"-";"132";"-";"-";"-";"171";"-";"-";"7";"-";"-";"-";"-";"-";"-";"-";"-";"-";"940";"712";"2";"3";"707";"85";"15";"44";"40";"74";"7";"15";"-";"117";"-";"-";"-";"-";"-";"132";"-";"-";"-";"171";"-";"-";"7";"-";"-";"-";"-";"-";"-";"-"
"760030";"760030";"83";"9";"3";"3891";"2887";"23";"9";"2855";"546";"6";"181";"110";"139";"6";"72";"-";"776";"-";"-";"-";"-";"-";"70";"-";"-";"-";"929";"-";"-";"20";"-";"-";"-";"-";"-";"-";"-";"-";"-";"3891";"2887";"23";"9";"2855";"546";"6";"181";"110";"139";"6";"72";"-";"776";"-";"-";"-";"-";"-";"70";"-";"-";"-";"929";"-";"-";"20";"-";"-";"-";"-";"-";"-";"-"
"760031";"760031";"83";"9";"3";"498";"338";"2";"0";"336";"43";"4";"24";"14";"8";"2";"0";"-";"65";"-";"-";"-";"-";"-";"18";"-";"-";"-";"155";"-";"-";"3";"-";"-";"-";"-";"-";"-";"-";"-";"-";"498";"338";"2";"0";"336";"43";"4";"24";"14";"8";"2";"0";"-";"65";"-";"-";"-";"-";"-";"18";"-";"-";"-";"155";"-";"-";"3";"-";"-";"-";"-";"-";"-";"-"
"760032";"760032";"83";"9";"3";"601";"344";"5";"1";"338";"47";"2";"16";"17";"14";"1";"6";"-";"45";"-";"-";"-";"-";"-";"21";"-";"-";"-";"161";"-";"-";"8";"-";"-";"-";"-";"-";"-";"-";"-";"-";"601";"344";"5";"1";"338";"47";"2";"16";"17";"14";"1";"6";"-";"45";"-";"-";"-";"-";"-";"21";"-";"-";"-";"161";"-";"-";"8";"-";"-";"-";"-";"-";"-";"-"
"760033";"760033";"83";"9";"3";"1897";"1404";"10";"3";"1391";"234";"8";"70";"51";"30";"5";"15";"-";"233";"-";"-";"-";"-";"-";"49";"-";"-";"-";"686";"-";"-";"10";"-";"-";"-";"-";"-";"-";"-";"-";"-";"1897";"1404";"10";"3";"1391";"234";"8";"70";"51";"30";"5";"15";"-";"233";"-";"-";"-";"-";"-";"49";"-";"-";"-";"686";"-";"-";"10";"-";"-";"-";"-";"-";"-";"-"
"760035";"760035";"83";"9";"3";"2299";"1673";"20";"2";"1651";"323";"10";"87";"84";"72";"9";"14";"-";"214";"-";"-";"-";"-";"-";"48";"-";"-";"-";"778";"-";"-";"12";"-";"-";"-";"-";"-";"-";"-";"-";"-";"2299";"1673";"20";"2";"1651";"323";"10";"87";"84";"72";"9";"14";"-";"214";"-";"-";"-";"-";"-";"48";"-";"-";"-";"778";"-";"-";"12";"-";"-";"-";"-";"-";"-";"-"
"766001";"766001";"72";"8";"3";"6800";"4863";"35";"19";"4809";"1472";"126";"337";"169";"87";"98";"-";"-";"272";"-";"-";"3";"-";"-";"349";"-";"-";"-";"1818";"-";"3";"68";"7";"-";"-";"-";"-";"-";"-";"-";"-";"6800";"4863";"35";"19";"4809";"1472";"126";"337";"169";"87";"98";"-";"-";"272";"-";"-";"3";"-";"-";"349";"-";"-";"-";"1818";"-";"3";"68";"7";"-";"-";"-";"-";"-";"-"
"766002";"766002";"72";"8";"3";"3300";"2136";"31";"4";"2101";"763";"33";"266";"97";"39";"15";"-";"-";"241";"-";"-";"0";"-";"-";"157";"-";"-";"-";"457";"-";"1";"32";"0";"-";"-";"-";"-";"-";"-";"-";"-";"3300";"2136";"31";"4";"2101";"763";"33";"266";"97";"39";"15";"-";"-";"241";"-";"-";"0";"-";"-";"157";"-";"-";"-";"457";"-";"1";"32";"0";"-";"-";"-";"-";"-";"-"
"766003";"766003";"72";"8";"3";"1642";"1205";"10";"0";"1195";"192";"15";"47";"63";"14";"20";"-";"-";"186";"-";"-";"3";"-";"-";"77";"-";"-";"-";"565";"-";"2";"5";"6";"-";"-";"-";"-";"-";"-";"-";"-";"1642";"1205";"10";"0";"1195";"192";"15";"47";"63";"14";"20";"-";"-";"186";"-";"-";"3";"-";"-";"77";"-";"-";"-";"565";"-";"2";"5";"6";"-";"-";"-";"-";"-";"-"
"766004";"766004";"72";"8";"3";"1281";"929";"6";"3";"920";"331";"12";"55";"48";"24";"19";"-";"-";"96";"-";"-";"0";"-";"-";"69";"-";"-";"-";"248";"-";"1";"14";"3";"-";"-";"-";"-";"-";"-";"-";"-";"1281";"929";"6";"3";"920";"331";"12";"55";"48";"24";"19";"-";"-";"96";"-";"-";"0";"-";"-";"69";"-";"-";"-";"248";"-";"1";"14";"3";"-";"-";"-";"-";"-";"-"
"766005";"766005";"72";"8";"3";"518";"369";"2";"0";"367";"44";"5";"11";"15";"7";"3";"-";"-";"21";"-";"-";"0";"-";"-";"29";"-";"-";"-";"225";"-";"0";"5";"2";"-";"-";"-";"-";"-";"-";"-";"-";"518";"369";"2";"0";"367";"44";"5";"11";"15";"7";"3";"-";"-";"21";"-";"-";"0";"-";"-";"29";"-";"-";"-";"225";"-";"0";"5";"2";"-";"-";"-";"-";"-";"-"
"766006";"766006";"72";"8";"3";"1070";"706";"8";"0";"698";"339";"3";"48";"50";"5";"7";"-";"-";"10";"-";"-";"1";"-";"-";"49";"-";"-";"-";"170";"-";"1";"15";"0";"-";"-";"-";"-";"-";"-";"-";"-";"1070";"706";"8";"0";"698";"339";"3";"48";"50";"5";"7";"-";"-";"10";"-";"-";"1";"-";"-";"49";"-";"-";"-";"170";"-";"1";"15";"0";"-";"-";"-";"-";"-";"-"
"766007";"766007";"72";"8";"3";"3675";"2723";"29";"17";"2677";"1303";"19";"140";"77";"57";"25";"-";"-";"69";"-";"-";"6";"-";"-";"181";"-";"-";"-";"717";"-";"37";"42";"4";"-";"-";"-";"-";"-";"-";"-";"-";"3675";"2723";"29";"17";"2677";"1303";"19";"140";"77";"57";"25";"-";"-";"69";"-";"-";"6";"-";"-";"181";"-";"-";"-";"717";"-";"37";"42";"4";"-";"-";"-";"-";"-";"-"
"766008";"766008";"72";"8";"3";"622";"482";"7";"0";"475";"195";"3";"29";"20";"8";"12";"-";"-";"7";"-";"-";"3";"-";"-";"34";"-";"-";"-";"152";"-";"2";"10";"0";"-";"-";"-";"-";"-";"-";"-";"-";"622";"482";"7";"0";"475";"195";"3";"29";"20";"8";"12";"-";"-";"7";"-";"-";"3";"-";"-";"34";"-";"-";"-";"152";"-";"2";"10";"0";"-";"-";"-";"-";"-";"-"
"766010";"766010";"72";"8";"3";"1355";"927";"16";"3";"908";"309";"9";"25";"55";"37";"5";"-";"-";"19";"-";"-";"0";"-";"-";"63";"-";"-";"-";"349";"-";"5";"27";"5";"-";"-";"-";"-";"-";"-";"-";"-";"1355";"927";"16";"3";"908";"309";"9";"25";"55";"37";"5";"-";"-";"19";"-";"-";"0";"-";"-";"63";"-";"-";"-";"349";"-";"5";"27";"5";"-";"-";"-";"-";"-";"-"
"766011";"766011";"72";"8";"3";"1203";"779";"12";"3";"764";"201";"5";"42";"36";"32";"8";"-";"-";"11";"-";"-";"3";"-";"-";"67";"-";"-";"-";"329";"-";"1";"22";"7";"-";"-";"-";"-";"-";"-";"-";"-";"1203";"779";"12";"3";"764";"201";"5";"42";"36";"32";"8";"-";"-";"11";"-";"-";"3";"-";"-";"67";"-";"-";"-";"329";"-";"1";"22";"7";"-";"-";"-";"-";"-";"-"
"766012";"766012";"72";"8";"3";"1572";"1026";"7";"2";"1017";"387";"12";"66";"35";"34";"16";"-";"-";"16";"-";"-";"2";"-";"-";"75";"-";"-";"-";"352";"-";"2";"20";"0";"-";"-";"-";"-";"-";"-";"-";"-";"1572";"1026";"7";"2";"1017";"387";"12";"66";"35";"34";"16";"-";"-";"16";"-";"-";"2";"-";"-";"75";"-";"-";"-";"352";"-";"2";"20";"0";"-";"-";"-";"-";"-";"-"
"766013";"766013";"72";"8";"3";"1437";"1007";"10";"5";"992";"248";"15";"32";"38";"44";"14";"-";"-";"52";"-";"-";"0";"-";"-";"53";"-";"-";"-";"460";"-";"0";"31";"5";"-";"-";"-";"-";"-";"-";"-";"-";"1437";"1007";"10";"5";"992";"248";"15";"32";"38";"44";"14";"-";"-";"52";"-";"-";"0";"-";"-";"53";"-";"-";"-";"460";"-";"0";"31";"5";"-";"-";"-";"-";"-";"-"
"766014";"766014";"72";"8";"3";"1174";"784";"10";"3";"771";"231";"9";"45";"47";"33";"17";"-";"-";"13";"-";"-";"6";"-";"-";"110";"-";"-";"-";"227";"-";"0";"30";"3";"-";"-";"-";"-";"-";"-";"-";"-";"1174";"784";"10";"3";"771";"231";"9";"45";"47";"33";"17";"-";"-";"13";"-";"-";"6";"-";"-";"110";"-";"-";"-";"227";"-";"0";"30";"3";"-";"-";"-";"-";"-";"-"
"766015";"766015";"72";"8";"3";"1863";"1304";"19";"6";"1279";"397";"14";"62";"55";"52";"13";"-";"-";"17";"-";"-";"3";"-";"-";"100";"-";"-";"-";"530";"-";"3";"31";"2";"-";"-";"-";"-";"-";"-";"-";"-";"1863";"1304";"19";"6";"1279";"397";"14";"62";"55";"52";"13";"-";"-";"17";"-";"-";"3";"-";"-";"100";"-";"-";"-";"530";"-";"3";"31";"2";"-";"-";"-";"-";"-";"-"
"766016";"766016";"72";"8";"3";"85";"75";"2";"0";"73";"21";"2";"2";"2";"8";"3";"-";"-";"1";"-";"-";"0";"-";"-";"1";"-";"-";"-";"23";"-";"0";"9";"1";"-";"-";"-";"-";"-";"-";"-";"-";"85";"75";"2";"0";"73";"21";"2";"2";"2";"8";"3";"-";"-";"1";"-";"-";"0";"-";"-";"1";"-";"-";"-";"23";"-";"0";"9";"1";"-";"-";"-";"-";"-";"-"
"766017";"766017";"72";"8";"3";"1141";"841";"10";"0";"831";"287";"7";"20";"30";"18";"8";"-";"-";"28";"-";"-";"0";"-";"-";"98";"-";"-";"-";"324";"-";"0";"9";"2";"-";"-";"-";"-";"-";"-";"-";"-";"1141";"841";"10";"0";"831";"287";"7";"20";"30";"18";"8";"-";"-";"28";"-";"-";"0";"-";"-";"98";"-";"-";"-";"324";"-";"0";"9";"2";"-";"-";"-";"-";"-";"-"
"766018";"766018";"72";"8";"3";"388";"236";"2";"1";"233";"55";"8";"7";"13";"9";"4";"-";"-";"8";"-";"-";"0";"-";"-";"34";"-";"-";"-";"88";"-";"0";"6";"1";"-";"-";"-";"-";"-";"-";"-";"-";"388";"236";"2";"1";"233";"55";"8";"7";"13";"9";"4";"-";"-";"8";"-";"-";"0";"-";"-";"34";"-";"-";"-";"88";"-";"0";"6";"1";"-";"-";"-";"-";"-";"-"
"766019";"766019";"72";"8";"3";"613";"433";"4";"2";"427";"111";"3";"19";"29";"20";"8";"-";"-";"20";"-";"-";"0";"-";"-";"55";"-";"-";"-";"144";"-";"0";"16";"2";"-";"-";"-";"-";"-";"-";"-";"-";"613";"433";"4";"2";"427";"111";"3";"19";"29";"20";"8";"-";"-";"20";"-";"-";"0";"-";"-";"55";"-";"-";"-";"144";"-";"0";"16";"2";"-";"-";"-";"-";"-";"-"
"766020";"766020";"72";"8";"3";"1499";"1079";"11";"2";"1066";"224";"17";"41";"46";"19";"10";"-";"-";"146";"-";"-";"0";"-";"-";"98";"-";"-";"-";"447";"-";"2";"16";"0";"-";"-";"-";"-";"-";"-";"-";"-";"1499";"1079";"11";"2";"1066";"224";"17";"41";"46";"19";"10";"-";"-";"146";"-";"-";"0";"-";"-";"98";"-";"-";"-";"447";"-";"2";"16";"0";"-";"-";"-";"-";"-";"-"
"766021";"766021";"72";"8";"3";"2577";"1725";"21";"18";"1686";"499";"15";"88";"54";"38";"21";"-";"-";"68";"-";"-";"0";"-";"-";"226";"-";"-";"-";"639";"-";"1";"36";"1";"-";"-";"-";"-";"-";"-";"-";"-";"2577";"1725";"21";"18";"1686";"499";"15";"88";"54";"38";"21";"-";"-";"68";"-";"-";"0";"-";"-";"226";"-";"-";"-";"639";"-";"1";"36";"1";"-";"-";"-";"-";"-";"-"
"766022";"766022";"72";"8";"3";"1249";"889";"12";"2";"875";"481";"6";"27";"34";"10";"4";"-";"-";"33";"-";"-";"0";"-";"-";"58";"-";"-";"-";"209";"-";"0";"12";"1";"-";"-";"-";"-";"-";"-";"-";"-";"1249";"889";"12";"2";"875";"481";"6";"27";"34";"10";"4";"-";"-";"33";"-";"-";"0";"-";"-";"58";"-";"-";"-";"209";"-";"0";"12";"1";"-";"-";"-";"-";"-";"-"
"766023";"766023";"72";"8";"3";"612";"475";"6";"7";"462";"75";"1";"11";"19";"4";"5";"-";"-";"5";"-";"-";"1";"-";"-";"39";"-";"-";"-";"295";"-";"0";"6";"1";"-";"-";"-";"-";"-";"-";"-";"-";"612";"475";"6";"7";"462";"75";"1";"11";"19";"4";"5";"-";"-";"5";"-";"-";"1";"-";"-";"39";"-";"-";"-";"295";"-";"0";"6";"1";"-";"-";"-";"-";"-";"-"
"766024";"766024";"72";"8";"3";"781";"544";"3";"2";"539";"137";"5";"25";"20";"11";"8";"-";"-";"19";"-";"-";"0";"-";"-";"58";"-";"-";"-";"251";"-";"0";"5";"0";"-";"-";"-";"-";"-";"-";"-";"-";"781";"544";"3";"2";"539";"137";"5";"25";"20";"11";"8";"-";"-";"19";"-";"-";"0";"-";"-";"58";"-";"-";"-";"251";"-";"0";"5";"0";"-";"-";"-";"-";"-";"-"
"766025";"766025";"72";"8";"3";"377";"252";"3";"1";"248";"59";"4";"9";"8";"8";"1";"-";"-";"4";"-";"-";"0";"-";"-";"26";"-";"-";"-";"114";"-";"1";"11";"3";"-";"-";"-";"-";"-";"-";"-";"-";"377";"252";"3";"1";"248";"59";"4";"9";"8";"8";"1";"-";"-";"4";"-";"-";"0";"-";"-";"26";"-";"-";"-";"114";"-";"1";"11";"3";"-";"-";"-";"-";"-";"-"
"773001";"773001";"87";"10";"3";"645";"491";"2";"2";"487";"108";"12";"101";"25";"3";"-";"-";"-";"-";"-";"-";"5";"-";"-";"28";"-";"-";"-";"192";"-";"-";"13";"-";"-";"-";"-";"-";"-";"-";"-";"-";"645";"491";"2";"2";"487";"108";"12";"101";"25";"3";"-";"-";"-";"-";"-";"-";"5";"-";"-";"28";"-";"-";"-";"192";"-";"-";"13";"-";"-";"-";"-";"-";"-";"-"
"773002";"773002";"87";"10";"3";"487";"362";"2";"0";"360";"107";"13";"30";"4";"8";"-";"-";"-";"-";"-";"-";"33";"-";"-";"19";"-";"-";"-";"130";"-";"-";"16";"-";"-";"-";"-";"-";"-";"-";"-";"-";"487";"362";"2";"0";"360";"107";"13";"30";"4";"8";"-";"-";"-";"-";"-";"-";"33";"-";"-";"19";"-";"-";"-";"130";"-";"-";"16";"-";"-";"-";"-";"-";"-";"-"
"773003";"773003";"87";"10";"3";"298";"255";"0";"2";"253";"59";"9";"23";"4";"5";"-";"-";"-";"-";"-";"-";"15";"-";"-";"11";"-";"-";"-";"120";"-";"-";"7";"-";"-";"-";"-";"-";"-";"-";"-";"-";"298";"255";"0";"2";"253";"59";"9";"23";"4";"5";"-";"-";"-";"-";"-";"-";"15";"-";"-";"11";"-";"-";"-";"120";"-";"-";"7";"-";"-";"-";"-";"-";"-";"-"
"773004";"773004";"87";"10";"3";"469";"396";"3";"1";"392";"99";"33";"12";"6";"6";"-";"-";"-";"-";"-";"-";"8";"-";"-";"25";"-";"-";"-";"194";"-";"-";"9";"-";"-";"-";"-";"-";"-";"-";"-";"-";"469";"396";"3";"1";"392";"99";"33";"12";"6";"6";"-";"-";"-";"-";"-";"-";"8";"-";"-";"25";"-";"-";"-";"194";"-";"-";"9";"-";"-";"-";"-";"-";"-";"-"
"773005";"773005";"87";"10";"3";"315";"230";"1";"0";"229";"46";"8";"12";"4";"13";"-";"-";"-";"-";"-";"-";"8";"-";"-";"22";"-";"-";"-";"109";"-";"-";"7";"-";"-";"-";"-";"-";"-";"-";"-";"-";"315";"230";"1";"0";"229";"46";"8";"12";"4";"13";"-";"-";"-";"-";"-";"-";"8";"-";"-";"22";"-";"-";"-";"109";"-";"-";"7";"-";"-";"-";"-";"-";"-";"-"
"773006";"773006";"87";"10";"3";"313";"261";"2";"1";"258";"48";"6";"10";"4";"8";"-";"-";"-";"-";"-";"-";"7";"-";"-";"13";"-";"-";"-";"145";"-";"-";"17";"-";"-";"-";"-";"-";"-";"-";"-";"-";"313";"261";"2";"1";"258";"48";"6";"10";"4";"8";"-";"-";"-";"-";"-";"-";"7";"-";"-";"13";"-";"-";"-";"145";"-";"-";"17";"-";"-";"-";"-";"-";"-";"-"
"773007";"773007";"87";"10";"3";"719";"527";"2";"2";"523";"118";"9";"22";"3";"8";"-";"-";"-";"-";"-";"-";"35";"-";"-";"32";"-";"-";"-";"286";"-";"-";"10";"-";"-";"-";"-";"-";"-";"-";"-";"-";"719";"527";"2";"2";"523";"118";"9";"22";"3";"8";"-";"-";"-";"-";"-";"-";"35";"-";"-";"32";"-";"-";"-";"286";"-";"-";"10";"-";"-";"-";"-";"-";"-";"-"
"773008";"773008";"87";"10";"3";"497";"390";"1";"0";"389";"102";"4";"20";"5";"10";"-";"-";"-";"-";"-";"-";"13";"-";"-";"33";"-";"-";"-";"202";"-";"-";"0";"-";"-";"-";"-";"-";"-";"-";"-";"-";"497";"390";"1";"0";"389";"102";"4";"20";"5";"10";"-";"-";"-";"-";"-";"-";"13";"-";"-";"33";"-";"-";"-";"202";"-";"-";"0";"-";"-";"-";"-";"-";"-";"-"
"773009";"773009";"87";"10";"3";"663";"508";"3";"3";"502";"148";"9";"24";"10";"21";"-";"-";"-";"-";"-";"-";"13";"-";"-";"24";"-";"-";"-";"245";"-";"-";"8";"-";"-";"-";"-";"-";"-";"-";"-";"-";"663";"508";"3";"3";"502";"148";"9";"24";"10";"21";"-";"-";"-";"-";"-";"-";"13";"-";"-";"24";"-";"-";"-";"245";"-";"-";"8";"-";"-";"-";"-";"-";"-";"-"
"773010";"773010";"87";"10";"3";"454";"328";"0";"0";"328";"100";"5";"11";"6";"6";"-";"-";"-";"-";"-";"-";"0";"-";"-";"17";"-";"-";"-";"177";"-";"-";"6";"-";"-";"-";"-";"-";"-";"-";"-";"-";"454";"328";"0";"0";"328";"100";"5";"11";"6";"6";"-";"-";"-";"-";"-";"-";"0";"-";"-";"17";"-";"-";"-";"177";"-";"-";"6";"-";"-";"-";"-";"-";"-";"-"
"773011";"773011";"87";"10";"3";"434";"346";"2";"0";"344";"67";"28";"5";"8";"6";"-";"-";"-";"-";"-";"-";"3";"-";"-";"22";"-";"-";"-";"203";"-";"-";"2";"-";"-";"-";"-";"-";"-";"-";"-";"-";"434";"346";"2";"0";"344";"67";"28";"5";"8";"6";"-";"-";"-";"-";"-";"-";"3";"-";"-";"22";"-";"-";"-";"203";"-";"-";"2";"-";"-";"-";"-";"-";"-";"-"
"773012";"773012";"87";"10";"3";"624";"476";"3";"1";"472";"109";"16";"24";"7";"8";"-";"-";"-";"-";"-";"-";"9";"-";"-";"28";"-";"-";"-";"265";"-";"-";"6";"-";"-";"-";"-";"-";"-";"-";"-";"-";"624";"476";"3";"1";"472";"109";"16";"24";"7";"8";"-";"-";"-";"-";"-";"-";"9";"-";"-";"28";"-";"-";"-";"265";"-";"-";"6";"-";"-";"-";"-";"-";"-";"-"
"773013";"773013";"87";"10";"3";"622";"474";"1";"2";"471";"85";"14";"14";"1";"3";"-";"-";"-";"-";"-";"-";"5";"-";"-";"100";"-";"-";"-";"242";"-";"-";"7";"-";"-";"-";"-";"-";"-";"-";"-";"-";"622";"474";"1";"2";"471";"85";"14";"14";"1";"3";"-";"-";"-";"-";"-";"-";"5";"-";"-";"100";"-";"-";"-";"242";"-";"-";"7";"-";"-";"-";"-";"-";"-";"-"
"773014";"773014";"87";"10";"3";"665";"499";"4";"0";"495";"69";"89";"12";"7";"10";"-";"-";"-";"-";"-";"-";"3";"-";"-";"28";"-";"-";"-";"269";"-";"-";"8";"-";"-";"-";"-";"-";"-";"-";"-";"-";"665";"499";"4";"0";"495";"69";"89";"12";"7";"10";"-";"-";"-";"-";"-";"-";"3";"-";"-";"28";"-";"-";"-";"269";"-";"-";"8";"-";"-";"-";"-";"-";"-";"-"
"773015";"773015";"87";"10";"3";"476";"364";"5";"1";"358";"80";"27";"7";"3";"6";"-";"-";"-";"-";"-";"-";"8";"-";"-";"27";"-";"-";"-";"196";"-";"-";"4";"-";"-";"-";"-";"-";"-";"-";"-";"-";"476";"364";"5";"1";"358";"80";"27";"7";"3";"6";"-";"-";"-";"-";"-";"-";"8";"-";"-";"27";"-";"-";"-";"196";"-";"-";"4";"-";"-";"-";"-";"-";"-";"-"
"773016";"773016";"87";"10";"3";"488";"370";"1";"0";"369";"69";"16";"16";"3";"6";"-";"-";"-";"-";"-";"-";"2";"-";"-";"24";"-";"-";"-";"226";"-";"-";"7";"-";"-";"-";"-";"-";"-";"-";"-";"-";"488";"370";"1";"0";"369";"69";"16";"16";"3";"6";"-";"-";"-";"-";"-";"-";"2";"-";"-";"24";"-";"-";"-";"226";"-";"-";"7";"-";"-";"-";"-";"-";"-";"-"
"773017";"773017";"87";"10";"3";"486";"353";"1";"0";"352";"96";"10";"9";"11";"10";"-";"-";"-";"-";"-";"-";"3";"-";"-";"48";"-";"-";"-";"154";"-";"-";"11";"-";"-";"-";"-";"-";"-";"-";"-";"-";"486";"353";"1";"0";"352";"96";"10";"9";"11";"10";"-";"-";"-";"-";"-";"-";"3";"-";"-";"48";"-";"-";"-";"154";"-";"-";"11";"-";"-";"-";"-";"-";"-";"-"
"773018";"773018";"87";"10";"3";"7581";"5259";"48";"26";"5185";"1963";"125";"274";"57";"110";"-";"-";"-";"-";"-";"-";"210";"-";"-";"219";"-";"-";"-";"2068";"-";"-";"159";"-";"-";"-";"-";"-";"-";"-";"-";"-";"7581";"5259";"48";"26";"5185";"1963";"125";"274";"57";"110";"-";"-";"-";"-";"-";"-";"210";"-";"-";"219";"-";"-";"-";"2068";"-";"-";"159";"-";"-";"-";"-";"-";"-";"-"
"779001";"779001";"74";"9";"3";"6474";"4091";"61";"14";"4016";"1340";"139";"183";"163";"317";"-";"-";"-";"-";"-";"-";"348";"-";"-";"120";"-";"-";"-";"1300";"-";"-";"92";"-";"-";"-";"-";"-";"-";"-";"14";"-";"6474";"4091";"61";"14";"4016";"1340";"139";"183";"163";"317";"-";"-";"-";"-";"-";"-";"348";"-";"-";"120";"-";"-";"-";"1300";"-";"-";"92";"-";"-";"-";"-";"-";"-";"14"
"779002";"779002";"74";"9";"3";"5089";"3875";"49";"9";"3817";"1106";"127";"210";"112";"295";"-";"-";"-";"-";"-";"-";"257";"-";"-";"68";"-";"-";"-";"1592";"-";"-";"43";"-";"-";"-";"-";"-";"-";"-";"7";"-";"5089";"3875";"49";"9";"3817";"1106";"127";"210";"112";"295";"-";"-";"-";"-";"-";"-";"257";"-";"-";"68";"-";"-";"-";"1592";"-";"-";"43";"-";"-";"-";"-";"-";"-";"7"
"779003";"779003";"74";"9";"3";"5461";"3687";"50";"13";"3624";"1332";"90";"150";"94";"276";"-";"-";"-";"-";"-";"-";"399";"-";"-";"106";"-";"-";"-";"1087";"-";"-";"83";"-";"-";"-";"-";"-";"-";"-";"7";"-";"5461";"3687";"50";"13";"3624";"1332";"90";"150";"94";"276";"-";"-";"-";"-";"-";"-";"399";"-";"-";"106";"-";"-";"-";"1087";"-";"-";"83";"-";"-";"-";"-";"-";"-";"7"
"779004";"779004";"74";"9";"3";"3110";"2365";"25";"4";"2336";"529";"34";"219";"78";"109";"-";"-";"-";"-";"-";"-";"122";"-";"-";"57";"-";"-";"-";"1137";"-";"-";"38";"-";"-";"-";"-";"-";"-";"-";"13";"-";"3110";"2365";"25";"4";"2336";"529";"34";"219";"78";"109";"-";"-";"-";"-";"-";"-";"122";"-";"-";"57";"-";"-";"-";"1137";"-";"-";"38";"-";"-";"-";"-";"-";"-";"13"
"779005";"779005";"74";"9";"3";"1120";"865";"4";"0";"861";"143";"16";"38";"21";"43";"-";"-";"-";"-";"-";"-";"11";"-";"-";"24";"-";"-";"-";"532";"-";"-";"28";"-";"-";"-";"-";"-";"-";"-";"5";"-";"1120";"865";"4";"0";"861";"143";"16";"38";"21";"43";"-";"-";"-";"-";"-";"-";"11";"-";"-";"24";"-";"-";"-";"532";"-";"-";"28";"-";"-";"-";"-";"-";"-";"5"
"779006";"779006";"74";"9";"3";"616";"461";"6";"2";"453";"191";"11";"21";"20";"17";"-";"-";"-";"-";"-";"-";"20";"-";"-";"15";"-";"-";"-";"147";"-";"-";"9";"-";"-";"-";"-";"-";"-";"-";"2";"-";"616";"461";"6";"2";"453";"191";"11";"21";"20";"17";"-";"-";"-";"-";"-";"-";"20";"-";"-";"15";"-";"-";"-";"147";"-";"-";"9";"-";"-";"-";"-";"-";"-";"2"
"779007";"779007";"74";"9";"3";"748";"585";"4";"2";"579";"196";"7";"16";"32";"32";"-";"-";"-";"-";"-";"-";"31";"-";"-";"22";"-";"-";"-";"231";"-";"-";"3";"-";"-";"-";"-";"-";"-";"-";"9";"-";"748";"585";"4";"2";"579";"196";"7";"16";"32";"32";"-";"-";"-";"-";"-";"-";"31";"-";"-";"22";"-";"-";"-";"231";"-";"-";"3";"-";"-";"-";"-";"-";"-";"9"
"779008";"779008";"74";"9";"3";"571";"415";"1";"1";"413";"129";"8";"18";"13";"68";"-";"-";"-";"-";"-";"-";"3";"-";"-";"8";"-";"-";"-";"161";"-";"-";"4";"-";"-";"-";"-";"-";"-";"-";"1";"-";"571";"415";"1";"1";"413";"129";"8";"18";"13";"68";"-";"-";"-";"-";"-";"-";"3";"-";"-";"8";"-";"-";"-";"161";"-";"-";"4";"-";"-";"-";"-";"-";"-";"1"
"779009";"779009";"74";"9";"3";"670";"487";"3";"2";"482";"100";"8";"7";"20";"24";"-";"-";"-";"-";"-";"-";"3";"-";"-";"7";"-";"-";"-";"306";"-";"-";"7";"-";"-";"-";"-";"-";"-";"-";"0";"-";"670";"487";"3";"2";"482";"100";"8";"7";"20";"24";"-";"-";"-";"-";"-";"-";"3";"-";"-";"7";"-";"-";"-";"306";"-";"-";"7";"-";"-";"-";"-";"-";"-";"0"
"779010";"779010";"74";"9";"3";"1108";"838";"15";"3";"820";"335";"3";"16";"25";"53";"-";"-";"-";"-";"-";"-";"14";"-";"-";"31";"-";"-";"-";"335";"-";"-";"7";"-";"-";"-";"-";"-";"-";"-";"1";"-";"1108";"838";"15";"3";"820";"335";"3";"16";"25";"53";"-";"-";"-";"-";"-";"-";"14";"-";"-";"31";"-";"-";"-";"335";"-";"-";"7";"-";"-";"-";"-";"-";"-";"1"
"779011";"779011";"74";"9";"3";"1518";"1110";"13";"4";"1093";"229";"18";"42";"102";"79";"-";"-";"-";"-";"-";"-";"8";"-";"-";"30";"-";"-";"-";"574";"-";"-";"11";"-";"-";"-";"-";"-";"-";"-";"0";"-";"1518";"1110";"13";"4";"1093";"229";"18";"42";"102";"79";"-";"-";"-";"-";"-";"-";"8";"-";"-";"30";"-";"-";"-";"574";"-";"-";"11";"-";"-";"-";"-";"-";"-";"0"
"779012";"779012";"74";"9";"3";"1132";"747";"7";"1";"739";"187";"10";"42";"58";"36";"-";"-";"-";"-";"-";"-";"15";"-";"-";"28";"-";"-";"-";"355";"-";"-";"6";"-";"-";"-";"-";"-";"-";"-";"2";"-";"1132";"747";"7";"1";"739";"187";"10";"42";"58";"36";"-";"-";"-";"-";"-";"-";"15";"-";"-";"28";"-";"-";"-";"355";"-";"-";"6";"-";"-";"-";"-";"-";"-";"2"
"779013";"779013";"74";"9";"3";"1707";"1225";"15";"1";"1209";"394";"20";"28";"81";"67";"-";"-";"-";"-";"-";"-";"15";"-";"-";"40";"-";"-";"-";"544";"-";"-";"17";"-";"-";"-";"-";"-";"-";"-";"3";"-";"1707";"1225";"15";"1";"1209";"394";"20";"28";"81";"67";"-";"-";"-";"-";"-";"-";"15";"-";"-";"40";"-";"-";"-";"544";"-";"-";"17";"-";"-";"-";"-";"-";"-";"3"
"779014";"779014";"74";"9";"3";"1287";"932";"13";"3";"916";"374";"15";"27";"37";"41";"-";"-";"-";"-";"-";"-";"15";"-";"-";"49";"-";"-";"-";"338";"-";"-";"16";"-";"-";"-";"-";"-";"-";"-";"4";"-";"1287";"932";"13";"3";"916";"374";"15";"27";"37";"41";"-";"-";"-";"-";"-";"-";"15";"-";"-";"49";"-";"-";"-";"338";"-";"-";"16";"-";"-";"-";"-";"-";"-";"4"
"779015";"779015";"74";"9";"3";"1354";"934";"9";"1";"924";"364";"15";"22";"30";"74";"-";"-";"-";"-";"-";"-";"12";"-";"-";"21";"-";"-";"-";"379";"-";"-";"4";"-";"-";"-";"-";"-";"-";"-";"3";"-";"1354";"934";"9";"1";"924";"364";"15";"22";"30";"74";"-";"-";"-";"-";"-";"-";"12";"-";"-";"21";"-";"-";"-";"379";"-";"-";"4";"-";"-";"-";"-";"-";"-";"3"
"779016";"779016";"74";"9";"3";"1436";"1074";"14";"2";"1058";"223";"17";"28";"47";"65";"-";"-";"-";"-";"-";"-";"26";"-";"-";"32";"-";"-";"-";"605";"-";"-";"12";"-";"-";"-";"-";"-";"-";"-";"3";"-";"1436";"1074";"14";"2";"1058";"223";"17";"28";"47";"65";"-";"-";"-";"-";"-";"-";"26";"-";"-";"32";"-";"-";"-";"605";"-";"-";"12";"-";"-";"-";"-";"-";"-";"3"
"779017";"779017";"74";"9";"3";"578";"423";"7";"1";"415";"168";"2";"18";"19";"24";"-";"-";"-";"-";"-";"-";"7";"-";"-";"19";"-";"-";"-";"149";"-";"-";"7";"-";"-";"-";"-";"-";"-";"-";"2";"-";"578";"423";"7";"1";"415";"168";"2";"18";"19";"24";"-";"-";"-";"-";"-";"-";"7";"-";"-";"19";"-";"-";"-";"149";"-";"-";"7";"-";"-";"-";"-";"-";"-";"2"
"779018";"779018";"74";"9";"3";"1076";"741";"4";"2";"735";"171";"10";"25";"68";"48";"-";"-";"-";"-";"-";"-";"18";"-";"-";"27";"-";"-";"-";"350";"-";"-";"15";"-";"-";"-";"-";"-";"-";"-";"3";"-";"1076";"741";"4";"2";"735";"171";"10";"25";"68";"48";"-";"-";"-";"-";"-";"-";"18";"-";"-";"27";"-";"-";"-";"350";"-";"-";"15";"-";"-";"-";"-";"-";"-";"3"
"779019";"779019";"74";"9";"3";"721";"500";"3";"2";"495";"183";"9";"13";"19";"36";"-";"-";"-";"-";"-";"-";"11";"-";"-";"27";"-";"-";"-";"187";"-";"-";"5";"-";"-";"-";"-";"-";"-";"-";"5";"-";"721";"500";"3";"2";"495";"183";"9";"13";"19";"36";"-";"-";"-";"-";"-";"-";"11";"-";"-";"27";"-";"-";"-";"187";"-";"-";"5";"-";"-";"-";"-";"-";"-";"5"
"779020";"779020";"74";"9";"3";"665";"548";"8";"0";"540";"97";"24";"14";"19";"54";"-";"-";"-";"-";"-";"-";"1";"-";"-";"10";"-";"-";"-";"310";"-";"-";"10";"-";"-";"-";"-";"-";"-";"-";"1";"-";"665";"548";"8";"0";"540";"97";"24";"14";"19";"54";"-";"-";"-";"-";"-";"-";"1";"-";"-";"10";"-";"-";"-";"310";"-";"-";"10";"-";"-";"-";"-";"-";"-";"1"
"787001";"787001";"87";"10";"3";"7836";"5032";"47";"13";"4972";"2139";"96";"875";"162";"192";"77";"-";"-";"43";"-";"-";"-";"-";"-";"138";"-";"-";"-";"875";"-";"-";"255";"109";"-";"-";"11";"-";"-";"-";"-";"-";"7836";"5032";"47";"13";"4972";"2139";"96";"875";"162";"192";"77";"-";"-";"43";"-";"-";"-";"-";"-";"138";"-";"-";"-";"875";"-";"-";"255";"109";"-";"11";"-";"-";"-";"-"
"787002";"787002";"87";"10";"3";"920";"667";"7";"2";"658";"242";"7";"139";"20";"17";"5";"-";"-";"4";"-";"-";"-";"-";"-";"29";"-";"-";"-";"169";"-";"-";"13";"13";"-";"-";"0";"-";"-";"-";"-";"-";"920";"667";"7";"2";"658";"242";"7";"139";"20";"17";"5";"-";"-";"4";"-";"-";"-";"-";"-";"29";"-";"-";"-";"169";"-";"-";"13";"13";"-";"0";"-";"-";"-";"-"
"787003";"787003";"87";"10";"3";"741";"512";"9";"0";"503";"133";"19";"73";"16";"13";"6";"-";"-";"5";"-";"-";"-";"-";"-";"19";"-";"-";"-";"199";"-";"-";"16";"2";"-";"-";"2";"-";"-";"-";"-";"-";"741";"512";"9";"0";"503";"133";"19";"73";"16";"13";"6";"-";"-";"5";"-";"-";"-";"-";"-";"19";"-";"-";"-";"199";"-";"-";"16";"2";"-";"2";"-";"-";"-";"-"
"787004";"787004";"87";"10";"3";"740";"514";"13";"3";"498";"151";"10";"108";"20";"19";"5";"-";"-";"13";"-";"-";"-";"-";"-";"24";"-";"-";"-";"88";"-";"-";"34";"26";"-";"-";"0";"-";"-";"-";"-";"-";"740";"514";"13";"3";"498";"151";"10";"108";"20";"19";"5";"-";"-";"13";"-";"-";"-";"-";"-";"24";"-";"-";"-";"88";"-";"-";"34";"26";"-";"0";"-";"-";"-";"-"
"787005";"787005";"87";"10";"3";"557";"427";"3";"1";"423";"85";"2";"142";"10";"26";"0";"-";"-";"0";"-";"-";"-";"-";"-";"20";"-";"-";"-";"114";"-";"-";"19";"4";"-";"-";"1";"-";"-";"-";"-";"-";"557";"427";"3";"1";"423";"85";"2";"142";"10";"26";"0";"-";"-";"0";"-";"-";"-";"-";"-";"20";"-";"-";"-";"114";"-";"-";"19";"4";"-";"1";"-";"-";"-";"-"
"787006";"787006";"87";"10";"3";"1247";"886";"5";"3";"878";"217";"30";"116";"28";"13";"164";"-";"-";"7";"-";"-";"-";"-";"-";"22";"-";"-";"-";"242";"-";"-";"20";"18";"-";"-";"1";"-";"-";"-";"-";"-";"1247";"886";"5";"3";"878";"217";"30";"116";"28";"13";"164";"-";"-";"7";"-";"-";"-";"-";"-";"22";"-";"-";"-";"242";"-";"-";"20";"18";"-";"1";"-";"-";"-";"-"
"787007";"787007";"87";"10";"3";"993";"780";"5";"1";"774";"195";"117";"124";"22";"14";"19";"-";"-";"0";"-";"-";"-";"-";"-";"18";"-";"-";"-";"165";"-";"-";"10";"89";"-";"-";"1";"-";"-";"-";"-";"-";"993";"780";"5";"1";"774";"195";"117";"124";"22";"14";"19";"-";"-";"0";"-";"-";"-";"-";"-";"18";"-";"-";"-";"165";"-";"-";"10";"89";"-";"1";"-";"-";"-";"-"
"787008";"787008";"87";"10";"3";"1091";"768";"4";"1";"763";"295";"13";"162";"16";"30";"13";"-";"-";"4";"-";"-";"-";"-";"-";"18";"-";"-";"-";"167";"-";"-";"20";"25";"-";"-";"0";"-";"-";"-";"-";"-";"1091";"768";"4";"1";"763";"295";"13";"162";"16";"30";"13";"-";"-";"4";"-";"-";"-";"-";"-";"18";"-";"-";"-";"167";"-";"-";"20";"25";"-";"0";"-";"-";"-";"-"
"787009";"787009";"87";"10";"3";"478";"339";"5";"2";"332";"85";"5";"100";"18";"13";"6";"-";"-";"4";"-";"-";"-";"-";"-";"15";"-";"-";"-";"74";"-";"-";"12";"0";"-";"-";"0";"-";"-";"-";"-";"-";"478";"339";"5";"2";"332";"85";"5";"100";"18";"13";"6";"-";"-";"4";"-";"-";"-";"-";"-";"15";"-";"-";"-";"74";"-";"-";"12";"0";"-";"0";"-";"-";"-";"-"
"787010";"787010";"87";"10";"3";"1578";"1096";"7";"3";"1086";"331";"8";"311";"64";"33";"6";"-";"-";"7";"-";"-";"-";"-";"-";"102";"-";"-";"-";"167";"-";"-";"40";"16";"-";"-";"1";"-";"-";"-";"-";"-";"1578";"1096";"7";"3";"1086";"331";"8";"311";"64";"33";"6";"-";"-";"7";"-";"-";"-";"-";"-";"102";"-";"-";"-";"167";"-";"-";"40";"16";"-";"1";"-";"-";"-";"-"
"787011";"787011";"87";"10";"3";"300";"230";"2";"1";"227";"64";"8";"58";"8";"7";"0";"-";"-";"0";"-";"-";"-";"-";"-";"12";"-";"-";"-";"55";"-";"-";"8";"7";"-";"-";"0";"-";"-";"-";"-";"-";"300";"230";"2";"1";"227";"64";"8";"58";"8";"7";"0";"-";"-";"0";"-";"-";"-";"-";"-";"12";"-";"-";"-";"55";"-";"-";"8";"7";"-";"0";"-";"-";"-";"-"
"787012";"787012";"87";"10";"3";"3297";"2404";"23";"6";"2375";"983";"45";"471";"63";"70";"37";"-";"-";"23";"-";"-";"-";"-";"-";"65";"-";"-";"-";"480";"-";"-";"93";"42";"-";"-";"3";"-";"-";"-";"-";"-";"3297";"2404";"23";"6";"2375";"983";"45";"471";"63";"70";"37";"-";"-";"23";"-";"-";"-";"-";"-";"65";"-";"-";"-";"480";"-";"-";"93";"42";"-";"3";"-";"-";"-";"-"
"787013";"787013";"87";"10";"3";"320";"216";"2";"2";"212";"63";"4";"32";"12";"11";"4";"-";"-";"6";"-";"-";"-";"-";"-";"17";"-";"-";"-";"34";"-";"-";"19";"10";"-";"-";"0";"-";"-";"-";"-";"-";"320";"216";"2";"2";"212";"63";"4";"32";"12";"11";"4";"-";"-";"6";"-";"-";"-";"-";"-";"17";"-";"-";"-";"34";"-";"-";"19";"10";"-";"0";"-";"-";"-";"-"
"787014";"787014";"87";"10";"3";"484";"383";"3";"0";"380";"85";"14";"76";"25";"8";"11";"-";"-";"5";"-";"-";"-";"-";"-";"8";"-";"-";"-";"119";"-";"-";"20";"9";"-";"-";"0";"-";"-";"-";"-";"-";"484";"383";"3";"0";"380";"85";"14";"76";"25";"8";"11";"-";"-";"5";"-";"-";"-";"-";"-";"8";"-";"-";"-";"119";"-";"-";"20";"9";"-";"0";"-";"-";"-";"-"
"787015";"787015";"87";"10";"3";"879";"616";"4";"0";"612";"243";"8";"64";"20";"30";"6";"-";"-";"2";"-";"-";"-";"-";"-";"32";"-";"-";"-";"165";"-";"-";"29";"12";"-";"-";"1";"-";"-";"-";"-";"-";"879";"616";"4";"0";"612";"243";"8";"64";"20";"30";"6";"-";"-";"2";"-";"-";"-";"-";"-";"32";"-";"-";"-";"165";"-";"-";"29";"12";"-";"1";"-";"-";"-";"-"
"787016";"787016";"87";"10";"3";"841";"566";"6";"1";"559";"187";"4";"107";"13";"11";"5";"-";"-";"1";"-";"-";"-";"-";"-";"17";"-";"-";"-";"195";"-";"-";"10";"6";"-";"-";"3";"-";"-";"-";"-";"-";"841";"566";"6";"1";"559";"187";"4";"107";"13";"11";"5";"-";"-";"1";"-";"-";"-";"-";"-";"17";"-";"-";"-";"195";"-";"-";"10";"6";"-";"3";"-";"-";"-";"-"
"787017";"787017";"87";"10";"3";"1633";"983";"3";"8";"972";"343";"2";"263";"37";"24";"8";"-";"-";"3";"-";"-";"-";"-";"-";"29";"-";"-";"-";"234";"-";"-";"21";"7";"-";"-";"1";"-";"-";"-";"-";"-";"1633";"983";"3";"8";"972";"343";"2";"263";"37";"24";"8";"-";"-";"3";"-";"-";"-";"-";"-";"29";"-";"-";"-";"234";"-";"-";"21";"7";"-";"1";"-";"-";"-";"-"
"787018";"787018";"87";"10";"3";"734";"395";"5";"1";"389";"121";"2";"120";"13";"3";"5";"-";"-";"3";"-";"-";"-";"-";"-";"6";"-";"-";"-";"103";"-";"-";"8";"4";"-";"-";"1";"-";"-";"-";"-";"-";"734";"395";"5";"1";"389";"121";"2";"120";"13";"3";"5";"-";"-";"3";"-";"-";"-";"-";"-";"6";"-";"-";"-";"103";"-";"-";"8";"4";"-";"1";"-";"-";"-";"-"
"787019";"787019";"87";"10";"3";"876";"680";"6";"0";"674";"241";"29";"84";"16";"28";"9";"-";"-";"2";"-";"-";"-";"-";"-";"13";"-";"-";"-";"87";"-";"-";"87";"77";"-";"-";"1";"-";"-";"-";"-";"-";"876";"680";"6";"0";"674";"241";"29";"84";"16";"28";"9";"-";"-";"2";"-";"-";"-";"-";"-";"13";"-";"-";"-";"87";"-";"-";"87";"77";"-";"1";"-";"-";"-";"-"
"787020";"787020";"87";"10";"3";"851";"605";"10";"0";"595";"142";"3";"44";"16";"71";"3";"-";"-";"4";"-";"-";"-";"-";"-";"40";"-";"-";"-";"196";"-";"-";"53";"22";"-";"-";"1";"-";"-";"-";"-";"-";"851";"605";"10";"0";"595";"142";"3";"44";"16";"71";"3";"-";"-";"4";"-";"-";"-";"-";"-";"40";"-";"-";"-";"196";"-";"-";"53";"22";"-";"1";"-";"-";"-";"-"
"787021";"787021";"87";"10";"3";"226";"181";"0";"0";"181";"44";"4";"25";"6";"19";"4";"-";"-";"0";"-";"-";"-";"-";"-";"9";"-";"-";"-";"57";"-";"-";"6";"7";"-";"-";"0";"-";"-";"-";"-";"-";"226";"181";"0";"0";"181";"44";"4";"25";"6";"19";"4";"-";"-";"0";"-";"-";"-";"-";"-";"9";"-";"-";"-";"57";"-";"-";"6";"7";"-";"0";"-";"-";"-";"-"
"787023";"787023";"87";"10";"3";"1603";"1138";"14";"2";"1122";"324";"11";"193";"62";"21";"7";"-";"-";"8";"-";"-";"-";"-";"-";"64";"-";"-";"-";"371";"-";"-";"43";"18";"-";"-";"0";"-";"-";"-";"-";"-";"1603";"1138";"14";"2";"1122";"324";"11";"193";"62";"21";"7";"-";"-";"8";"-";"-";"-";"-";"-";"64";"-";"-";"-";"371";"-";"-";"43";"18";"-";"0";"-";"-";"-";"-"
"787024";"787024";"87";"10";"3";"2640";"1887";"12";"2";"1873";"757";"18";"516";"60";"33";"8";"-";"-";"13";"-";"-";"-";"-";"-";"52";"-";"-";"-";"380";"-";"-";"28";"6";"-";"-";"2";"-";"-";"-";"-";"-";"2640";"1887";"12";"2";"1873";"757";"18";"516";"60";"33";"8";"-";"-";"13";"-";"-";"-";"-";"-";"52";"-";"-";"-";"380";"-";"-";"28";"6";"-";"2";"-";"-";"-";"-"
"787025";"787025";"87";"10";"3";"1360";"967";"12";"4";"951";"244";"7";"175";"31";"16";"3";"-";"-";"6";"-";"-";"-";"-";"-";"43";"-";"-";"-";"370";"-";"-";"28";"28";"-";"-";"0";"-";"-";"-";"-";"-";"1360";"967";"12";"4";"951";"244";"7";"175";"31";"16";"3";"-";"-";"6";"-";"-";"-";"-";"-";"43";"-";"-";"-";"370";"-";"-";"28";"28";"-";"0";"-";"-";"-";"-"
"787026";"787026";"87";"10";"3";"1377";"1065";"8";"4";"1053";"313";"7";"458";"25";"20";"2";"-";"-";"5";"-";"-";"-";"-";"-";"34";"-";"-";"-";"160";"-";"-";"17";"11";"-";"-";"1";"-";"-";"-";"-";"-";"1377";"1065";"8";"4";"1053";"313";"7";"458";"25";"20";"2";"-";"-";"5";"-";"-";"-";"-";"-";"34";"-";"-";"-";"160";"-";"-";"17";"11";"-";"1";"-";"-";"-";"-"
"787027";"787027";"87";"10";"3";"880";"644";"6";"2";"636";"222";"8";"169";"18";"19";"4";"-";"-";"2";"-";"-";"-";"-";"-";"26";"-";"-";"-";"137";"-";"-";"22";"9";"-";"-";"0";"-";"-";"-";"-";"-";"880";"644";"6";"2";"636";"222";"8";"169";"18";"19";"4";"-";"-";"2";"-";"-";"-";"-";"-";"26";"-";"-";"-";"137";"-";"-";"22";"9";"-";"0";"-";"-";"-";"-"
"791001";"791001";"75";"9";"3";"2504";"1807";"26";"7";"1774";"655";"18";"253";"57";"44";"9";"-";"-";"52";"-";"-";"-";"-";"-";"59";"-";"3";"-";"563";"-";"-";"33";"14";"-";"-";"-";"9";"-";"-";"5";"-";"2504";"1807";"26";"7";"1774";"655";"18";"253";"57";"44";"9";"-";"-";"52";"-";"-";"-";"-";"-";"59";"-";"3";"-";"563";"-";"-";"33";"14";"-";"-";"9";"-";"-";"5"
"791002";"791002";"75";"9";"3";"2626";"2070";"23";"2";"2045";"507";"50";"348";"31";"152";"15";"-";"-";"22";"-";"-";"-";"-";"-";"37";"-";"1";"-";"632";"-";"-";"117";"86";"-";"-";"-";"41";"-";"-";"6";"-";"2626";"2070";"23";"2";"2045";"507";"50";"348";"31";"152";"15";"-";"-";"22";"-";"-";"-";"-";"-";"37";"-";"1";"-";"632";"-";"-";"117";"86";"-";"-";"41";"-";"-";"6"
"791003";"791003";"75";"9";"3";"2723";"1773";"17";"3";"1753";"608";"15";"349";"65";"42";"6";"-";"-";"14";"-";"-";"-";"-";"-";"63";"-";"20";"-";"531";"-";"-";"28";"9";"-";"-";"-";"2";"-";"-";"1";"-";"2723";"1773";"17";"3";"1753";"608";"15";"349";"65";"42";"6";"-";"-";"14";"-";"-";"-";"-";"-";"63";"-";"20";"-";"531";"-";"-";"28";"9";"-";"-";"2";"-";"-";"1"
"791004";"791004";"75";"9";"3";"2768";"2203";"24";"6";"2173";"321";"24";"726";"40";"84";"23";"-";"-";"7";"-";"-";"-";"-";"-";"57";"-";"1";"-";"775";"-";"-";"55";"38";"-";"-";"-";"12";"-";"-";"10";"-";"2768";"2203";"24";"6";"2173";"321";"24";"726";"40";"84";"23";"-";"-";"7";"-";"-";"-";"-";"-";"57";"-";"1";"-";"775";"-";"-";"55";"38";"-";"-";"12";"-";"-";"10"
"791005";"791005";"75";"9";"3";"1795";"1299";"11";"0";"1288";"179";"11";"429";"29";"49";"12";"-";"-";"9";"-";"-";"-";"-";"-";"31";"-";"0";"-";"497";"-";"-";"23";"7";"-";"-";"-";"12";"-";"-";"0";"-";"1795";"1299";"11";"0";"1288";"179";"11";"429";"29";"49";"12";"-";"-";"9";"-";"-";"-";"-";"-";"31";"-";"0";"-";"497";"-";"-";"23";"7";"-";"-";"12";"-";"-";"0"
"791006";"791006";"75";"9";"3";"2614";"1853";"29";"8";"1816";"400";"16";"716";"35";"71";"19";"-";"-";"7";"-";"-";"-";"-";"-";"35";"-";"0";"-";"466";"-";"-";"36";"9";"-";"-";"-";"5";"-";"-";"1";"-";"2614";"1853";"29";"8";"1816";"400";"16";"716";"35";"71";"19";"-";"-";"7";"-";"-";"-";"-";"-";"35";"-";"0";"-";"466";"-";"-";"36";"9";"-";"-";"5";"-";"-";"1"
"791007";"791007";"75";"9";"3";"1745";"1249";"12";"2";"1235";"178";"10";"289";"55";"167";"15";"-";"-";"3";"-";"-";"-";"-";"-";"38";"-";"1";"-";"457";"-";"-";"16";"5";"-";"-";"-";"0";"-";"-";"1";"-";"1745";"1249";"12";"2";"1235";"178";"10";"289";"55";"167";"15";"-";"-";"3";"-";"-";"-";"-";"-";"38";"-";"1";"-";"457";"-";"-";"16";"5";"-";"-";"0";"-";"-";"1"
"791008";"791008";"75";"9";"3";"24077";"15730";"168";"57";"15505";"3894";"322";"3150";"258";"925";"159";"-";"-";"74";"-";"-";"-";"-";"-";"320";"-";"10";"-";"4941";"-";"-";"654";"404";"-";"-";"-";"310";"-";"-";"84";"-";"24077";"15730";"168";"57";"15505";"3894";"322";"3150";"258";"925";"159";"-";"-";"74";"-";"-";"-";"-";"-";"320";"-";"10";"-";"4941";"-";"-";"654";"404";"-";"-";"310";"-";"-";"84"
"791009";"791009";"76";"9";"3";"5792";"4019";"39";"13";"3967";"936";"63";"1290";"96";"144";"28";"-";"-";"68";"-";"-";"-";"-";"-";"86";"-";"3";"-";"1106";"-";"-";"73";"43";"-";"-";"-";"14";"-";"-";"17";"-";"5792";"4019";"39";"13";"3967";"936";"63";"1290";"96";"144";"28";"-";"-";"68";"-";"-";"-";"-";"-";"86";"-";"3";"-";"1106";"-";"-";"73";"43";"-";"-";"14";"-";"-";"17"
"791010";"791010";"76";"9";"3";"2294";"1535";"12";"7";"1516";"358";"20";"516";"27";"47";"9";"-";"-";"16";"-";"-";"-";"-";"-";"46";"-";"1";"-";"430";"-";"-";"23";"13";"-";"-";"-";"8";"-";"-";"2";"-";"2294";"1535";"12";"7";"1516";"358";"20";"516";"27";"47";"9";"-";"-";"16";"-";"-";"-";"-";"-";"46";"-";"1";"-";"430";"-";"-";"23";"13";"-";"-";"8";"-";"-";"2"
"791011";"791011";"76";"9";"3";"1863";"1258";"14";"5";"1239";"234";"20";"240";"138";"44";"16";"-";"-";"7";"-";"-";"-";"-";"-";"61";"-";"0";"-";"429";"-";"-";"30";"12";"-";"-";"-";"4";"-";"-";"4";"-";"1863";"1258";"14";"5";"1239";"234";"20";"240";"138";"44";"16";"-";"-";"7";"-";"-";"-";"-";"-";"61";"-";"0";"-";"429";"-";"-";"30";"12";"-";"-";"4";"-";"-";"4"
"791012";"791012";"76";"9";"3";"3637";"2527";"19";"5";"2503";"535";"41";"319";"86";"64";"11";"-";"-";"14";"-";"-";"-";"-";"-";"90";"-";"0";"-";"1272";"-";"-";"37";"15";"-";"-";"-";"11";"-";"-";"8";"-";"3637";"2527";"19";"5";"2503";"535";"41";"319";"86";"64";"11";"-";"-";"14";"-";"-";"-";"-";"-";"90";"-";"0";"-";"1272";"-";"-";"37";"15";"-";"-";"11";"-";"-";"8"
"791013";"791013";"76";"9";"3";"10451";"7893";"71";"19";"7803";"1876";"169";"1650";"91";"413";"56";"-";"-";"30";"-";"-";"-";"-";"-";"163";"-";"7";"-";"2783";"-";"-";"279";"164";"-";"-";"-";"79";"-";"-";"43";"-";"10451";"7893";"71";"19";"7803";"1876";"169";"1650";"91";"413";"56";"-";"-";"30";"-";"-";"-";"-";"-";"163";"-";"7";"-";"2783";"-";"-";"279";"164";"-";"-";"79";"-";"-";"43"
"791014";"791014";"76";"9";"3";"2793";"2028";"15";"2";"2011";"378";"26";"440";"52";"102";"21";"-";"-";"12";"-";"-";"-";"-";"-";"70";"-";"2";"-";"784";"-";"-";"59";"47";"-";"-";"-";"13";"-";"-";"5";"-";"2793";"2028";"15";"2";"2011";"378";"26";"440";"52";"102";"21";"-";"-";"12";"-";"-";"-";"-";"-";"70";"-";"2";"-";"784";"-";"-";"59";"47";"-";"-";"13";"-";"-";"5"
"791015";"791015";"76";"9";"3";"2595";"1822";"13";"3";"1806";"302";"17";"281";"84";"64";"10";"-";"-";"57";"-";"-";"-";"-";"-";"62";"-";"0";"-";"840";"-";"-";"41";"28";"-";"-";"-";"13";"-";"-";"7";"-";"2595";"1822";"13";"3";"1806";"302";"17";"281";"84";"64";"10";"-";"-";"57";"-";"-";"-";"-";"-";"62";"-";"0";"-";"840";"-";"-";"41";"28";"-";"-";"13";"-";"-";"7"
"791016";"791016";"76";"9";"3";"2890";"2125";"16";"5";"2104";"389";"16";"417";"43";"223";"17";"-";"-";"15";"-";"-";"-";"-";"-";"60";"-";"2";"-";"842";"-";"-";"35";"28";"-";"-";"-";"9";"-";"-";"8";"-";"2890";"2125";"16";"5";"2104";"389";"16";"417";"43";"223";"17";"-";"-";"15";"-";"-";"-";"-";"-";"60";"-";"2";"-";"842";"-";"-";"35";"28";"-";"-";"9";"-";"-";"8"
"791017";"791017";"76";"9";"3";"2478";"1822";"19";"4";"1799";"460";"30";"350";"65";"74";"30";"-";"-";"18";"-";"-";"-";"-";"-";"121";"-";"3";"-";"580";"-";"-";"34";"17";"-";"-";"-";"8";"-";"-";"9";"-";"2478";"1822";"19";"4";"1799";"460";"30";"350";"65";"74";"30";"-";"-";"18";"-";"-";"-";"-";"-";"121";"-";"3";"-";"580";"-";"-";"34";"17";"-";"-";"8";"-";"-";"9"
"810001";"810001";"86";"10";"3";"662";"424";"3";"2";"419";"69";"6";"16";"31";"6";"1";"92";"0";"0";"-";"-";"-";"-";"-";"15";"-";"-";"-";"174";"-";"-";"9";"-";"-";"-";"-";"-";"-";"-";"-";"-";"662";"424";"3";"2";"419";"69";"6";"16";"31";"6";"1";"92";"0";"0";"-";"-";"-";"-";"-";"15";"-";"-";"-";"174";"-";"-";"9";"-";"-";"-";"-";"-";"-";"-"
"810002";"810002";"86";"10";"3";"1462";"954";"7";"2";"945";"436";"6";"28";"36";"20";"0";"46";"3";"7";"-";"-";"-";"-";"-";"37";"-";"-";"-";"299";"-";"-";"27";"-";"-";"-";"-";"-";"-";"-";"-";"-";"1462";"954";"7";"2";"945";"436";"6";"28";"36";"20";"0";"46";"3";"7";"-";"-";"-";"-";"-";"37";"-";"-";"-";"299";"-";"-";"27";"-";"-";"-";"-";"-";"-";"-"
"810003";"810003";"86";"10";"3";"4026";"2771";"23";"9";"2739";"729";"67";"151";"65";"50";"13";"475";"35";"14";"-";"-";"-";"-";"-";"72";"-";"-";"-";"1001";"-";"-";"67";"-";"-";"-";"-";"-";"-";"-";"-";"-";"4026";"2771";"23";"9";"2739";"729";"67";"151";"65";"50";"13";"475";"35";"14";"-";"-";"-";"-";"-";"72";"-";"-";"-";"1001";"-";"-";"67";"-";"-";"-";"-";"-";"-";"-"
"810004";"810004";"86";"10";"3";"1026";"695";"4";"2";"689";"112";"10";"28";"39";"17";"1";"31";"7";"1";"-";"-";"-";"-";"-";"123";"-";"-";"-";"305";"-";"-";"15";"-";"-";"-";"-";"-";"-";"-";"-";"-";"1026";"695";"4";"2";"689";"112";"10";"28";"39";"17";"1";"31";"7";"1";"-";"-";"-";"-";"-";"123";"-";"-";"-";"305";"-";"-";"15";"-";"-";"-";"-";"-";"-";"-"
"810005";"810005";"86";"10";"3";"3546";"2630";"23";"4";"2603";"688";"20";"126";"82";"51";"7";"367";"15";"21";"-";"-";"-";"-";"-";"68";"-";"-";"-";"1109";"-";"-";"49";"-";"-";"-";"-";"-";"-";"-";"-";"-";"3546";"2630";"23";"4";"2603";"688";"20";"126";"82";"51";"7";"367";"15";"21";"-";"-";"-";"-";"-";"68";"-";"-";"-";"1109";"-";"-";"49";"-";"-";"-";"-";"-";"-";"-"
"810006";"810006";"86";"10";"3";"1496";"1048";"13";"1";"1034";"223";"5";"45";"40";"19";"6";"53";"20";"6";"-";"-";"-";"-";"-";"46";"-";"-";"-";"545";"-";"-";"26";"-";"-";"-";"-";"-";"-";"-";"-";"-";"1496";"1048";"13";"1";"1034";"223";"5";"45";"40";"19";"6";"53";"20";"6";"-";"-";"-";"-";"-";"46";"-";"-";"-";"545";"-";"-";"26";"-";"-";"-";"-";"-";"-";"-"
"810010";"810010";"86";"10";"3";"10334";"7201";"72";"17";"7112";"2521";"85";"759";"176";"234";"69";"64";"37";"17";"-";"-";"-";"-";"-";"286";"-";"-";"-";"2673";"-";"-";"191";"-";"-";"-";"-";"-";"-";"-";"-";"-";"10334";"7201";"72";"17";"7112";"2521";"85";"759";"176";"234";"69";"64";"37";"17";"-";"-";"-";"-";"-";"286";"-";"-";"-";"2673";"-";"-";"191";"-";"-";"-";"-";"-";"-";"-"
"810034";"810034";"86";"10";"3";"520";"392";"3";"0";"389";"186";"2";"21";"17";"15";"2";"0";"0";"0";"-";"-";"-";"-";"-";"10";"-";"-";"-";"129";"-";"-";"7";"-";"-";"-";"-";"-";"-";"-";"-";"-";"520";"392";"3";"0";"389";"186";"2";"21";"17";"15";"2";"0";"0";"0";"-";"-";"-";"-";"-";"10";"-";"-";"-";"129";"-";"-";"7";"-";"-";"-";"-";"-";"-";"-"
"810040";"810040";"86";"10";"3";"939";"686";"5";"0";"681";"255";"3";"43";"39";"10";"8";"5";"3";"7";"-";"-";"-";"-";"-";"26";"-";"-";"-";"269";"-";"-";"13";"-";"-";"-";"-";"-";"-";"-";"-";"-";"939";"686";"5";"0";"681";"255";"3";"43";"39";"10";"8";"5";"3";"7";"-";"-";"-";"-";"-";"26";"-";"-";"-";"269";"-";"-";"13";"-";"-";"-";"-";"-";"-";"-"
"810050";"810050";"86";"10";"3";"1226";"890";"11";"5";"874";"251";"25";"193";"32";"41";"4";"10";"6";"4";"-";"-";"-";"-";"-";"17";"-";"-";"-";"271";"-";"-";"20";"-";"-";"-";"-";"-";"-";"-";"-";"-";"1226";"890";"11";"5";"874";"251";"25";"193";"32";"41";"4";"10";"6";"4";"-";"-";"-";"-";"-";"17";"-";"-";"-";"271";"-";"-";"20";"-";"-";"-";"-";"-";"-";"-"
"810056";"810056";"86";"10";"3";"508";"364";"7";"0";"357";"78";"0";"31";"25";"9";"4";"1";"1";"2";"-";"-";"-";"-";"-";"18";"-";"-";"-";"176";"-";"-";"12";"-";"-";"-";"-";"-";"-";"-";"-";"-";"508";"364";"7";"0";"357";"78";"0";"31";"25";"9";"4";"1";"1";"2";"-";"-";"-";"-";"-";"18";"-";"-";"-";"176";"-";"-";"12";"-";"-";"-";"-";"-";"-";"-"
"810070";"810070";"86";"10";"3";"1878";"1250";"12";"3";"1235";"264";"7";"72";"76";"30";"3";"24";"10";"6";"-";"-";"-";"-";"-";"113";"-";"-";"-";"588";"-";"-";"42";"-";"-";"-";"-";"-";"-";"-";"-";"-";"1878";"1250";"12";"3";"1235";"264";"7";"72";"76";"30";"3";"24";"10";"6";"-";"-";"-";"-";"-";"113";"-";"-";"-";"588";"-";"-";"42";"-";"-";"-";"-";"-";"-";"-"
"810080";"810080";"86";"10";"3";"671";"483";"3";"1";"479";"111";"2";"21";"17";"12";"1";"3";"1";"5";"-";"-";"-";"-";"-";"17";"-";"-";"-";"271";"-";"-";"18";"-";"-";"-";"-";"-";"-";"-";"-";"-";"671";"483";"3";"1";"479";"111";"2";"21";"17";"12";"1";"3";"1";"5";"-";"-";"-";"-";"-";"17";"-";"-";"-";"271";"-";"-";"18";"-";"-";"-";"-";"-";"-";"-"
"813001";"813001";"84";"10";"3";"6539";"4250";"39";"12";"4199";"2351";"-";"174";"176";"61";"-";"-";"-";"6";"-";"-";"-";"-";"-";"150";"-";"-";"-";"1213";"-";"-";"68";"-";"-";"-";"-";"-";"-";"-";"-";"-";"6539";"4250";"39";"12";"4199";"2351";"-";"174";"176";"61";"-";"-";"-";"6";"-";"-";"-";"-";"-";"150";"-";"-";"-";"1213";"-";"-";"68";"-";"-";"-";"-";"-";"-";"-"
"813002";"813002";"84";"10";"3";"115";"94";"0";"1";"93";"34";"-";"3";"5";"3";"-";"-";"-";"1";"-";"-";"-";"-";"-";"2";"-";"-";"-";"40";"-";"-";"5";"-";"-";"-";"-";"-";"-";"-";"-";"-";"115";"94";"0";"1";"93";"34";"-";"3";"5";"3";"-";"-";"-";"1";"-";"-";"-";"-";"-";"2";"-";"-";"-";"40";"-";"-";"5";"-";"-";"-";"-";"-";"-";"-"
"813003";"813003";"84";"10";"3";"1525";"1164";"5";"3";"1156";"655";"-";"136";"36";"29";"-";"-";"-";"5";"-";"-";"-";"-";"-";"38";"-";"-";"-";"221";"-";"-";"36";"-";"-";"-";"-";"-";"-";"-";"-";"-";"1525";"1164";"5";"3";"1156";"655";"-";"136";"36";"29";"-";"-";"-";"5";"-";"-";"-";"-";"-";"38";"-";"-";"-";"221";"-";"-";"36";"-";"-";"-";"-";"-";"-";"-"
"813004";"813004";"84";"10";"3";"759";"525";"1";"0";"524";"301";"-";"42";"52";"14";"-";"-";"-";"1";"-";"-";"-";"-";"-";"28";"-";"-";"-";"73";"-";"-";"13";"-";"-";"-";"-";"-";"-";"-";"-";"-";"759";"525";"1";"0";"524";"301";"-";"42";"52";"14";"-";"-";"-";"1";"-";"-";"-";"-";"-";"28";"-";"-";"-";"73";"-";"-";"13";"-";"-";"-";"-";"-";"-";"-"
"813005";"813005";"84";"10";"3";"1283";"944";"4";"0";"940";"570";"-";"60";"58";"29";"-";"-";"-";"12";"-";"-";"-";"-";"-";"41";"-";"-";"-";"160";"-";"-";"10";"-";"-";"-";"-";"-";"-";"-";"-";"-";"1283";"944";"4";"0";"940";"570";"-";"60";"58";"29";"-";"-";"-";"12";"-";"-";"-";"-";"-";"41";"-";"-";"-";"160";"-";"-";"10";"-";"-";"-";"-";"-";"-";"-"
"813006";"813006";"84";"10";"3";"1977";"1449";"6";"7";"1436";"738";"-";"112";"71";"48";"-";"-";"-";"78";"-";"-";"-";"-";"-";"42";"-";"-";"-";"325";"-";"-";"22";"-";"-";"-";"-";"-";"-";"-";"-";"-";"1977";"1449";"6";"7";"1436";"738";"-";"112";"71";"48";"-";"-";"-";"78";"-";"-";"-";"-";"-";"42";"-";"-";"-";"325";"-";"-";"22";"-";"-";"-";"-";"-";"-";"-"
"813007";"813007";"84";"10";"3";"5142";"3443";"19";"17";"3407";"2264";"-";"217";"198";"142";"-";"-";"-";"4";"-";"-";"-";"-";"-";"116";"-";"-";"-";"408";"-";"-";"58";"-";"-";"-";"-";"-";"-";"-";"-";"-";"5142";"3443";"19";"17";"3407";"2264";"-";"217";"198";"142";"-";"-";"-";"4";"-";"-";"-";"-";"-";"116";"-";"-";"-";"408";"-";"-";"58";"-";"-";"-";"-";"-";"-";"-"
"813008";"813008";"84";"10";"3";"8356";"4945";"41";"50";"4854";"3137";"-";"328";"276";"279";"-";"-";"-";"15";"-";"-";"-";"-";"-";"139";"-";"-";"-";"544";"-";"-";"136";"-";"-";"-";"-";"-";"-";"-";"-";"-";"8356";"4945";"41";"50";"4854";"3137";"-";"328";"276";"279";"-";"-";"-";"15";"-";"-";"-";"-";"-";"139";"-";"-";"-";"544";"-";"-";"136";"-";"-";"-";"-";"-";"-";"-"
"813009";"813009";"84";"10";"3";"5830";"3860";"23";"26";"3811";"2447";"-";"276";"207";"201";"-";"-";"-";"13";"-";"-";"-";"-";"-";"92";"-";"-";"-";"495";"-";"-";"80";"-";"-";"-";"-";"-";"-";"-";"-";"-";"5830";"3860";"23";"26";"3811";"2447";"-";"276";"207";"201";"-";"-";"-";"13";"-";"-";"-";"-";"-";"92";"-";"-";"-";"495";"-";"-";"80";"-";"-";"-";"-";"-";"-";"-"
"813010";"813010";"84";"10";"3";"1458";"1029";"9";"0";"1020";"584";"-";"68";"49";"62";"-";"-";"-";"10";"-";"-";"-";"-";"-";"31";"-";"-";"-";"192";"-";"-";"24";"-";"-";"-";"-";"-";"-";"-";"-";"-";"1458";"1029";"9";"0";"1020";"584";"-";"68";"49";"62";"-";"-";"-";"10";"-";"-";"-";"-";"-";"31";"-";"-";"-";"192";"-";"-";"24";"-";"-";"-";"-";"-";"-";"-"
"813011";"813011";"84";"10";"3";"1544";"1193";"3";"5";"1185";"615";"-";"132";"77";"37";"-";"-";"-";"3";"-";"-";"-";"-";"-";"26";"-";"-";"-";"277";"-";"-";"18";"-";"-";"-";"-";"-";"-";"-";"-";"-";"1544";"1193";"3";"5";"1185";"615";"-";"132";"77";"37";"-";"-";"-";"3";"-";"-";"-";"-";"-";"26";"-";"-";"-";"277";"-";"-";"18";"-";"-";"-";"-";"-";"-";"-"
"813012";"813012";"84";"10";"3";"7518";"5556";"27";"52";"5477";"3055";"-";"472";"172";"250";"-";"-";"-";"18";"-";"-";"-";"-";"-";"119";"-";"-";"-";"1280";"-";"-";"111";"-";"-";"-";"-";"-";"-";"-";"-";"-";"7518";"5556";"27";"52";"5477";"3055";"-";"472";"172";"250";"-";"-";"-";"18";"-";"-";"-";"-";"-";"119";"-";"-";"-";"1280";"-";"-";"111";"-";"-";"-";"-";"-";"-";"-"
"813013";"813013";"84";"10";"3";"365";"279";"5";"2";"272";"118";"-";"13";"23";"7";"-";"-";"-";"5";"-";"-";"-";"-";"-";"9";"-";"-";"-";"86";"-";"-";"11";"-";"-";"-";"-";"-";"-";"-";"-";"-";"365";"279";"5";"2";"272";"118";"-";"13";"23";"7";"-";"-";"-";"5";"-";"-";"-";"-";"-";"9";"-";"-";"-";"86";"-";"-";"11";"-";"-";"-";"-";"-";"-";"-"
"813014";"813014";"84";"10";"3";"867";"585";"3";"4";"578";"283";"-";"19";"35";"22";"-";"-";"-";"3";"-";"-";"-";"-";"-";"29";"-";"-";"-";"174";"-";"-";"13";"-";"-";"-";"-";"-";"-";"-";"-";"-";"867";"585";"3";"4";"578";"283";"-";"19";"35";"22";"-";"-";"-";"3";"-";"-";"-";"-";"-";"29";"-";"-";"-";"174";"-";"-";"13";"-";"-";"-";"-";"-";"-";"-"
"813015";"813015";"84";"10";"3";"648";"459";"5";"3";"451";"212";"-";"33";"29";"16";"-";"-";"-";"5";"-";"-";"-";"-";"-";"14";"-";"-";"-";"135";"-";"-";"7";"-";"-";"-";"-";"-";"-";"-";"-";"-";"648";"459";"5";"3";"451";"212";"-";"33";"29";"16";"-";"-";"-";"5";"-";"-";"-";"-";"-";"14";"-";"-";"-";"135";"-";"-";"7";"-";"-";"-";"-";"-";"-";"-"
"813016";"813016";"84";"10";"3";"397";"273";"2";"1";"270";"129";"-";"14";"12";"3";"-";"-";"-";"0";"-";"-";"-";"-";"-";"5";"-";"-";"-";"93";"-";"-";"14";"-";"-";"-";"-";"-";"-";"-";"-";"-";"397";"273";"2";"1";"270";"129";"-";"14";"12";"3";"-";"-";"-";"0";"-";"-";"-";"-";"-";"5";"-";"-";"-";"93";"-";"-";"14";"-";"-";"-";"-";"-";"-";"-"
"813017";"813017";"84";"10";"3";"610";"412";"2";"0";"410";"201";"-";"29";"18";"7";"-";"-";"-";"6";"-";"-";"-";"-";"-";"19";"-";"-";"-";"122";"-";"-";"8";"-";"-";"-";"-";"-";"-";"-";"-";"-";"610";"412";"2";"0";"410";"201";"-";"29";"18";"7";"-";"-";"-";"6";"-";"-";"-";"-";"-";"19";"-";"-";"-";"122";"-";"-";"8";"-";"-";"-";"-";"-";"-";"-"
"813018";"813018";"84";"10";"3";"431";"355";"6";"2";"347";"146";"-";"20";"27";"12";"-";"-";"-";"3";"-";"-";"-";"-";"-";"8";"-";"-";"-";"120";"-";"-";"11";"-";"-";"-";"-";"-";"-";"-";"-";"-";"431";"355";"6";"2";"347";"146";"-";"20";"27";"12";"-";"-";"-";"3";"-";"-";"-";"-";"-";"8";"-";"-";"-";"120";"-";"-";"11";"-";"-";"-";"-";"-";"-";"-"
"813019";"813019";"84";"10";"3";"662";"465";"0";"1";"464";"145";"-";"12";"28";"9";"-";"-";"-";"0";"-";"-";"-";"-";"-";"15";"-";"-";"-";"247";"-";"-";"8";"-";"-";"-";"-";"-";"-";"-";"-";"-";"662";"465";"0";"1";"464";"145";"-";"12";"28";"9";"-";"-";"-";"0";"-";"-";"-";"-";"-";"15";"-";"-";"-";"247";"-";"-";"8";"-";"-";"-";"-";"-";"-";"-"
"813020";"813020";"84";"10";"3";"560";"373";"1";"0";"372";"194";"-";"36";"27";"9";"-";"-";"-";"0";"-";"-";"-";"-";"-";"10";"-";"-";"-";"90";"-";"-";"6";"-";"-";"-";"-";"-";"-";"-";"-";"-";"560";"373";"1";"0";"372";"194";"-";"36";"27";"9";"-";"-";"-";"0";"-";"-";"-";"-";"-";"10";"-";"-";"-";"90";"-";"-";"6";"-";"-";"-";"-";"-";"-";"-"
"813021";"813021";"84";"10";"3";"1447";"1022";"2";"4";"1016";"392";"-";"56";"45";"25";"-";"-";"-";"16";"-";"-";"-";"-";"-";"40";"-";"-";"-";"433";"-";"-";"9";"-";"-";"-";"-";"-";"-";"-";"-";"-";"1447";"1022";"2";"4";"1016";"392";"-";"56";"45";"25";"-";"-";"-";"16";"-";"-";"-";"-";"-";"40";"-";"-";"-";"433";"-";"-";"9";"-";"-";"-";"-";"-";"-";"-"
"813022";"813022";"84";"10";"3";"501";"390";"2";"0";"388";"186";"-";"35";"13";"10";"-";"-";"-";"1";"-";"-";"-";"-";"-";"14";"-";"-";"-";"123";"-";"-";"6";"-";"-";"-";"-";"-";"-";"-";"-";"-";"501";"390";"2";"0";"388";"186";"-";"35";"13";"10";"-";"-";"-";"1";"-";"-";"-";"-";"-";"14";"-";"-";"-";"123";"-";"-";"6";"-";"-";"-";"-";"-";"-";"-"
"820001";"820001";"88";"10";"3";"3110";"1965";"20";"3";"1942";"367";"25";"634";"69";"99";"-";"-";"-";"8";"-";"-";"-";"-";"-";"54";"9";"17";"-";"655";"-";"-";"5";"-";"-";"-";"-";"-";"-";"-";"-";"-";"3110";"1965";"20";"3";"1942";"367";"25";"634";"69";"99";"-";"-";"-";"8";"-";"-";"-";"-";"-";"54";"9";"17";"-";"655";"-";"-";"5";"-";"-";"-";"-";"-";"-";"-"
"820002";"820002";"88";"10";"3";"3865";"2542";"30";"4";"2508";"373";"67";"550";"91";"245";"-";"-";"-";"18";"-";"-";"-";"-";"-";"81";"15";"294";"-";"743";"-";"-";"31";"-";"-";"-";"-";"-";"-";"-";"-";"-";"3865";"2542";"30";"4";"2508";"373";"67";"550";"91";"245";"-";"-";"-";"18";"-";"-";"-";"-";"-";"81";"15";"294";"-";"743";"-";"-";"31";"-";"-";"-";"-";"-";"-";"-"
"820003";"820003";"88";"10";"3";"648";"454";"7";"1";"446";"60";"23";"82";"25";"45";"-";"-";"-";"3";"-";"-";"-";"-";"-";"22";"2";"41";"-";"134";"-";"-";"9";"-";"-";"-";"-";"-";"-";"-";"-";"-";"648";"454";"7";"1";"446";"60";"23";"82";"25";"45";"-";"-";"-";"3";"-";"-";"-";"-";"-";"22";"2";"41";"-";"134";"-";"-";"9";"-";"-";"-";"-";"-";"-";"-"
"820004";"820004";"88";"10";"3";"7484";"5216";"43";"12";"5161";"968";"127";"1816";"131";"482";"-";"-";"-";"23";"-";"-";"-";"-";"-";"119";"16";"131";"-";"1311";"-";"-";"37";"-";"-";"-";"-";"-";"-";"-";"-";"-";"7484";"5216";"43";"12";"5161";"968";"127";"1816";"131";"482";"-";"-";"-";"23";"-";"-";"-";"-";"-";"119";"16";"131";"-";"1311";"-";"-";"37";"-";"-";"-";"-";"-";"-";"-"
"820005";"820005";"88";"10";"3";"1342";"908";"5";"3";"900";"139";"17";"103";"46";"88";"-";"-";"-";"7";"-";"-";"-";"-";"-";"19";"2";"52";"-";"401";"-";"-";"26";"-";"-";"-";"-";"-";"-";"-";"-";"-";"1342";"908";"5";"3";"900";"139";"17";"103";"46";"88";"-";"-";"-";"7";"-";"-";"-";"-";"-";"19";"2";"52";"-";"401";"-";"-";"26";"-";"-";"-";"-";"-";"-";"-"
"820006";"820006";"88";"10";"3";"841";"582";"6";"1";"575";"167";"10";"117";"14";"45";"-";"-";"-";"3";"-";"-";"-";"-";"-";"17";"4";"12";"-";"180";"-";"-";"6";"-";"-";"-";"-";"-";"-";"-";"-";"-";"841";"582";"6";"1";"575";"167";"10";"117";"14";"45";"-";"-";"-";"3";"-";"-";"-";"-";"-";"17";"4";"12";"-";"180";"-";"-";"6";"-";"-";"-";"-";"-";"-";"-"
"820007";"820007";"88";"10";"3";"1460";"937";"15";"0";"922";"296";"12";"143";"46";"81";"-";"-";"-";"3";"-";"-";"-";"-";"-";"46";"1";"12";"-";"263";"-";"-";"19";"-";"-";"-";"-";"-";"-";"-";"-";"-";"1460";"937";"15";"0";"922";"296";"12";"143";"46";"81";"-";"-";"-";"3";"-";"-";"-";"-";"-";"46";"1";"12";"-";"263";"-";"-";"19";"-";"-";"-";"-";"-";"-";"-"
"820008";"820008";"88";"10";"3";"1421";"922";"10";"3";"909";"116";"13";"360";"35";"92";"-";"-";"-";"3";"-";"-";"-";"-";"-";"43";"9";"8";"-";"219";"-";"-";"11";"-";"-";"-";"-";"-";"-";"-";"-";"-";"1421";"922";"10";"3";"909";"116";"13";"360";"35";"92";"-";"-";"-";"3";"-";"-";"-";"-";"-";"43";"9";"8";"-";"219";"-";"-";"11";"-";"-";"-";"-";"-";"-";"-"
"820009";"820009";"88";"10";"3";"884";"581";"4";"3";"574";"69";"10";"150";"19";"55";"-";"-";"-";"7";"-";"-";"-";"-";"-";"26";"7";"16";"-";"206";"-";"-";"9";"-";"-";"-";"-";"-";"-";"-";"-";"-";"884";"581";"4";"3";"574";"69";"10";"150";"19";"55";"-";"-";"-";"7";"-";"-";"-";"-";"-";"26";"7";"16";"-";"206";"-";"-";"9";"-";"-";"-";"-";"-";"-";"-"
"820010";"820010";"88";"10";"3";"4051";"2734";"12";"6";"2716";"478";"41";"332";"74";"544";"-";"-";"-";"9";"-";"-";"-";"-";"-";"143";"6";"32";"-";"1031";"-";"-";"26";"-";"-";"-";"-";"-";"-";"-";"-";"-";"4051";"2734";"12";"6";"2716";"478";"41";"332";"74";"544";"-";"-";"-";"9";"-";"-";"-";"-";"-";"143";"6";"32";"-";"1031";"-";"-";"26";"-";"-";"-";"-";"-";"-";"-"
"820011";"820011";"88";"10";"3";"1416";"931";"6";"1";"924";"108";"23";"98";"30";"278";"-";"-";"-";"14";"-";"-";"-";"-";"-";"36";"6";"13";"-";"269";"-";"-";"49";"-";"-";"-";"-";"-";"-";"-";"-";"-";"1416";"931";"6";"1";"924";"108";"23";"98";"30";"278";"-";"-";"-";"14";"-";"-";"-";"-";"-";"36";"6";"13";"-";"269";"-";"-";"49";"-";"-";"-";"-";"-";"-";"-"
"820012";"820012";"88";"10";"3";"1030";"665";"8";"0";"657";"88";"4";"86";"31";"122";"-";"-";"-";"5";"-";"-";"-";"-";"-";"35";"4";"8";"-";"265";"-";"-";"9";"-";"-";"-";"-";"-";"-";"-";"-";"-";"1030";"665";"8";"0";"657";"88";"4";"86";"31";"122";"-";"-";"-";"5";"-";"-";"-";"-";"-";"35";"4";"8";"-";"265";"-";"-";"9";"-";"-";"-";"-";"-";"-";"-"
"820013";"820013";"88";"10";"3";"779";"527";"6";"1";"520";"52";"6";"38";"16";"75";"-";"-";"-";"2";"-";"-";"-";"-";"-";"13";"4";"12";"-";"300";"-";"-";"2";"-";"-";"-";"-";"-";"-";"-";"-";"-";"779";"527";"6";"1";"520";"52";"6";"38";"16";"75";"-";"-";"-";"2";"-";"-";"-";"-";"-";"13";"4";"12";"-";"300";"-";"-";"2";"-";"-";"-";"-";"-";"-";"-"
"820014";"820014";"88";"10";"3";"640";"467";"4";"1";"462";"158";"10";"76";"24";"37";"-";"-";"-";"6";"-";"-";"-";"-";"-";"10";"3";"5";"-";"128";"-";"-";"5";"-";"-";"-";"-";"-";"-";"-";"-";"-";"640";"467";"4";"1";"462";"158";"10";"76";"24";"37";"-";"-";"-";"6";"-";"-";"-";"-";"-";"10";"3";"5";"-";"128";"-";"-";"5";"-";"-";"-";"-";"-";"-";"-"
"825015";"825015";"84";"10";"3";"1546";"1249";"24";"13";"1212";"200";"-";"290";"57";"-";"-";"-";"-";"-";"-";"261";"-";"-";"-";"97";"-";"-";"-";"307";"-";"-";"-";"-";"-";"-";"-";"-";"-";"-";"-";"-";"1546";"1249";"24";"13";"1212";"200";"-";"290";"57";"-";"-";"-";"-";"-";"-";"261";"-";"-";"-";"97";"-";"-";"-";"307";"-";"-";"-";"-";"-";"-";"-";"-";"-";"-"
"840001";"840001";"88";"10";"3";"7446";"5706";"55";"13";"5638";"973";"451";"1882";"186";"279";"-";"-";"-";"-";"-";"19";"-";"-";"-";"94";"-";"325";"-";"1342";"-";"-";"87";"-";"-";"-";"-";"-";"-";"-";"-";"-";"7446";"5706";"55";"13";"5638";"973";"451";"1882";"186";"279";"-";"-";"-";"-";"-";"19";"-";"-";"-";"94";"-";"325";"-";"1342";"-";"-";"87";"-";"-";"-";"-";"-";"-";"-"
"840002";"840002";"88";"10";"3";"3297";"2681";"23";"14";"2644";"462";"395";"350";"58";"423";"-";"-";"-";"-";"-";"4";"-";"-";"-";"39";"-";"358";"-";"332";"-";"-";"223";"-";"-";"-";"-";"-";"-";"-";"-";"-";"3297";"2681";"23";"14";"2644";"462";"395";"350";"58";"423";"-";"-";"-";"-";"-";"4";"-";"-";"-";"39";"-";"358";"-";"332";"-";"-";"223";"-";"-";"-";"-";"-";"-";"-"
"840003";"840003";"88";"10";"3";"1833";"1395";"15";"3";"1377";"86";"84";"127";"45";"40";"-";"-";"-";"-";"-";"0";"-";"-";"-";"24";"-";"742";"-";"202";"-";"-";"27";"-";"-";"-";"-";"-";"-";"-";"-";"-";"1833";"1395";"15";"3";"1377";"86";"84";"127";"45";"40";"-";"-";"-";"-";"-";"0";"-";"-";"-";"24";"-";"742";"-";"202";"-";"-";"27";"-";"-";"-";"-";"-";"-";"-"
"840004";"840004";"88";"10";"3";"2133";"1566";"13";"4";"1549";"186";"88";"469";"64";"51";"-";"-";"-";"-";"-";"1";"-";"-";"-";"35";"-";"126";"-";"496";"-";"-";"33";"-";"-";"-";"-";"-";"-";"-";"-";"-";"2133";"1566";"13";"4";"1549";"186";"88";"469";"64";"51";"-";"-";"-";"-";"-";"1";"-";"-";"-";"35";"-";"126";"-";"496";"-";"-";"33";"-";"-";"-";"-";"-";"-";"-"
"840005";"840005";"88";"10";"3";"2262";"1553";"20";"2";"1531";"194";"84";"213";"80";"31";"-";"-";"-";"-";"-";"0";"-";"-";"-";"66";"-";"78";"-";"755";"-";"-";"30";"-";"-";"-";"-";"-";"-";"-";"-";"-";"2262";"1553";"20";"2";"1531";"194";"84";"213";"80";"31";"-";"-";"-";"-";"-";"0";"-";"-";"-";"66";"-";"78";"-";"755";"-";"-";"30";"-";"-";"-";"-";"-";"-";"-"
"840006";"840006";"88";"10";"3";"1018";"736";"5";"2";"729";"105";"37";"125";"36";"16";"-";"-";"-";"-";"-";"0";"-";"-";"-";"20";"-";"40";"-";"344";"-";"-";"6";"-";"-";"-";"-";"-";"-";"-";"-";"-";"1018";"736";"5";"2";"729";"105";"37";"125";"36";"16";"-";"-";"-";"-";"-";"0";"-";"-";"-";"20";"-";"40";"-";"344";"-";"-";"6";"-";"-";"-";"-";"-";"-";"-"
"840007";"840007";"88";"10";"3";"1540";"1207";"3";"1";"1203";"191";"108";"218";"36";"62";"-";"-";"-";"-";"-";"0";"-";"-";"-";"12";"-";"107";"-";"446";"-";"-";"23";"-";"-";"-";"-";"-";"-";"-";"-";"-";"1540";"1207";"3";"1";"1203";"191";"108";"218";"36";"62";"-";"-";"-";"-";"-";"0";"-";"-";"-";"12";"-";"107";"-";"446";"-";"-";"23";"-";"-";"-";"-";"-";"-";"-"
"840008";"840008";"88";"10";"3";"1236";"910";"8";"1";"901";"88";"89";"219";"39";"23";"-";"-";"-";"-";"-";"0";"-";"-";"-";"16";"-";"302";"-";"90";"-";"-";"35";"-";"-";"-";"-";"-";"-";"-";"-";"-";"1236";"910";"8";"1";"901";"88";"89";"219";"39";"23";"-";"-";"-";"-";"-";"0";"-";"-";"-";"16";"-";"302";"-";"90";"-";"-";"35";"-";"-";"-";"-";"-";"-";"-"
"840009";"840009";"88";"10";"3";"710";"522";"6";"1";"515";"93";"33";"74";"21";"13";"-";"-";"-";"-";"-";"0";"-";"-";"-";"120";"-";"29";"-";"117";"-";"-";"15";"-";"-";"-";"-";"-";"-";"-";"-";"-";"710";"522";"6";"1";"515";"93";"33";"74";"21";"13";"-";"-";"-";"-";"-";"0";"-";"-";"-";"120";"-";"29";"-";"117";"-";"-";"15";"-";"-";"-";"-";"-";"-";"-"
"840010";"840010";"88";"10";"3";"1175";"885";"8";"3";"874";"89";"118";"80";"32";"50";"-";"-";"-";"-";"-";"0";"-";"-";"-";"12";"-";"353";"-";"110";"-";"-";"30";"-";"-";"-";"-";"-";"-";"-";"-";"-";"1175";"885";"8";"3";"874";"89";"118";"80";"32";"50";"-";"-";"-";"-";"-";"0";"-";"-";"-";"12";"-";"353";"-";"110";"-";"-";"30";"-";"-";"-";"-";"-";"-";"-"
"840011";"840011";"88";"10";"3";"532";"412";"9";"1";"402";"39";"58";"64";"22";"14";"-";"-";"-";"-";"-";"0";"-";"-";"-";"7";"-";"28";"-";"148";"-";"-";"22";"-";"-";"-";"-";"-";"-";"-";"-";"-";"532";"412";"9";"1";"402";"39";"58";"64";"22";"14";"-";"-";"-";"-";"-";"0";"-";"-";"-";"7";"-";"28";"-";"148";"-";"-";"22";"-";"-";"-";"-";"-";"-";"-"
"846002";"846002";"89";"10";"3";"1846";"1232";"7";"2";"1223";"430";"14";"213";"58";"78";"-";"-";"-";"5";"-";"-";"20";"-";"-";"58";"-";"-";"-";"321";"-";"-";"26";"-";"-";"-";"-";"-";"-";"-";"-";"-";"1846";"1232";"7";"2";"1223";"430";"14";"213";"58";"78";"-";"-";"-";"5";"-";"-";"20";"-";"-";"58";"-";"-";"-";"321";"-";"-";"26";"-";"-";"-";"-";"-";"-";"-"
"846003";"846003";"89";"10";"3";"3263";"2258";"20";"8";"2230";"714";"24";"538";"67";"137";"-";"-";"-";"15";"-";"-";"44";"-";"-";"135";"-";"-";"-";"498";"-";"-";"58";"-";"-";"-";"-";"-";"-";"-";"-";"-";"3263";"2258";"20";"8";"2230";"714";"24";"538";"67";"137";"-";"-";"-";"15";"-";"-";"44";"-";"-";"135";"-";"-";"-";"498";"-";"-";"58";"-";"-";"-";"-";"-";"-";"-"
"846004";"846004";"89";"10";"3";"2954";"2091";"18";"4";"2069";"1018";"31";"104";"67";"42";"-";"-";"-";"4";"-";"-";"23";"-";"-";"70";"-";"-";"-";"661";"-";"-";"49";"-";"-";"-";"-";"-";"-";"-";"-";"-";"2954";"2091";"18";"4";"2069";"1018";"31";"104";"67";"42";"-";"-";"-";"4";"-";"-";"23";"-";"-";"70";"-";"-";"-";"661";"-";"-";"49";"-";"-";"-";"-";"-";"-";"-"
"846008";"846008";"89";"10";"3";"1733";"1270";"13";"4";"1253";"429";"37";"111";"53";"19";"-";"-";"-";"8";"-";"-";"34";"-";"-";"57";"-";"-";"-";"464";"-";"-";"41";"-";"-";"-";"-";"-";"-";"-";"-";"-";"1733";"1270";"13";"4";"1253";"429";"37";"111";"53";"19";"-";"-";"-";"8";"-";"-";"34";"-";"-";"57";"-";"-";"-";"464";"-";"-";"41";"-";"-";"-";"-";"-";"-";"-"
"846009";"846009";"89";"10";"3";"1796";"1180";"12";"1";"1167";"334";"17";"63";"84";"24";"-";"-";"-";"4";"-";"-";"23";"-";"-";"83";"-";"-";"-";"502";"-";"-";"33";"-";"-";"-";"-";"-";"-";"-";"-";"-";"1796";"1180";"12";"1";"1167";"334";"17";"63";"84";"24";"-";"-";"-";"4";"-";"-";"23";"-";"-";"83";"-";"-";"-";"502";"-";"-";"33";"-";"-";"-";"-";"-";"-";"-"
"846011";"846011";"89";"10";"3";"5448";"3744";"48";"1";"3695";"1293";"64";"329";"109";"66";"-";"-";"-";"10";"-";"-";"142";"-";"-";"135";"-";"-";"-";"1468";"-";"-";"79";"-";"-";"-";"-";"-";"-";"-";"-";"-";"5448";"3744";"48";"1";"3695";"1293";"64";"329";"109";"66";"-";"-";"-";"10";"-";"-";"142";"-";"-";"135";"-";"-";"-";"1468";"-";"-";"79";"-";"-";"-";"-";"-";"-";"-"
"846014";"846014";"89";"10";"3";"872";"580";"5";"2";"573";"254";"3";"36";"16";"8";"-";"-";"-";"3";"-";"-";"8";"-";"-";"20";"-";"-";"-";"206";"-";"-";"19";"-";"-";"-";"-";"-";"-";"-";"-";"-";"872";"580";"5";"2";"573";"254";"3";"36";"16";"8";"-";"-";"-";"3";"-";"-";"8";"-";"-";"20";"-";"-";"-";"206";"-";"-";"19";"-";"-";"-";"-";"-";"-";"-"
"846018";"846018";"89";"10";"3";"2096";"1480";"12";"3";"1465";"501";"5";"90";"32";"23";"-";"-";"-";"6";"-";"-";"20";"-";"-";"35";"-";"-";"-";"732";"-";"-";"21";"-";"-";"-";"-";"-";"-";"-";"-";"-";"2096";"1480";"12";"3";"1465";"501";"5";"90";"32";"23";"-";"-";"-";"6";"-";"-";"20";"-";"-";"35";"-";"-";"-";"732";"-";"-";"21";"-";"-";"-";"-";"-";"-";"-"
"846020";"846020";"89";"10";"3";"2847";"2065";"18";"6";"2041";"648";"60";"245";"86";"67";"-";"-";"-";"16";"-";"-";"92";"-";"-";"91";"-";"-";"-";"687";"-";"-";"49";"-";"-";"-";"-";"-";"-";"-";"-";"-";"2847";"2065";"18";"6";"2041";"648";"60";"245";"86";"67";"-";"-";"-";"16";"-";"-";"92";"-";"-";"91";"-";"-";"-";"687";"-";"-";"49";"-";"-";"-";"-";"-";"-";"-"
"846022";"846022";"89";"10";"3";"1733";"1067";"13";"8";"1046";"292";"22";"119";"48";"46";"-";"-";"-";"8";"-";"-";"36";"-";"-";"86";"-";"-";"-";"353";"-";"-";"36";"-";"-";"-";"-";"-";"-";"-";"-";"-";"1733";"1067";"13";"8";"1046";"292";"22";"119";"48";"46";"-";"-";"-";"8";"-";"-";"36";"-";"-";"86";"-";"-";"-";"353";"-";"-";"36";"-";"-";"-";"-";"-";"-";"-"
"846027";"846027";"89";"10";"3";"8912";"5709";"53";"33";"5623";"2328";"201";"729";"137";"176";"-";"-";"-";"35";"-";"-";"141";"-";"-";"250";"-";"-";"-";"1346";"-";"-";"280";"-";"-";"-";"-";"-";"-";"-";"-";"-";"8912";"5709";"53";"33";"5623";"2328";"201";"729";"137";"176";"-";"-";"-";"35";"-";"-";"141";"-";"-";"250";"-";"-";"-";"1346";"-";"-";"280";"-";"-";"-";"-";"-";"-";"-"
"849001";"849001";"86";"10";"3";"4956";"3726";"26";"12";"3688";"1060";"27";"215";"94";"97";"-";"-";"-";"30";"-";"-";"-";"-";"-";"70";"-";"-";"-";"1959";"-";"-";"48";"18";"-";"-";"-";"70";"-";"-";"-";"-";"4956";"3726";"26";"12";"3688";"1060";"27";"215";"94";"97";"-";"-";"-";"30";"-";"-";"-";"-";"-";"70";"-";"-";"-";"1959";"-";"-";"48";"18";"-";"-";"70";"-";"-";"-"
"849002";"849002";"86";"10";"3";"1467";"1140";"16";"5";"1119";"521";"4";"54";"47";"10";"-";"-";"-";"9";"-";"-";"-";"-";"-";"35";"-";"-";"-";"399";"-";"-";"17";"6";"-";"-";"-";"17";"-";"-";"-";"-";"1467";"1140";"16";"5";"1119";"521";"4";"54";"47";"10";"-";"-";"-";"9";"-";"-";"-";"-";"-";"35";"-";"-";"-";"399";"-";"-";"17";"6";"-";"-";"17";"-";"-";"-"
"849003";"849003";"86";"10";"3";"1286";"985";"5";"3";"977";"300";"1";"25";"22";"22";"-";"-";"-";"10";"-";"-";"-";"-";"-";"23";"-";"-";"-";"548";"-";"-";"10";"2";"-";"-";"-";"14";"-";"-";"-";"-";"1286";"985";"5";"3";"977";"300";"1";"25";"22";"22";"-";"-";"-";"10";"-";"-";"-";"-";"-";"23";"-";"-";"-";"548";"-";"-";"10";"2";"-";"-";"14";"-";"-";"-"
"849004";"849004";"86";"10";"3";"961";"723";"6";"2";"715";"138";"1";"34";"10";"23";"-";"-";"-";"2";"-";"-";"-";"-";"-";"15";"-";"-";"-";"460";"-";"-";"10";"6";"-";"-";"-";"16";"-";"-";"-";"-";"961";"723";"6";"2";"715";"138";"1";"34";"10";"23";"-";"-";"-";"2";"-";"-";"-";"-";"-";"15";"-";"-";"-";"460";"-";"-";"10";"6";"-";"-";"16";"-";"-";"-"
"849005";"849005";"86";"10";"3";"946";"768";"7";"3";"758";"258";"5";"73";"18";"16";"-";"-";"-";"4";"-";"-";"-";"-";"-";"15";"-";"-";"-";"350";"-";"-";"15";"3";"-";"-";"-";"1";"-";"-";"-";"-";"946";"768";"7";"3";"758";"258";"5";"73";"18";"16";"-";"-";"-";"4";"-";"-";"-";"-";"-";"15";"-";"-";"-";"350";"-";"-";"15";"3";"-";"-";"1";"-";"-";"-"
"849006";"849006";"86";"10";"3";"543";"389";"4";"5";"380";"87";"5";"18";"33";"13";"-";"-";"-";"5";"-";"-";"-";"-";"-";"11";"-";"-";"-";"181";"-";"-";"13";"3";"-";"-";"-";"11";"-";"-";"-";"-";"543";"389";"4";"5";"380";"87";"5";"18";"33";"13";"-";"-";"-";"5";"-";"-";"-";"-";"-";"11";"-";"-";"-";"181";"-";"-";"13";"3";"-";"-";"11";"-";"-";"-"
"849007";"849007";"86";"10";"3";"449";"317";"3";"0";"314";"138";"2";"7";"19";"13";"-";"-";"-";"1";"-";"-";"-";"-";"-";"10";"-";"-";"-";"110";"-";"-";"2";"1";"-";"-";"-";"11";"-";"-";"-";"-";"449";"317";"3";"0";"314";"138";"2";"7";"19";"13";"-";"-";"-";"1";"-";"-";"-";"-";"-";"10";"-";"-";"-";"110";"-";"-";"2";"1";"-";"-";"11";"-";"-";"-"
"849008";"849008";"86";"10";"3";"2329";"1623";"12";"8";"1603";"412";"8";"121";"43";"23";"-";"-";"-";"15";"-";"-";"-";"-";"-";"60";"-";"-";"-";"856";"-";"-";"31";"4";"-";"-";"-";"30";"-";"-";"-";"-";"2329";"1623";"12";"8";"1603";"412";"8";"121";"43";"23";"-";"-";"-";"15";"-";"-";"-";"-";"-";"60";"-";"-";"-";"856";"-";"-";"31";"4";"-";"-";"30";"-";"-";"-"
"849009";"849009";"86";"10";"3";"1091";"785";"10";"6";"769";"188";"4";"56";"29";"13";"-";"-";"-";"4";"-";"-";"-";"-";"-";"36";"-";"-";"-";"396";"-";"-";"21";"0";"-";"-";"-";"22";"-";"-";"-";"-";"1091";"785";"10";"6";"769";"188";"4";"56";"29";"13";"-";"-";"-";"4";"-";"-";"-";"-";"-";"36";"-";"-";"-";"396";"-";"-";"21";"0";"-";"-";"22";"-";"-";"-"
"849010";"849010";"86";"10";"3";"508";"374";"3";"2";"369";"70";"2";"38";"21";"8";"-";"-";"-";"3";"-";"-";"-";"-";"-";"19";"-";"-";"-";"198";"-";"-";"4";"1";"-";"-";"-";"5";"-";"-";"-";"-";"508";"374";"3";"2";"369";"70";"2";"38";"21";"8";"-";"-";"-";"3";"-";"-";"-";"-";"-";"19";"-";"-";"-";"198";"-";"-";"4";"1";"-";"-";"5";"-";"-";"-"
"849011";"849011";"86";"10";"3";"918";"729";"4";"3";"722";"172";"4";"75";"32";"30";"-";"-";"-";"8";"-";"-";"-";"-";"-";"14";"-";"-";"-";"285";"-";"-";"29";"6";"-";"-";"-";"67";"-";"-";"-";"-";"918";"729";"4";"3";"722";"172";"4";"75";"32";"30";"-";"-";"-";"8";"-";"-";"-";"-";"-";"14";"-";"-";"-";"285";"-";"-";"29";"6";"-";"-";"67";"-";"-";"-"
"849012";"849012";"86";"10";"3";"1238";"911";"7";"3";"901";"196";"4";"31";"36";"27";"-";"-";"-";"11";"-";"-";"-";"-";"-";"68";"-";"-";"-";"472";"-";"-";"15";"2";"-";"-";"-";"39";"-";"-";"-";"-";"1238";"911";"7";"3";"901";"196";"4";"31";"36";"27";"-";"-";"-";"11";"-";"-";"-";"-";"-";"68";"-";"-";"-";"472";"-";"-";"15";"2";"-";"-";"39";"-";"-";"-"
"849013";"849013";"86";"10";"3";"3428";"2407";"20";"10";"2377";"692";"14";"148";"70";"78";"-";"-";"-";"37";"-";"-";"-";"-";"-";"63";"-";"-";"-";"1007";"-";"-";"43";"9";"-";"-";"-";"216";"-";"-";"-";"-";"3428";"2407";"20";"10";"2377";"692";"14";"148";"70";"78";"-";"-";"-";"37";"-";"-";"-";"-";"-";"63";"-";"-";"-";"1007";"-";"-";"43";"9";"-";"-";"216";"-";"-";"-"
"849014";"849014";"86";"10";"3";"1048";"641";"6";"4";"631";"138";"3";"34";"27";"36";"-";"-";"-";"13";"-";"-";"-";"-";"-";"17";"-";"-";"-";"273";"-";"-";"16";"0";"-";"-";"-";"74";"-";"-";"-";"-";"1048";"641";"6";"4";"631";"138";"3";"34";"27";"36";"-";"-";"-";"13";"-";"-";"-";"-";"-";"17";"-";"-";"-";"273";"-";"-";"16";"0";"-";"-";"74";"-";"-";"-"
"849015";"849015";"86";"10";"3";"804";"574";"6";"4";"564";"119";"3";"31";"32";"21";"-";"-";"-";"9";"-";"-";"-";"-";"-";"19";"-";"-";"-";"241";"-";"-";"9";"0";"-";"-";"-";"80";"-";"-";"-";"-";"804";"574";"6";"4";"564";"119";"3";"31";"32";"21";"-";"-";"-";"9";"-";"-";"-";"-";"-";"19";"-";"-";"-";"241";"-";"-";"9";"0";"-";"-";"80";"-";"-";"-"
"849016";"849016";"86";"10";"3";"938";"623";"3";"0";"620";"99";"2";"33";"33";"20";"-";"-";"-";"20";"-";"-";"-";"-";"-";"21";"-";"-";"-";"350";"-";"-";"5";"0";"-";"-";"-";"37";"-";"-";"-";"-";"938";"623";"3";"0";"620";"99";"2";"33";"33";"20";"-";"-";"-";"20";"-";"-";"-";"-";"-";"21";"-";"-";"-";"350";"-";"-";"5";"0";"-";"-";"37";"-";"-";"-"
"849018";"849018";"86";"10";"3";"2622";"1860";"6";"2";"1852";"629";"22";"60";"119";"61";"-";"-";"-";"11";"-";"-";"-";"-";"-";"80";"-";"-";"-";"743";"-";"-";"40";"15";"-";"-";"-";"72";"-";"-";"-";"-";"2622";"1860";"6";"2";"1852";"629";"22";"60";"119";"61";"-";"-";"-";"11";"-";"-";"-";"-";"-";"80";"-";"-";"-";"743";"-";"-";"40";"15";"-";"-";"72";"-";"-";"-"
"849019";"849019";"86";"10";"3";"2233";"1430";"11";"4";"1415";"509";"4";"42";"148";"47";"-";"-";"-";"8";"-";"-";"-";"-";"-";"96";"-";"-";"-";"448";"-";"-";"45";"15";"-";"-";"-";"53";"-";"-";"-";"-";"2233";"1430";"11";"4";"1415";"509";"4";"42";"148";"47";"-";"-";"-";"8";"-";"-";"-";"-";"-";"96";"-";"-";"-";"448";"-";"-";"45";"15";"-";"-";"53";"-";"-";"-"
"849020";"849020";"86";"10";"3";"1497";"1169";"7";"7";"1155";"274";"17";"84";"48";"35";"-";"-";"-";"2";"-";"-";"-";"-";"-";"38";"-";"-";"-";"403";"-";"-";"23";"5";"-";"-";"-";"226";"-";"-";"-";"-";"1497";"1169";"7";"7";"1155";"274";"17";"84";"48";"35";"-";"-";"-";"2";"-";"-";"-";"-";"-";"38";"-";"-";"-";"403";"-";"-";"23";"5";"-";"-";"226";"-";"-";"-"
"849021";"849021";"86";"10";"3";"1073";"780";"6";"0";"774";"198";"16";"32";"39";"29";"-";"-";"-";"7";"-";"-";"-";"-";"-";"45";"-";"-";"-";"305";"-";"-";"13";"7";"-";"-";"-";"83";"-";"-";"-";"-";"1073";"780";"6";"0";"774";"198";"16";"32";"39";"29";"-";"-";"-";"7";"-";"-";"-";"-";"-";"45";"-";"-";"-";"305";"-";"-";"13";"7";"-";"-";"83";"-";"-";"-"
"851003";"851003";"92";"10";"3";"6427";"3904";"51";"12";"3841";"1638";"266";"311";"144";"279";"86";"-";"16";"24";"1";"-";"-";"-";"-";"136";"-";"2";"9";"428";"-";"-";"422";"15";"-";"-";"-";"47";"-";"-";"17";"-";"6427";"3904";"51";"12";"3841";"1638";"266";"311";"144";"279";"86";"-";"16";"24";"1";"-";"-";"-";"-";"136";"-";"2";"9";"428";"-";"-";"422";"15";"-";"-";"47";"-";"-";"17"
"851004";"851004";"92";"10";"3";"4826";"2949";"52";"10";"2887";"1001";"256";"333";"93";"167";"73";"-";"7";"14";"0";"-";"-";"-";"-";"107";"-";"0";"3";"484";"-";"-";"291";"12";"-";"-";"-";"32";"-";"-";"14";"-";"4826";"2949";"52";"10";"2887";"1001";"256";"333";"93";"167";"73";"-";"7";"14";"0";"-";"-";"-";"-";"107";"-";"0";"3";"484";"-";"-";"291";"12";"-";"-";"32";"-";"-";"14"
"851005";"851005";"92";"10";"3";"8921";"4876";"87";"11";"4778";"2274";"175";"440";"215";"262";"87";"-";"13";"32";"4";"-";"-";"-";"-";"275";"-";"5";"14";"546";"-";"-";"374";"12";"-";"-";"-";"26";"-";"-";"24";"-";"8921";"4876";"87";"11";"4778";"2274";"175";"440";"215";"262";"87";"-";"13";"32";"4";"-";"-";"-";"-";"275";"-";"5";"14";"546";"-";"-";"374";"12";"-";"-";"26";"-";"-";"24"
"851007";"851007";"92";"10";"3";"2414";"1758";"13";"1";"1744";"970";"45";"155";"70";"49";"30";"-";"4";"27";"0";"-";"-";"-";"-";"78";"-";"1";"0";"248";"-";"-";"55";"0";"-";"-";"-";"7";"-";"-";"5";"-";"2414";"1758";"13";"1";"1744";"970";"45";"155";"70";"49";"30";"-";"4";"27";"0";"-";"-";"-";"-";"78";"-";"1";"0";"248";"-";"-";"55";"0";"-";"-";"7";"-";"-";"5"
"851010";"851010";"92";"10";"3";"5392";"3658";"46";"9";"3603";"1310";"139";"461";"189";"125";"87";"-";"9";"59";"1";"-";"-";"-";"-";"201";"-";"0";"5";"836";"-";"-";"159";"5";"-";"-";"-";"9";"-";"-";"8";"-";"5392";"3658";"46";"9";"3603";"1310";"139";"461";"189";"125";"87";"-";"9";"59";"1";"-";"-";"-";"-";"201";"-";"0";"5";"836";"-";"-";"159";"5";"-";"-";"9";"-";"-";"8"
"851011";"851011";"92";"10";"3";"5808";"3899";"58";"4";"3837";"1351";"170";"342";"160";"217";"66";"-";"8";"16";"0";"-";"-";"-";"-";"268";"-";"9";"3";"928";"-";"-";"253";"17";"-";"-";"-";"16";"-";"-";"13";"-";"5808";"3899";"58";"4";"3837";"1351";"170";"342";"160";"217";"66";"-";"8";"16";"0";"-";"-";"-";"-";"268";"-";"9";"3";"928";"-";"-";"253";"17";"-";"-";"16";"-";"-";"13"
"851012";"851012";"92";"10";"3";"4619";"2868";"72";"9";"2787";"785";"312";"334";"52";"209";"114";"-";"9";"11";"0";"-";"-";"-";"-";"48";"-";"1";"5";"536";"-";"-";"343";"12";"-";"-";"-";"12";"-";"-";"4";"-";"4619";"2868";"72";"9";"2787";"785";"312";"334";"52";"209";"114";"-";"9";"11";"0";"-";"-";"-";"-";"48";"-";"1";"5";"536";"-";"-";"343";"12";"-";"-";"12";"-";"-";"4"
"851014";"851014";"91";"10";"3";"4059";"2427";"36";"6";"2385";"793";"198";"172";"62";"203";"56";"-";"9";"14";"2";"-";"-";"-";"-";"57";"-";"0";"1";"288";"-";"-";"458";"13";"-";"-";"-";"51";"-";"-";"8";"-";"4059";"2427";"36";"6";"2385";"793";"198";"172";"62";"203";"56";"-";"9";"14";"2";"-";"-";"-";"-";"57";"-";"0";"1";"288";"-";"-";"458";"13";"-";"-";"51";"-";"-";"8"
"851015";"851015";"91";"10";"3";"7528";"4421";"107";"17";"4297";"1167";"514";"473";"89";"318";"151";"-";"16";"12";"3";"-";"-";"-";"-";"72";"-";"2";"9";"754";"-";"-";"652";"22";"-";"-";"-";"34";"-";"-";"9";"-";"7528";"4421";"107";"17";"4297";"1167";"514";"473";"89";"318";"151";"-";"16";"12";"3";"-";"-";"-";"-";"72";"-";"2";"9";"754";"-";"-";"652";"22";"-";"-";"34";"-";"-";"9"
"851016";"851016";"92";"10";"3";"8753";"5125";"96";"14";"5015";"1290";"566";"741";"104";"361";"228";"-";"14";"21";"1";"-";"-";"-";"-";"86";"-";"0";"13";"851";"-";"-";"647";"27";"-";"-";"-";"55";"-";"-";"10";"-";"8753";"5125";"96";"14";"5015";"1290";"566";"741";"104";"361";"228";"-";"14";"21";"1";"-";"-";"-";"-";"86";"-";"0";"13";"851";"-";"-";"647";"27";"-";"-";"55";"-";"-";"10"
"851017";"851017";"91";"10";"3";"6648";"4388";"55";"9";"4324";"1693";"360";"525";"119";"323";"68";"-";"12";"34";"2";"-";"-";"-";"-";"141";"-";"1";"3";"564";"-";"-";"426";"14";"-";"-";"-";"27";"-";"-";"12";"-";"6648";"4388";"55";"9";"4324";"1693";"360";"525";"119";"323";"68";"-";"12";"34";"2";"-";"-";"-";"-";"141";"-";"1";"3";"564";"-";"-";"426";"14";"-";"-";"27";"-";"-";"12"
"851018";"851018";"91";"10";"3";"5020";"3147";"34";"10";"3103";"1276";"197";"397";"145";"139";"44";"-";"4";"29";"4";"-";"-";"-";"-";"133";"-";"1";"4";"476";"-";"-";"199";"11";"-";"-";"-";"35";"-";"-";"9";"-";"5020";"3147";"34";"10";"3103";"1276";"197";"397";"145";"139";"44";"-";"4";"29";"4";"-";"-";"-";"-";"133";"-";"1";"4";"476";"-";"-";"199";"11";"-";"-";"35";"-";"-";"9"
"851019";"851019";"91";"10";"3";"6466";"4941";"33";"15";"4893";"1022";"724";"992";"118";"372";"94";"-";"6";"20";"0";"-";"-";"-";"-";"104";"-";"1";"0";"772";"-";"-";"532";"13";"-";"-";"-";"116";"-";"-";"7";"-";"6466";"4941";"33";"15";"4893";"1022";"724";"992";"118";"372";"94";"-";"6";"20";"0";"-";"-";"-";"-";"104";"-";"1";"0";"772";"-";"-";"532";"13";"-";"-";"116";"-";"-";"7"
"851020";"851020";"91";"10";"3";"4379";"3105";"33";"8";"3064";"726";"437";"642";"65";"158";"57";"-";"5";"21";"0";"-";"-";"-";"-";"83";"-";"0";"4";"547";"-";"-";"233";"7";"-";"-";"-";"73";"-";"-";"6";"-";"4379";"3105";"33";"8";"3064";"726";"437";"642";"65";"158";"57";"-";"5";"21";"0";"-";"-";"-";"-";"83";"-";"0";"4";"547";"-";"-";"233";"7";"-";"-";"73";"-";"-";"6"
"851022";"851022";"91";"10";"3";"4320";"3194";"30";"6";"3158";"1458";"143";"328";"160";"84";"57";"-";"5";"19";"0";"-";"-";"-";"-";"125";"-";"1";"0";"603";"-";"-";"148";"8";"-";"-";"-";"15";"-";"-";"4";"-";"4320";"3194";"30";"6";"3158";"1458";"143";"328";"160";"84";"57";"-";"5";"19";"0";"-";"-";"-";"-";"125";"-";"1";"0";"603";"-";"-";"148";"8";"-";"-";"15";"-";"-";"4"
"851024";"851024";"91";"10";"3";"5816";"3969";"58";"8";"3903";"1478";"214";"494";"150";"180";"54";"-";"7";"16";"0";"-";"-";"-";"-";"257";"-";"3";"6";"789";"-";"-";"224";"9";"-";"-";"-";"16";"-";"-";"6";"-";"5816";"3969";"58";"8";"3903";"1478";"214";"494";"150";"180";"54";"-";"7";"16";"0";"-";"-";"-";"-";"257";"-";"3";"6";"789";"-";"-";"224";"9";"-";"-";"16";"-";"-";"6"
"851027";"851027";"90";"10";"3";"7050";"4175";"93";"12";"4070";"1534";"357";"448";"106";"240";"157";"-";"16";"33";"2";"-";"-";"-";"-";"103";"-";"5";"11";"656";"-";"-";"359";"23";"-";"-";"-";"15";"-";"-";"5";"-";"7050";"4175";"93";"12";"4070";"1534";"357";"448";"106";"240";"157";"-";"16";"33";"2";"-";"-";"-";"-";"103";"-";"5";"11";"656";"-";"-";"359";"23";"-";"-";"15";"-";"-";"5"
"851028";"851028";"90";"10";"3";"6827";"4278";"82";"9";"4187";"1141";"470";"587";"82";"263";"175";"-";"12";"14";"3";"-";"-";"-";"-";"85";"-";"0";"11";"894";"-";"-";"401";"20";"-";"-";"-";"21";"-";"-";"8";"-";"6827";"4278";"82";"9";"4187";"1141";"470";"587";"82";"263";"175";"-";"12";"14";"3";"-";"-";"-";"-";"85";"-";"0";"11";"894";"-";"-";"401";"20";"-";"-";"21";"-";"-";"8"
"851029";"851029";"90";"10";"3";"7571";"4610";"92";"6";"4512";"1624";"377";"545";"110";"279";"137";"-";"15";"45";"0";"-";"-";"-";"-";"122";"-";"0";"6";"788";"-";"-";"418";"20";"-";"-";"-";"14";"-";"-";"12";"-";"7571";"4610";"92";"6";"4512";"1624";"377";"545";"110";"279";"137";"-";"15";"45";"0";"-";"-";"-";"-";"122";"-";"0";"6";"788";"-";"-";"418";"20";"-";"-";"14";"-";"-";"12"
"851030";"851030";"90";"10";"3";"4994";"3168";"62";"7";"3099";"1231";"236";"281";"91";"237";"70";"-";"5";"43";"1";"-";"-";"-";"-";"117";"-";"1";"11";"365";"-";"-";"357";"23";"-";"-";"-";"18";"-";"-";"12";"-";"4994";"3168";"62";"7";"3099";"1231";"236";"281";"91";"237";"70";"-";"5";"43";"1";"-";"-";"-";"-";"117";"-";"1";"11";"365";"-";"-";"357";"23";"-";"-";"18";"-";"-";"12"
"851031";"851031";"90";"10";"3";"6258";"4110";"47";"12";"4051";"1840";"253";"396";"142";"267";"60";"-";"7";"40";"4";"-";"-";"-";"-";"152";"-";"2";"10";"472";"-";"-";"371";"7";"-";"-";"-";"20";"-";"-";"8";"-";"6258";"4110";"47";"12";"4051";"1840";"253";"396";"142";"267";"60";"-";"7";"40";"4";"-";"-";"-";"-";"152";"-";"2";"10";"472";"-";"-";"371";"7";"-";"-";"20";"-";"-";"8"
"851032";"851032";"90";"10";"3";"3419";"2173";"42";"14";"2117";"922";"98";"177";"97";"147";"41";"-";"5";"41";"1";"-";"-";"-";"-";"149";"-";"3";"5";"226";"-";"-";"172";"13";"-";"-";"-";"15";"-";"-";"5";"-";"3419";"2173";"42";"14";"2117";"922";"98";"177";"97";"147";"41";"-";"5";"41";"1";"-";"-";"-";"-";"149";"-";"3";"5";"226";"-";"-";"172";"13";"-";"-";"15";"-";"-";"5"
"851033";"851033";"90";"10";"3";"3724";"2772";"38";"0";"2734";"1104";"119";"330";"120";"122";"50";"-";"2";"16";"3";"-";"-";"-";"-";"123";"-";"1";"0";"606";"-";"-";"121";"1";"-";"-";"-";"5";"-";"-";"11";"-";"3724";"2772";"38";"0";"2734";"1104";"119";"330";"120";"122";"50";"-";"2";"16";"3";"-";"-";"-";"-";"123";"-";"1";"0";"606";"-";"-";"121";"1";"-";"-";"5";"-";"-";"11"
"851034";"851034";"90";"10";"3";"5194";"3874";"34";"6";"3834";"1454";"222";"586";"102";"212";"63";"-";"6";"35";"2";"-";"-";"-";"-";"155";"-";"2";"2";"723";"-";"-";"230";"5";"-";"-";"-";"23";"-";"-";"12";"-";"5194";"3874";"34";"6";"3834";"1454";"222";"586";"102";"212";"63";"-";"6";"35";"2";"-";"-";"-";"-";"155";"-";"2";"2";"723";"-";"-";"230";"5";"-";"-";"23";"-";"-";"12"
"851035";"851035";"90";"10";"3";"4597";"3429";"36";"1";"3392";"1162";"253";"371";"128";"226";"33";"-";"5";"20";"3";"-";"-";"-";"-";"105";"-";"0";"6";"782";"-";"-";"251";"2";"-";"-";"-";"34";"-";"-";"11";"-";"4597";"3429";"36";"1";"3392";"1162";"253";"371";"128";"226";"33";"-";"5";"20";"3";"-";"-";"-";"-";"105";"-";"0";"6";"782";"-";"-";"251";"2";"-";"-";"34";"-";"-";"11"
"851036";"851036";"90";"10";"3";"5127";"2932";"29";"16";"2887";"1365";"158";"284";"92";"166";"36";"-";"7";"44";"2";"-";"-";"-";"-";"120";"-";"1";"7";"330";"-";"-";"240";"9";"-";"-";"-";"10";"-";"-";"16";"-";"5127";"2932";"29";"16";"2887";"1365";"158";"284";"92";"166";"36";"-";"7";"44";"2";"-";"-";"-";"-";"120";"-";"1";"7";"330";"-";"-";"240";"9";"-";"-";"10";"-";"-";"16"
"851038";"851038";"91";"10";"3";"2458";"1709";"22";"4";"1683";"563";"70";"161";"125";"69";"22";"-";"4";"7";"0";"-";"-";"-";"-";"202";"-";"1";"0";"360";"-";"-";"73";"6";"-";"-";"-";"18";"-";"-";"2";"-";"2458";"1709";"22";"4";"1683";"563";"70";"161";"125";"69";"22";"-";"4";"7";"0";"-";"-";"-";"-";"202";"-";"1";"0";"360";"-";"-";"73";"6";"-";"-";"18";"-";"-";"2"
"851040";"851040";"90";"10";"3";"7134";"3741";"83";"15";"3643";"1741";"195";"277";"155";"181";"77";"-";"15";"50";"2";"-";"-";"-";"-";"156";"-";"0";"12";"379";"-";"-";"354";"17";"-";"-";"-";"15";"-";"-";"17";"-";"7134";"3741";"83";"15";"3643";"1741";"195";"277";"155";"181";"77";"-";"15";"50";"2";"-";"-";"-";"-";"156";"-";"0";"12";"379";"-";"-";"354";"17";"-";"-";"15";"-";"-";"17"
"851043";"851043";"92";"10";"3";"4480";"3082";"51";"5";"3026";"1146";"77";"210";"148";"103";"71";"-";"5";"13";"0";"-";"-";"-";"-";"318";"-";"6";"2";"783";"-";"-";"119";"6";"-";"-";"-";"9";"-";"-";"10";"-";"4480";"3082";"51";"5";"3026";"1146";"77";"210";"148";"103";"71";"-";"5";"13";"0";"-";"-";"-";"-";"318";"-";"6";"2";"783";"-";"-";"119";"6";"-";"-";"9";"-";"-";"10"
"851044";"851044";"92";"10";"3";"4029";"2743";"31";"8";"2704";"1310";"49";"188";"128";"47";"24";"-";"3";"7";"0";"-";"-";"-";"-";"164";"-";"1";"2";"632";"-";"-";"128";"3";"-";"-";"-";"8";"-";"-";"10";"-";"4029";"2743";"31";"8";"2704";"1310";"49";"188";"128";"47";"24";"-";"3";"7";"0";"-";"-";"-";"-";"164";"-";"1";"2";"632";"-";"-";"128";"3";"-";"-";"8";"-";"-";"10"
"851046";"851046";"92";"10";"3";"1107";"748";"14";"2";"732";"238";"12";"19";"54";"15";"1";"-";"3";"3";"1";"-";"-";"-";"-";"26";"-";"3";"1";"331";"-";"-";"18";"0";"-";"-";"-";"1";"-";"-";"6";"-";"1107";"748";"14";"2";"732";"238";"12";"19";"54";"15";"1";"-";"3";"3";"1";"-";"-";"-";"-";"26";"-";"3";"1";"331";"-";"-";"18";"0";"-";"-";"1";"-";"-";"6"
"851047";"851047";"91";"10";"3";"5283";"3903";"48";"8";"3847";"1331";"200";"302";"140";"123";"52";"-";"5";"14";"0";"-";"-";"-";"-";"118";"-";"0";"5";"1424";"-";"-";"116";"4";"-";"-";"-";"8";"-";"-";"5";"-";"5283";"3903";"48";"8";"3847";"1331";"200";"302";"140";"123";"52";"-";"5";"14";"0";"-";"-";"-";"-";"118";"-";"0";"5";"1424";"-";"-";"116";"4";"-";"-";"8";"-";"-";"5"
"851052";"851052";"91";"10";"3";"1635";"1094";"16";"3";"1075";"328";"54";"75";"101";"33";"10";"-";"2";"7";"0";"-";"-";"-";"-";"58";"-";"0";"8";"339";"-";"-";"56";"0";"-";"-";"-";"0";"-";"-";"4";"-";"1635";"1094";"16";"3";"1075";"328";"54";"75";"101";"33";"10";"-";"2";"7";"0";"-";"-";"-";"-";"58";"-";"0";"8";"339";"-";"-";"56";"0";"-";"-";"0";"-";"-";"4"
"851056";"851056";"90";"10";"3";"1614";"1045";"10";"3";"1032";"288";"13";"39";"32";"22";"4";"-";"0";"0";"1";"-";"-";"-";"-";"37";"-";"0";"1";"555";"-";"-";"32";"3";"-";"-";"-";"2";"-";"-";"3";"-";"1614";"1045";"10";"3";"1032";"288";"13";"39";"32";"22";"4";"-";"0";"0";"1";"-";"-";"-";"-";"37";"-";"0";"1";"555";"-";"-";"32";"3";"-";"-";"2";"-";"-";"3"
"851058";"851058";"90";"10";"3";"2096";"1413";"16";"1";"1396";"592";"34";"96";"74";"44";"12";"-";"2";"10";"0";"-";"-";"-";"-";"97";"-";"0";"4";"340";"-";"-";"77";"1";"-";"-";"-";"7";"-";"-";"6";"-";"2096";"1413";"16";"1";"1396";"592";"34";"96";"74";"44";"12";"-";"2";"10";"0";"-";"-";"-";"-";"97";"-";"0";"4";"340";"-";"-";"77";"1";"-";"-";"7";"-";"-";"6"
"851061";"851061";"90";"10";"3";"4052";"2697";"40";"13";"2644";"1003";"92";"197";"102";"111";"31";"-";"3";"22";"0";"-";"-";"-";"-";"105";"-";"2";"6";"835";"-";"-";"119";"4";"-";"-";"-";"4";"-";"-";"8";"-";"4052";"2697";"40";"13";"2644";"1003";"92";"197";"102";"111";"31";"-";"3";"22";"0";"-";"-";"-";"-";"105";"-";"2";"6";"835";"-";"-";"119";"4";"-";"-";"4";"-";"-";"8"
"860001";"860001";"85";"10";"3";"1407";"1072";"13";"0";"1059";"190";"35";"244";"59";"23";"-";"0";"-";"11";"-";"-";"-";"-";"-";"57";"-";"-";"-";"301";"-";"-";"16";"2";"-";"-";"-";"121";"-";"-";"-";"-";"1407";"1072";"13";"0";"1059";"190";"35";"244";"59";"23";"-";"0";"-";"11";"-";"-";"-";"-";"-";"57";"-";"-";"-";"301";"-";"-";"16";"2";"-";"-";"121";"-";"-";"-"
"860003";"860003";"85";"10";"3";"4694";"2935";"24";"9";"2902";"555";"137";"599";"151";"62";"-";"5";"-";"25";"-";"-";"-";"-";"-";"217";"-";"-";"-";"712";"-";"-";"38";"12";"-";"-";"-";"389";"-";"-";"-";"-";"4694";"2935";"24";"9";"2902";"555";"137";"599";"151";"62";"-";"5";"-";"25";"-";"-";"-";"-";"-";"217";"-";"-";"-";"712";"-";"-";"38";"12";"-";"-";"389";"-";"-";"-"
"860004";"860004";"85";"10";"3";"5736";"3505";"58";"22";"3425";"1288";"152";"754";"94";"207";"-";"8";"-";"20";"-";"-";"-";"-";"-";"117";"-";"-";"-";"563";"-";"-";"151";"13";"-";"-";"-";"58";"-";"-";"-";"-";"5736";"3505";"58";"22";"3425";"1288";"152";"754";"94";"207";"-";"8";"-";"20";"-";"-";"-";"-";"-";"117";"-";"-";"-";"563";"-";"-";"151";"13";"-";"-";"58";"-";"-";"-"
"860006";"860006";"85";"10";"3";"1402";"1118";"12";"3";"1103";"162";"50";"227";"34";"44";"-";"0";"-";"7";"-";"-";"-";"-";"-";"54";"-";"-";"-";"402";"-";"-";"17";"6";"-";"-";"-";"100";"-";"-";"-";"-";"1402";"1118";"12";"3";"1103";"162";"50";"227";"34";"44";"-";"0";"-";"7";"-";"-";"-";"-";"-";"54";"-";"-";"-";"402";"-";"-";"17";"6";"-";"-";"100";"-";"-";"-"
"860007";"860007";"85";"10";"3";"1313";"925";"12";"4";"909";"180";"16";"101";"46";"18";"-";"5";"-";"8";"-";"-";"-";"-";"-";"51";"-";"-";"-";"443";"-";"-";"24";"2";"-";"-";"-";"15";"-";"-";"-";"-";"1313";"925";"12";"4";"909";"180";"16";"101";"46";"18";"-";"5";"-";"8";"-";"-";"-";"-";"-";"51";"-";"-";"-";"443";"-";"-";"24";"2";"-";"-";"15";"-";"-";"-"
"860008";"860008";"85";"10";"3";"1320";"925";"7";"2";"916";"196";"29";"170";"26";"27";"-";"9";"-";"7";"-";"-";"-";"-";"-";"40";"-";"-";"-";"340";"-";"-";"29";"0";"-";"-";"-";"43";"-";"-";"-";"-";"1320";"925";"7";"2";"916";"196";"29";"170";"26";"27";"-";"9";"-";"7";"-";"-";"-";"-";"-";"40";"-";"-";"-";"340";"-";"-";"29";"0";"-";"-";"43";"-";"-";"-"
"860011";"860011";"85";"10";"3";"2642";"1820";"8";"4";"1808";"509";"28";"418";"73";"62";"-";"14";"-";"45";"-";"-";"-";"-";"-";"74";"-";"-";"-";"545";"-";"-";"30";"2";"-";"-";"-";"8";"-";"-";"-";"-";"2642";"1820";"8";"4";"1808";"509";"28";"418";"73";"62";"-";"14";"-";"45";"-";"-";"-";"-";"-";"74";"-";"-";"-";"545";"-";"-";"30";"2";"-";"-";"8";"-";"-";"-"
"860012";"860012";"85";"10";"3";"1402";"930";"7";"4";"919";"232";"17";"208";"49";"32";"-";"7";"-";"10";"-";"-";"-";"-";"-";"44";"-";"-";"-";"296";"-";"-";"14";"1";"-";"-";"-";"9";"-";"-";"-";"-";"1402";"930";"7";"4";"919";"232";"17";"208";"49";"32";"-";"7";"-";"10";"-";"-";"-";"-";"-";"44";"-";"-";"-";"296";"-";"-";"14";"1";"-";"-";"9";"-";"-";"-"
"860013";"860013";"85";"10";"3";"1315";"1034";"11";"1";"1022";"217";"38";"133";"40";"41";"-";"2";"-";"3";"-";"-";"-";"-";"-";"35";"-";"-";"-";"474";"-";"-";"18";"1";"-";"-";"-";"20";"-";"-";"-";"-";"1315";"1034";"11";"1";"1022";"217";"38";"133";"40";"41";"-";"2";"-";"3";"-";"-";"-";"-";"-";"35";"-";"-";"-";"474";"-";"-";"18";"1";"-";"-";"20";"-";"-";"-"
"860014";"860014";"85";"10";"3";"1350";"1047";"4";"0";"1043";"328";"31";"156";"26";"54";"-";"4";"-";"8";"-";"-";"-";"-";"-";"34";"-";"-";"-";"307";"-";"-";"72";"5";"-";"-";"-";"18";"-";"-";"-";"-";"1350";"1047";"4";"0";"1043";"328";"31";"156";"26";"54";"-";"4";"-";"8";"-";"-";"-";"-";"-";"34";"-";"-";"-";"307";"-";"-";"72";"5";"-";"-";"18";"-";"-";"-"
"860015";"860015";"85";"10";"3";"5151";"3842";"41";"10";"3791";"1489";"114";"970";"91";"164";"-";"6";"-";"22";"-";"-";"-";"-";"-";"109";"-";"-";"-";"728";"-";"-";"58";"11";"-";"-";"-";"29";"-";"-";"-";"-";"5151";"3842";"41";"10";"3791";"1489";"114";"970";"91";"164";"-";"6";"-";"22";"-";"-";"-";"-";"-";"109";"-";"-";"-";"728";"-";"-";"58";"11";"-";"-";"29";"-";"-";"-"
"860016";"860016";"85";"10";"3";"5270";"3724";"45";"19";"3660";"1309";"102";"796";"94";"158";"-";"16";"-";"18";"-";"-";"-";"-";"-";"94";"-";"-";"-";"947";"-";"-";"74";"9";"-";"-";"-";"43";"-";"-";"-";"-";"5270";"3724";"45";"19";"3660";"1309";"102";"796";"94";"158";"-";"16";"-";"18";"-";"-";"-";"-";"-";"94";"-";"-";"-";"947";"-";"-";"74";"9";"-";"-";"43";"-";"-";"-"
"860018";"860018";"85";"10";"3";"5069";"3708";"30";"20";"3658";"1369";"130";"839";"88";"162";"-";"12";"-";"40";"-";"-";"-";"-";"-";"119";"-";"-";"-";"734";"-";"-";"109";"7";"-";"-";"-";"49";"-";"-";"-";"-";"5069";"3708";"30";"20";"3658";"1369";"130";"839";"88";"162";"-";"12";"-";"40";"-";"-";"-";"-";"-";"119";"-";"-";"-";"734";"-";"-";"109";"7";"-";"-";"49";"-";"-";"-"
"860019";"860019";"85";"10";"3";"3316";"2192";"31";"7";"2154";"866";"68";"331";"134";"85";"-";"3";"-";"21";"-";"-";"-";"-";"-";"70";"-";"-";"-";"460";"-";"-";"87";"3";"-";"-";"-";"26";"-";"-";"-";"-";"3316";"2192";"31";"7";"2154";"866";"68";"331";"134";"85";"-";"3";"-";"21";"-";"-";"-";"-";"-";"70";"-";"-";"-";"460";"-";"-";"87";"3";"-";"-";"26";"-";"-";"-"
"860020";"860020";"85";"10";"3";"870";"629";"4";"2";"623";"172";"15";"114";"37";"28";"-";"2";"-";"2";"-";"-";"-";"-";"-";"18";"-";"-";"-";"189";"-";"-";"14";"1";"-";"-";"-";"31";"-";"-";"-";"-";"870";"629";"4";"2";"623";"172";"15";"114";"37";"28";"-";"2";"-";"2";"-";"-";"-";"-";"-";"18";"-";"-";"-";"189";"-";"-";"14";"1";"-";"-";"31";"-";"-";"-"
"860021";"860021";"85";"10";"3";"2433";"1694";"23";"2";"1669";"493";"19";"351";"46";"52";"-";"4";"-";"11";"-";"-";"-";"-";"-";"48";"-";"-";"-";"576";"-";"-";"53";"3";"-";"-";"-";"13";"-";"-";"-";"-";"2433";"1694";"23";"2";"1669";"493";"19";"351";"46";"52";"-";"4";"-";"11";"-";"-";"-";"-";"-";"48";"-";"-";"-";"576";"-";"-";"53";"3";"-";"-";"13";"-";"-";"-"
"860022";"860022";"85";"10";"3";"2868";"2040";"21";"5";"2014";"903";"39";"339";"83";"49";"-";"0";"-";"28";"-";"-";"-";"-";"-";"94";"-";"-";"-";"423";"-";"-";"35";"3";"-";"-";"-";"18";"-";"-";"-";"-";"2868";"2040";"21";"5";"2014";"903";"39";"339";"83";"49";"-";"0";"-";"28";"-";"-";"-";"-";"-";"94";"-";"-";"-";"423";"-";"-";"35";"3";"-";"-";"18";"-";"-";"-"
"860023";"860023";"85";"10";"3";"875";"648";"5";"3";"640";"170";"20";"114";"36";"25";"-";"9";"-";"4";"-";"-";"-";"-";"-";"19";"-";"-";"-";"225";"-";"-";"10";"1";"-";"-";"-";"7";"-";"-";"-";"-";"875";"648";"5";"3";"640";"170";"20";"114";"36";"25";"-";"9";"-";"4";"-";"-";"-";"-";"-";"19";"-";"-";"-";"225";"-";"-";"10";"1";"-";"-";"7";"-";"-";"-"
"860026";"860026";"85";"10";"3";"991";"694";"7";"1";"686";"168";"13";"124";"55";"37";"-";"0";"-";"9";"-";"-";"-";"-";"-";"45";"-";"-";"-";"205";"-";"-";"21";"2";"-";"-";"-";"7";"-";"-";"-";"-";"991";"694";"7";"1";"686";"168";"13";"124";"55";"37";"-";"0";"-";"9";"-";"-";"-";"-";"-";"45";"-";"-";"-";"205";"-";"-";"21";"2";"-";"-";"7";"-";"-";"-"
"860027";"860027";"85";"10";"3";"846";"598";"3";"1";"594";"209";"8";"91";"29";"13";"-";"3";"-";"5";"-";"-";"-";"-";"-";"31";"-";"-";"-";"186";"-";"-";"9";"1";"-";"-";"-";"9";"-";"-";"-";"-";"846";"598";"3";"1";"594";"209";"8";"91";"29";"13";"-";"3";"-";"5";"-";"-";"-";"-";"-";"31";"-";"-";"-";"186";"-";"-";"9";"1";"-";"-";"9";"-";"-";"-"
"860028";"860028";"85";"10";"3";"1219";"774";"11";"4";"759";"202";"11";"164";"46";"19";"-";"2";"-";"16";"-";"-";"-";"-";"-";"35";"-";"-";"-";"246";"-";"-";"12";"0";"-";"-";"-";"6";"-";"-";"-";"-";"1219";"774";"11";"4";"759";"202";"11";"164";"46";"19";"-";"2";"-";"16";"-";"-";"-";"-";"-";"35";"-";"-";"-";"246";"-";"-";"12";"0";"-";"-";"6";"-";"-";"-"