{
"type": "FeatureCollection",
"name": "afstemningsomraader2025_CPH_FRB",
"crs": { "type": "name", "properties": { "name": "urn:ogc:def:crs:OGC:1.3:CRS84" } },
"features": [
{ "type": "Feature", "properties": { "id": "247", "afstemningsomraadenummer": 4, "afstemningsstedNavn": "Skolen på Duevej", "kommuneLokalId": 389104, "navn": "10. Kreds, Duevej", "opstillingskredsLokalId": 403570, "areaSquareMetres": 1217522.63 }, "geometry": { "type": "Polygon", "coordinates": [ [ [ 12.512539383765668, 55.689627230000745, 0.0 ], [ 12.513313813984649, 55.688161361335247, 0.0 ], [ 12.514280447979864, 55.686534065162483, 0.0 ], [ 12.5143968082531, 55.686500519004703, 0.0 ], [ 12.51435633379767, 55.68647695204298, 0.0 ], [ 12.514336024560498, 55.68639966700588, 0.0 ], [ 12.514391748320753, 55.686355540002531, 0.0 ], [ 12.51455631418094, 55.686351902928514, 0.0 ], [ 12.514614544924518, 55.686374691205501, 0.0 ], [ 12.514646918443409, 55.686407301991316, 0.0 ], [ 12.514733337770007, 55.686362924529206, 0.0 ], [ 12.519289299857077, 55.685415111119035, 0.0 ], [ 12.51929993304771, 55.685328037109045, 0.0 ], [ 12.519360225499716, 55.685263995117779, 0.0 ], [ 12.519510323898801, 55.685226958106377, 0.0 ], [ 12.519648759490618, 55.685238990071397, 0.0 ], [ 12.519779719676183, 55.685297093565772, 0.0 ], [ 12.524669226757826, 55.684266580396034, 0.0 ], [ 12.525262429382899, 55.685003835758643, 0.0 ], [ 12.527121293444912, 55.687427667079817, 0.0 ], [ 12.527544383832414, 55.68786939496939, 0.0 ], [ 12.527519493198804, 55.687930534596639, 0.0 ], [ 12.532243283621998, 55.686854134713073, 0.0 ], [ 12.532139649925492, 55.686912148409441, 0.0 ], [ 12.532312034669923, 55.687072719330295, 0.0 ], [ 12.532298854888332, 55.687125969771841, 0.0 ], [ 12.532408095621339, 55.687205905986147, 0.0 ], [ 12.532417946392387, 55.687292121792183, 0.0 ], [ 12.532490811076862, 55.687328776937832, 0.0 ], [ 12.532550029452409, 55.687455831412741, 0.0 ], [ 12.53265424047439, 55.687559380480884, 0.0 ], [ 12.532659373302424, 55.687670908762342, 0.0 ], [ 12.532767460553718, 55.687766253613738, 0.0 ], [ 12.532827998165111, 55.687775659347651, 0.0 ], [ 12.533033672547909, 55.688119778780084, 0.0 ], [ 12.533119692007922, 55.688155784860541, 0.0 ], [ 12.533115996811347, 55.688324664370128, 0.0 ], [ 12.533200950257211, 55.688377065894173, 0.0 ], [ 12.53326983269624, 55.688503571897854, 0.0 ], [ 12.533561323791435, 55.688719155318928, 0.0 ], [ 12.533794345265443, 55.688784284325614, 0.0 ], [ 12.53374630442738, 55.688839258767963, 0.0 ], [ 12.533703998648344, 55.689021209728104, 0.0 ], [ 12.533909968497261, 55.689237997725314, 0.0 ], [ 12.533839841398345, 55.689296935523238, 0.0 ], [ 12.534034980426041, 55.689506572362497, 0.0 ], [ 12.534036149770936, 55.689530096764528, 0.0 ], [ 12.534160078329288, 55.689622736102024, 0.0 ], [ 12.534168476263952, 55.689657561495942, 0.0 ], [ 12.534324714190504, 55.689736051892382, 0.0 ], [ 12.534362070383438, 55.689818327852088, 0.0 ], [ 12.534449037684951, 55.689857722577401, 0.0 ], [ 12.534500835353485, 55.689988856499909, 0.0 ], [ 12.534712184846681, 55.690080054822332, 0.0 ], [ 12.534688684665673, 55.690184675516846, 0.0 ], [ 12.534767703552729, 55.690240034489925, 0.0 ], [ 12.534795199747059, 55.690308297807292, 0.0 ], [ 12.534944290891461, 55.690418644036136, 0.0 ], [ 12.535051494895011, 55.690461771059198, 0.0 ], [ 12.535042217440841, 55.690515898416734, 0.0 ], [ 12.535128185565155, 55.690646406839619, 0.0 ], [ 12.535220413071624, 55.690708757954354, 0.0 ], [ 12.535253847221677, 55.690819830075142, 0.0 ], [ 12.535606499322771, 55.690794108576299, 0.0 ], [ 12.535927378796984, 55.690841325187868, 0.0 ], [ 12.536105573902033, 55.690798062897549, 0.0 ], [ 12.536568291622146, 55.691039094361081, 0.0 ], [ 12.535678671644011, 55.692042136278459, 0.0 ], [ 12.535530128585835, 55.692374883221476, 0.0 ], [ 12.535529670660434, 55.692454382547851, 0.0 ], [ 12.535593514912252, 55.692687044129322, 0.0 ], [ 12.535842437054047, 55.693086380232153, 0.0 ], [ 12.535871227716507, 55.693174207812227, 0.0 ], [ 12.535728466914577, 55.693851078215054, 0.0 ], [ 12.535666983242317, 55.693907070277213, 0.0 ], [ 12.535085223933429, 55.694294025583737, 0.0 ], [ 12.534763837670958, 55.694442389108964, 0.0 ], [ 12.535526928920502, 55.695063206656556, 0.0 ], [ 12.535691094729833, 55.695407080189554, 0.0 ], [ 12.535797195052464, 55.695696789380214, 0.0 ], [ 12.536097976023742, 55.695943930251055, 0.0 ], [ 12.536575075822743, 55.6961232248496, 0.0 ], [ 12.536848687341429, 55.696443080555632, 0.0 ], [ 12.537042890357402, 55.696527306796881, 0.0 ], [ 12.537492263291428, 55.696649851037705, 0.0 ], [ 12.538104030434297, 55.697003020686957, 0.0 ], [ 12.538269109404299, 55.697113711386386, 0.0 ], [ 12.538298709476889, 55.697671598517836, 0.0 ], [ 12.537973523626425, 55.697670728525829, 0.0 ], [ 12.532149597796806, 55.697130851150241, 0.0 ], [ 12.532085497067598, 55.697094482681472, 0.0 ], [ 12.532253203576673, 55.696679005443904, 0.0 ], [ 12.530636658123996, 55.696716377939829, 0.0 ], [ 12.529725375523336, 55.695834183102143, 0.0 ], [ 12.527321868861069, 55.695554813979797, 0.0 ], [ 12.526502962812364, 55.695475588058521, 0.0 ], [ 12.526060875147001, 55.695401529299659, 0.0 ], [ 12.524967826677864, 55.695157895034718, 0.0 ], [ 12.523346891619269, 55.69461372182122, 0.0 ], [ 12.522979140721983, 55.694465134335452, 0.0 ], [ 12.522032874626506, 55.694012339869154, 0.0 ], [ 12.521800828131635, 55.693772453694045, 0.0 ], [ 12.521435932716649, 55.693526310920852, 0.0 ], [ 12.521247033022741, 55.693366019367048, 0.0 ], [ 12.521189701513515, 55.693305623370527, 0.0 ], [ 12.521144899160539, 55.693202247501638, 0.0 ], [ 12.521103690475213, 55.693156494465143, 0.0 ], [ 12.520649400680755, 55.692817245379011, 0.0 ], [ 12.520343848143874, 55.692519223019985, 0.0 ], [ 12.520107952019442, 55.692354883822816, 0.0 ], [ 12.519756625363737, 55.692142514968843, 0.0 ], [ 12.519498918786583, 55.691956861119969, 0.0 ], [ 12.51880094096871, 55.691536121144004, 0.0 ], [ 12.517999250573959, 55.6911231179335, 0.0 ], [ 12.517525280301916, 55.690851229940193, 0.0 ], [ 12.517381933562616, 55.690814879038676, 0.0 ], [ 12.517060500874788, 55.690771856104199, 0.0 ], [ 12.516479885771888, 55.690620362526786, 0.0 ], [ 12.516097344262503, 55.690566860677272, 0.0 ], [ 12.515510654915081, 55.690276796759143, 0.0 ], [ 12.515020091059091, 55.69016542511617, 0.0 ], [ 12.514071980377597, 55.690010695370987, 0.0 ], [ 12.513081726670766, 55.689751694515657, 0.0 ], [ 12.512539383765668, 55.689627230000745, 0.0 ] ] ] } },
{ "type": "Feature", "properties": { "id": "249", "afstemningsomraadenummer": 2, "afstemningsstedNavn": "Skolen på Grundtvigsvej", "kommuneLokalId": 389104, "navn": "10. Kreds, Grundtvigsvej", "opstillingskredsLokalId": 403570, "areaSquareMetres": 662514.91 }, "geometry": { "type": "Polygon", "coordinates": [ [ [ 12.530171553193018, 55.667763757488181, 0.0 ], [ 12.530376041410499, 55.667745011372553, 0.0 ], [ 12.530435204981041, 55.667767765026966, 0.0 ], [ 12.53272003609564, 55.668226434201252, 0.0 ], [ 12.533244425188053, 55.668374881601181, 0.0 ], [ 12.533253857370191, 55.668364808876241, 0.0 ], [ 12.533482292150717, 55.668422785674785, 0.0 ], [ 12.533509439203948, 55.668452125345269, 0.0 ], [ 12.534931750209223, 55.668819167278336, 0.0 ], [ 12.534899423355723, 55.668933394262986, 0.0 ], [ 12.53503499397827, 55.668970667301409, 0.0 ], [ 12.534821483251408, 55.669293149849096, 0.0 ], [ 12.53831912328425, 55.670292751289296, 0.0 ], [ 12.539404696876451, 55.670208726765402, 0.0 ], [ 12.539511370347725, 55.670637337721331, 0.0 ], [ 12.547073576193652, 55.672811935672065, 0.0 ], [ 12.547022037020147, 55.672891114967214, 0.0 ], [ 12.546869326957857, 55.672979335282591, 0.0 ], [ 12.546680804156612, 55.672972559966063, 0.0 ], [ 12.546554311730988, 55.673004183035111, 0.0 ], [ 12.546488431996154, 55.673315043400251, 0.0 ], [ 12.546266745203281, 55.673304011484987, 0.0 ], [ 12.545988368361124, 55.673376802801187, 0.0 ], [ 12.545704697388308, 55.673403439326449, 0.0 ], [ 12.545670627382437, 55.673420789448009, 0.0 ], [ 12.545357378461222, 55.673442345966066, 0.0 ], [ 12.545119036233945, 55.673509212051265, 0.0 ], [ 12.544947262177386, 55.673471288094106, 0.0 ], [ 12.544537602745589, 55.673456066422546, 0.0 ], [ 12.544382414598774, 55.673527540685129, 0.0 ], [ 12.543972174012197, 55.673609624005906, 0.0 ], [ 12.543798786452772, 55.673566170237429, 0.0 ], [ 12.54350322839808, 55.673633787616161, 0.0 ], [ 12.542990978278677, 55.673673497528675, 0.0 ], [ 12.542713386661804, 55.67375857718315, 0.0 ], [ 12.542653009255295, 55.673756005671642, 0.0 ], [ 12.542516353740622, 55.673715804805617, 0.0 ], [ 12.542020015863351, 55.673797761384854, 0.0 ], [ 12.54151358925383, 55.673822730308814, 0.0 ], [ 12.541454205568046, 55.673857534897465, 0.0 ], [ 12.541116503490242, 55.673863871485061, 0.0 ], [ 12.540939522054224, 55.673893260179597, 0.0 ], [ 12.540813715187422, 55.673881517508747, 0.0 ], [ 12.540423543606922, 55.673941069522698, 0.0 ], [ 12.5406001709592, 55.674440941965727, 0.0 ], [ 12.540496517290999, 55.674535200539715, 0.0 ], [ 12.540720813573744, 55.674624305308029, 0.0 ], [ 12.540821789349039, 55.67477316893337, 0.0 ], [ 12.540800252503102, 55.674805981070996, 0.0 ], [ 12.540941317446965, 55.674961779442, 0.0 ], [ 12.541008730590187, 55.675230392237729, 0.0 ], [ 12.541037633443242, 55.675235042474334, 0.0 ], [ 12.541192341254225, 55.675483600385405, 0.0 ], [ 12.541154934060561, 55.675529189521271, 0.0 ], [ 12.541346339808712, 55.675689108466656, 0.0 ], [ 12.541325760828451, 55.675716677854219, 0.0 ], [ 12.541418403082135, 55.675975660051826, 0.0 ], [ 12.541398707485845, 55.675988367665042, 0.0 ], [ 12.541645059824706, 55.676250822870003, 0.0 ], [ 12.541636843042312, 55.676321824719487, 0.0 ], [ 12.54161775431028, 55.676332446751161, 0.0 ], [ 12.541540745801742, 55.676478537867077, 0.0 ], [ 12.54156272756142, 55.676510452848909, 0.0 ], [ 12.541543176124911, 55.67672178250546, 0.0 ], [ 12.5416548168088, 55.676752726349029, 0.0 ], [ 12.54180303033808, 55.676950488357924, 0.0 ], [ 12.54177786260896, 55.676985383700938, 0.0 ], [ 12.541883709574742, 55.677128171360593, 0.0 ], [ 12.541855623642856, 55.677192373970044, 0.0 ], [ 12.541970836903106, 55.677287414948808, 0.0 ], [ 12.541959837220016, 55.677343481099776, 0.0 ], [ 12.54200903102879, 55.677438720642392, 0.0 ], [ 12.542063646352826, 55.677474278637177, 0.0 ], [ 12.542045223388826, 55.67756086119072, 0.0 ], [ 12.542184671972022, 55.677730282443733, 0.0 ], [ 12.542134896074311, 55.677806261365191, 0.0 ], [ 12.541578691630333, 55.677872590726444, 0.0 ], [ 12.541539454272925, 55.677908521788162, 0.0 ], [ 12.541274741463532, 55.677956899290024, 0.0 ], [ 12.54124178501379, 55.677986624434212, 0.0 ], [ 12.540760008230892, 55.678043697117673, 0.0 ], [ 12.540718063662146, 55.678079616157412, 0.0 ], [ 12.540649658145531, 55.678078084624168, 0.0 ], [ 12.540214259288334, 55.678250348044848, 0.0 ], [ 12.539824688932976, 55.678290637903729, 0.0 ], [ 12.539779904678767, 55.678344442088893, 0.0 ], [ 12.539410515078476, 55.678405548210307, 0.0 ], [ 12.539387666117827, 55.67843444157733, 0.0 ], [ 12.539120882671991, 55.678474062257898, 0.0 ], [ 12.538924388062503, 55.678462109700888, 0.0 ], [ 12.538874333066175, 55.6784910688121, 0.0 ], [ 12.538465568754157, 55.678535594811407, 0.0 ], [ 12.538456986692799, 55.678555084628009, 0.0 ], [ 12.538083622946051, 55.678653257107108, 0.0 ], [ 12.537979160977374, 55.678626059180615, 0.0 ], [ 12.537770879889548, 55.678656256075818, 0.0 ], [ 12.537578634270606, 55.678765296464583, 0.0 ], [ 12.537509141156175, 55.678742933880024, 0.0 ], [ 12.537250171652065, 55.678731701943022, 0.0 ], [ 12.536981384739398, 55.67879322542688, 0.0 ], [ 12.536663874355538, 55.678806879303693, 0.0 ], [ 12.536383481738262, 55.678919628971215, 0.0 ], [ 12.535945522818471, 55.67888766015367, 0.0 ], [ 12.535637523606514, 55.678934396130458, 0.0 ], [ 12.535258081758219, 55.679021765262071, 0.0 ], [ 12.535176928310191, 55.678993623215234, 0.0 ], [ 12.534873954523297, 55.679037874532774, 0.0 ], [ 12.534838997095958, 55.679026114107785, 0.0 ], [ 12.53451682104215, 55.679037469128843, 0.0 ], [ 12.534460452702803, 55.679017693765758, 0.0 ], [ 12.534336379349982, 55.679051751678109, 0.0 ], [ 12.534123831052446, 55.679041782691044, 0.0 ], [ 12.534057674383915, 55.679073991244707, 0.0 ], [ 12.533909230496731, 55.679100748518067, 0.0 ], [ 12.533764286035534, 55.679086942340319, 0.0 ], [ 12.533514932724763, 55.679146998885841, 0.0 ], [ 12.53279307231541, 55.676517330228158, 0.0 ], [ 12.531407575855045, 55.671810191047079, 0.0 ], [ 12.531087168546366, 55.670605366768683, 0.0 ], [ 12.530746369804412, 55.669449414174125, 0.0 ], [ 12.530473640271078, 55.668451821804901, 0.0 ], [ 12.530290440674388, 55.667893140897625, 0.0 ], [ 12.530171553193018, 55.667763757488181, 0.0 ] ] ] } },
{ "type": "Feature", "properties": { "id": "368", "afstemningsomraadenummer": 8, "afstemningsstedNavn": "Skolen på Nyelandsvej", "kommuneLokalId": 389104, "navn": "11. Kreds, Nyelandsvej", "opstillingskredsLokalId": 403569, "areaSquareMetres": 424712.68 }, "geometry": { "type": "Polygon", "coordinates": [ [ [ 12.522915129113905, 55.682117456772218, 0.0 ], [ 12.522948226714274, 55.681889287990586, 0.0 ], [ 12.523343702958536, 55.681749615582994, 0.0 ], [ 12.523417210316643, 55.681756495162681, 0.0 ], [ 12.523868050249281, 55.681662616053536, 0.0 ], [ 12.523988920767042, 55.681723612487481, 0.0 ], [ 12.524552092613085, 55.68153757560534, 0.0 ], [ 12.52471634147849, 55.681429900680293, 0.0 ], [ 12.525556691213282, 55.681602120317628, 0.0 ], [ 12.525738474189675, 55.681542494615258, 0.0 ], [ 12.526049700398085, 55.681396963267325, 0.0 ], [ 12.526862085167199, 55.681430068487444, 0.0 ], [ 12.527016047422331, 55.681480309377946, 0.0 ], [ 12.527139422982652, 55.681655604170402, 0.0 ], [ 12.527335651067411, 55.681715688676071, 0.0 ], [ 12.52839316391904, 55.681929297959513, 0.0 ], [ 12.528451562014411, 55.682024547395443, 0.0 ], [ 12.528750340828722, 55.682166469957188, 0.0 ], [ 12.52956270207873, 55.68208437542161, 0.0 ], [ 12.529765695330306, 55.681981153193362, 0.0 ], [ 12.53026895539772, 55.682133371042262, 0.0 ], [ 12.530507101196742, 55.682105834214561, 0.0 ], [ 12.531159630601733, 55.682192607739196, 0.0 ], [ 12.531278148848692, 55.682290890290787, 0.0 ], [ 12.531596069730064, 55.682364367999526, 0.0 ], [ 12.531813392524848, 55.682315938305557, 0.0 ], [ 12.532187438285835, 55.682394092184872, 0.0 ], [ 12.532325439669343, 55.682105082094068, 0.0 ], [ 12.532747793241137, 55.682117192812015, 0.0 ], [ 12.532783430940471, 55.682139993985793, 0.0 ], [ 12.532917612768131, 55.682138466101819, 0.0 ], [ 12.533162443231999, 55.682063345532249, 0.0 ], [ 12.533417754483532, 55.682017954558269, 0.0 ], [ 12.53351563634687, 55.681965140583529, 0.0 ], [ 12.533675906398592, 55.681963489539235, 0.0 ], [ 12.534019238355814, 55.681851270546389, 0.0 ], [ 12.534003645697894, 55.681692657668208, 0.0 ], [ 12.533702740899235, 55.681573198140313, 0.0 ], [ 12.533727175316887, 55.681535358517777, 0.0 ], [ 12.534209028193048, 55.681339301258824, 0.0 ], [ 12.534286737943619, 55.681445590769272, 0.0 ], [ 12.534776291066306, 55.681958750500257, 0.0 ], [ 12.535378249551377, 55.682468757763459, 0.0 ], [ 12.537273357363036, 55.684143292736366, 0.0 ], [ 12.537903514881997, 55.684721531039322, 0.0 ], [ 12.537859740969976, 55.684769011023832, 0.0 ], [ 12.537823920957209, 55.684761861995661, 0.0 ], [ 12.537707238250414, 55.684791573690632, 0.0 ], [ 12.537731411857457, 55.684823066459785, 0.0 ], [ 12.537802413622165, 55.684835584642585, 0.0 ], [ 12.538244999935179, 55.685226091638512, 0.0 ], [ 12.538416111177279, 55.685254423694772, 0.0 ], [ 12.53858711314694, 55.685404775501596, 0.0 ], [ 12.527519493198804, 55.687930534596639, 0.0 ], [ 12.527544383832414, 55.68786939496939, 0.0 ], [ 12.527121293444912, 55.687427667079817, 0.0 ], [ 12.525262429382899, 55.685003835758643, 0.0 ], [ 12.524669226757826, 55.684266580396034, 0.0 ], [ 12.524627824220453, 55.684091354940783, 0.0 ], [ 12.524330462397291, 55.683936883292347, 0.0 ], [ 12.524335307328574, 55.683845748945878, 0.0 ], [ 12.524291560931619, 55.68367805379755, 0.0 ], [ 12.52424255104547, 55.683628659675037, 0.0 ], [ 12.52402495169817, 55.683548683422487, 0.0 ], [ 12.524038743172481, 55.683452616361173, 0.0 ], [ 12.523997566417947, 55.683324050706325, 0.0 ], [ 12.523915666026312, 55.683280547008756, 0.0 ], [ 12.523819707796463, 55.683006632579328, 0.0 ], [ 12.523691165376622, 55.682934706780145, 0.0 ], [ 12.523500599799529, 55.682866810868141, 0.0 ], [ 12.523490985648969, 55.682797132387968, 0.0 ], [ 12.52343637592578, 55.682717327397896, 0.0 ], [ 12.523445041557279, 55.682689833837713, 0.0 ], [ 12.523408621830084, 55.682571651518984, 0.0 ], [ 12.523330511640609, 55.682508346936416, 0.0 ], [ 12.523320712409596, 55.682452520842027, 0.0 ], [ 12.52323777588982, 55.682383330494979, 0.0 ], [ 12.523222466705523, 55.682315793776219, 0.0 ], [ 12.522915129113905, 55.682117456772218, 0.0 ] ] ] } },
{ "type": "Feature", "properties": { "id": "508", "afstemningsomraadenummer": 5, "afstemningsstedNavn": "Lindevangskolen", "kommuneLokalId": 389104, "navn": "11. Kreds, Lindevang", "opstillingskredsLokalId": 403569, "areaSquareMetres": 1295990.5 }, "geometry": { "type": "Polygon", "coordinates": [ [ [ 12.49131566922758, 55.679082532006113, 0.0 ], [ 12.492054043391784, 55.678251193185282, 0.0 ], [ 12.492239879158506, 55.678302637293854, 0.0 ], [ 12.492501423012564, 55.678268034160972, 0.0 ], [ 12.49267699804628, 55.678331099150022, 0.0 ], [ 12.492798678027112, 55.678307312528268, 0.0 ], [ 12.492981796322276, 55.678199863099991, 0.0 ], [ 12.493282890012203, 55.678235794004117, 0.0 ], [ 12.493792230938864, 55.678435191066676, 0.0 ], [ 12.494338148114677, 55.678238456820644, 0.0 ], [ 12.494411854883223, 55.678229882548557, 0.0 ], [ 12.494679515252688, 55.678411795873359, 0.0 ], [ 12.494958001259162, 55.678345953664099, 0.0 ], [ 12.495349891244418, 55.678382888300249, 0.0 ], [ 12.495519816741318, 55.678491337648666, 0.0 ], [ 12.495743282752706, 55.678400986620566, 0.0 ], [ 12.496513740794589, 55.678368410283468, 0.0 ], [ 12.496896959728927, 55.678436518069475, 0.0 ], [ 12.497054489569308, 55.678416830015834, 0.0 ], [ 12.497598788183522, 55.678522781788224, 0.0 ], [ 12.497651469011503, 55.6784836946117, 0.0 ], [ 12.498227131435762, 55.678447312350698, 0.0 ], [ 12.498662440096929, 55.678496395173724, 0.0 ], [ 12.498683949348349, 55.678516282161652, 0.0 ], [ 12.49922153735208, 55.67861117886433, 0.0 ], [ 12.49948890592821, 55.67853674189282, 0.0 ], [ 12.499698780307693, 55.678522300242719, 0.0 ], [ 12.499819246350699, 55.678547275329969, 0.0 ], [ 12.500012664624474, 55.678537438915853, 0.0 ], [ 12.500295807920995, 55.678557590391989, 0.0 ], [ 12.500560932241314, 55.678470537043872, 0.0 ], [ 12.500871109546681, 55.678613279288697, 0.0 ], [ 12.501026982015969, 55.678562612630458, 0.0 ], [ 12.501421276792007, 55.678583634199668, 0.0 ], [ 12.501498390338973, 55.678561560984143, 0.0 ], [ 12.501726413282002, 55.678604143459346, 0.0 ], [ 12.50187725806204, 55.678575558625461, 0.0 ], [ 12.502188396190133, 55.678647147112365, 0.0 ], [ 12.502456732055686, 55.67852843758093, 0.0 ], [ 12.502865947968859, 55.678630851341779, 0.0 ], [ 12.503297261843487, 55.678629859120434, 0.0 ], [ 12.503498089297546, 55.678768615554404, 0.0 ], [ 12.503713792247204, 55.678749954299441, 0.0 ], [ 12.503829105307863, 55.678690642128366, 0.0 ], [ 12.50407726231056, 55.678666557118078, 0.0 ], [ 12.504409645908288, 55.67871766161354, 0.0 ], [ 12.504522786750373, 55.678754980058756, 0.0 ], [ 12.504668350763222, 55.678694083201528, 0.0 ], [ 12.50509971320132, 55.678693622748014, 0.0 ], [ 12.505261973907894, 55.678716139060832, 0.0 ], [ 12.505337712314077, 55.678678727158875, 0.0 ], [ 12.505443270275354, 55.678674001245717, 0.0 ], [ 12.505837468962978, 55.67873655236447, 0.0 ], [ 12.505993724958845, 55.678686677570241, 0.0 ], [ 12.5062985879071, 55.678768056120596, 0.0 ], [ 12.506527546273551, 55.678693083404525, 0.0 ], [ 12.506939456140829, 55.678677977001179, 0.0 ], [ 12.507020214254783, 55.678623786096857, 0.0 ], [ 12.507924496641891, 55.678827385102807, 0.0 ], [ 12.508053453182164, 55.678874228531583, 0.0 ], [ 12.508222943215213, 55.678808686607461, 0.0 ], [ 12.508904423600276, 55.678779387109685, 0.0 ], [ 12.509079102875937, 55.678874734363113, 0.0 ], [ 12.50942926738391, 55.678859588206208, 0.0 ], [ 12.509553091806671, 55.678831407488019, 0.0 ], [ 12.509785484587558, 55.678828532564168, 0.0 ], [ 12.510046531839231, 55.678863051140148, 0.0 ], [ 12.510336181938907, 55.678856288314371, 0.0 ], [ 12.51051932667222, 55.678797545516169, 0.0 ], [ 12.510625850113255, 55.678851502429509, 0.0 ], [ 12.51083206752415, 55.678881474794522, 0.0 ], [ 12.51109714212501, 55.678857970137905, 0.0 ], [ 12.511302030609677, 55.67889796041154, 0.0 ], [ 12.511662167832053, 55.678860942524622, 0.0 ], [ 12.511831234965387, 55.678962830694537, 0.0 ], [ 12.512074611149151, 55.678906766435865, 0.0 ], [ 12.512488242502334, 55.678949857470172, 0.0 ], [ 12.512868740794209, 55.678852458817836, 0.0 ], [ 12.513018657542773, 55.678856166497987, 0.0 ], [ 12.513374744074351, 55.679002777685255, 0.0 ], [ 12.513460169089097, 55.678993586416148, 0.0 ], [ 12.513734277546334, 55.679010459134659, 0.0 ], [ 12.513919031962788, 55.679054798475484, 0.0 ], [ 12.514019541902368, 55.679018649382783, 0.0 ], [ 12.51439181528902, 55.678946658077471, 0.0 ], [ 12.514732436310428, 55.679029059170638, 0.0 ], [ 12.514932404587775, 55.678998240879551, 0.0 ], [ 12.51526281024327, 55.67902356703172, 0.0 ], [ 12.515403246355392, 55.678950036129507, 0.0 ], [ 12.51570185945234, 55.679000549805174, 0.0 ], [ 12.515989362769144, 55.678961015870243, 0.0 ], [ 12.516294039094642, 55.679034732392111, 0.0 ], [ 12.516622568543037, 55.678991323041956, 0.0 ], [ 12.516795799608765, 55.678926830664686, 0.0 ], [ 12.517068457663655, 55.678932857709114, 0.0 ], [ 12.517429208782595, 55.679113491610401, 0.0 ], [ 12.517430172023762, 55.679356236945971, 0.0 ], [ 12.517498526916132, 55.679424500527858, 0.0 ], [ 12.51739961523756, 55.679643135958038, 0.0 ], [ 12.517553118169069, 55.679707968011229, 0.0 ], [ 12.517602057421687, 55.679878932966993, 0.0 ], [ 12.517592569426881, 55.679893771514578, 0.0 ], [ 12.517704132731241, 55.680072740844025, 0.0 ], [ 12.517660903627197, 55.680161918690658, 0.0 ], [ 12.517806581916275, 55.680254758937053, 0.0 ], [ 12.517846859141681, 55.680393063076096, 0.0 ], [ 12.517830837297275, 55.68048217979559, 0.0 ], [ 12.517914132253658, 55.680649371676068, 0.0 ], [ 12.517906563021864, 55.680680250149429, 0.0 ], [ 12.518048119816726, 55.680856470521277, 0.0 ], [ 12.518414842737448, 55.680936854068428, 0.0 ], [ 12.518343785416654, 55.681070529741554, 0.0 ], [ 12.518329725705316, 55.681160219648568, 0.0 ], [ 12.518381230609251, 55.681317173767262, 0.0 ], [ 12.518247529994028, 55.681401934099718, 0.0 ], [ 12.518123112786103, 55.681404064961761, 0.0 ], [ 12.517854825489263, 55.681356553297483, 0.0 ], [ 12.517774580380129, 55.681389786351168, 0.0 ], [ 12.517467226713029, 55.681417575132521, 0.0 ], [ 12.517372725070398, 55.681467491625639, 0.0 ], [ 12.517300738209014, 55.681486370690997, 0.0 ], [ 12.517170581116478, 55.681458273646818, 0.0 ], [ 12.516761490427516, 55.681427116458813, 0.0 ], [ 12.516520014123273, 55.681461915253912, 0.0 ], [ 12.516463694294274, 55.681456786593493, 0.0 ], [ 12.516122028033566, 55.681533121395255, 0.0 ], [ 12.516087300240534, 55.681518561698375, 0.0 ], [ 12.51572760465379, 55.6815199729445, 0.0 ], [ 12.515481978554549, 55.681538703795262, 0.0 ], [ 12.515431707764554, 55.681528276046478, 0.0 ], [ 12.515232165346131, 55.681560431482325, 0.0 ], [ 12.515161697374591, 55.681551931325103, 0.0 ], [ 12.514962263772505, 55.68157644035329, 0.0 ], [ 12.514737483908991, 55.681573891539514, 0.0 ], [ 12.514562407689077, 55.681616224438962, 0.0 ], [ 12.514310636853763, 55.681628565179906, 0.0 ], [ 12.514244338729641, 55.681597376135493, 0.0 ], [ 12.514138829341308, 55.681620450953766, 0.0 ], [ 12.513443394625254, 55.68165260640049, 0.0 ], [ 12.512848249060248, 55.681497108198371, 0.0 ], [ 12.512744179840007, 55.681452883587554, 0.0 ], [ 12.51244995102506, 55.681650044622337, 0.0 ], [ 12.511614510702453, 55.681680894715612, 0.0 ], [ 12.511660625445785, 55.681779830153111, 0.0 ], [ 12.512033936828235, 55.681954995036101, 0.0 ], [ 12.512205110551848, 55.681963130382364, 0.0 ], [ 12.512321275711134, 55.681941730208372, 0.0 ], [ 12.512471316188906, 55.682030045880019, 0.0 ], [ 12.512499160620191, 55.682147037915051, 0.0 ], [ 12.512531678642377, 55.682172451797364, 0.0 ], [ 12.512537032072215, 55.682265810798938, 0.0 ], [ 12.512582926075384, 55.682305497796733, 0.0 ], [ 12.512582322830651, 55.682389226605508, 0.0 ], [ 12.512617206916447, 55.682421496205578, 0.0 ], [ 12.512645211941399, 55.682565098665002, 0.0 ], [ 12.512672958806256, 55.68259586429253, 0.0 ], [ 12.512530296979106, 55.682674940367633, 0.0 ], [ 12.512087872963374, 55.682719352229434, 0.0 ], [ 12.511856824799718, 55.682815525143162, 0.0 ], [ 12.511792264310381, 55.682823218503017, 0.0 ], [ 12.511822105413826, 55.6830103776283, 0.0 ], [ 12.511909460161439, 55.683079358966637, 0.0 ], [ 12.511924388852844, 55.683149964828971, 0.0 ], [ 12.512000596364459, 55.683202900688116, 0.0 ], [ 12.512029812779259, 55.683280200697929, 0.0 ], [ 12.512084126696649, 55.683317938354094, 0.0 ], [ 12.512179369608029, 55.683520937728446, 0.0 ], [ 12.512366816929557, 55.683570237843362, 0.0 ], [ 12.512660237756618, 55.683844528459602, 0.0 ], [ 12.512643615718511, 55.683895177537899, 0.0 ], [ 12.512783800714331, 55.68403673558133, 0.0 ], [ 12.51284768990987, 55.684241441856031, 0.0 ], [ 12.512884156684821, 55.684268271123827, 0.0 ], [ 12.512975338307855, 55.684480917360453, 0.0 ], [ 12.512975076370244, 55.684570211161528, 0.0 ], [ 12.51330642393043, 55.684740280601673, 0.0 ], [ 12.513508780781743, 55.685088571290891, 0.0 ], [ 12.513640247477545, 55.685184341379596, 0.0 ], [ 12.513611893596417, 55.685240811583292, 0.0 ], [ 12.513628875143944, 55.685444163987981, 0.0 ], [ 12.513670666189865, 55.6854806413115, 0.0 ], [ 12.513774049426361, 55.685669559354714, 0.0 ], [ 12.514042092419631, 55.685767260293062, 0.0 ], [ 12.513985571799328, 55.685970920485808, 0.0 ], [ 12.51421553714094, 55.68624720580506, 0.0 ], [ 12.514196555519232, 55.686363741029041, 0.0 ], [ 12.514337560415234, 55.686439815328598, 0.0 ], [ 12.51435633379767, 55.68647695204298, 0.0 ], [ 12.5143968082531, 55.686500519004703, 0.0 ], [ 12.514280447979864, 55.686534065162483, 0.0 ], [ 12.513313813984649, 55.688161361335247, 0.0 ], [ 12.512539383765668, 55.689627230000745, 0.0 ], [ 12.510387910431129, 55.689104918597245, 0.0 ], [ 12.508495845152432, 55.688906398168776, 0.0 ], [ 12.506663439110818, 55.688575855511708, 0.0 ], [ 12.506078699511292, 55.688546267055273, 0.0 ], [ 12.504392484789797, 55.688317431857087, 0.0 ], [ 12.503918188075522, 55.68823953977288, 0.0 ], [ 12.502381603494667, 55.687757966177152, 0.0 ], [ 12.501412181588796, 55.687087994661731, 0.0 ], [ 12.500836765182958, 55.686849152336222, 0.0 ], [ 12.500443289227157, 55.686713642157088, 0.0 ], [ 12.500420191663942, 55.68664758431035, 0.0 ], [ 12.50037109729525, 55.686607624568722, 0.0 ], [ 12.50008996348433, 55.686496690570145, 0.0 ], [ 12.499677557141275, 55.686286459249786, 0.0 ], [ 12.499664863155818, 55.686294014711137, 0.0 ], [ 12.498032273917687, 55.685431280179074, 0.0 ], [ 12.497844828761748, 55.685319557089407, 0.0 ], [ 12.498029956537383, 55.685211233929941, 0.0 ], [ 12.496769396823215, 55.684556994586181, 0.0 ], [ 12.495918165116649, 55.684062543011109, 0.0 ], [ 12.495826501100417, 55.684110742986469, 0.0 ], [ 12.495904928958607, 55.684263610860143, 0.0 ], [ 12.495976870617922, 55.684541645598301, 0.0 ], [ 12.495870466733528, 55.684522829447957, 0.0 ], [ 12.495849104584014, 55.68455985401873, 0.0 ], [ 12.49585320574338, 55.684605773644989, 0.0 ], [ 12.495678616031903, 55.684536300684357, 0.0 ], [ 12.495666463028531, 55.684426950678812, 0.0 ], [ 12.495478817457849, 55.684318197044313, 0.0 ], [ 12.495169467707621, 55.683739418993177, 0.0 ], [ 12.494765631443769, 55.683301892093695, 0.0 ], [ 12.494588458849634, 55.683146352652855, 0.0 ], [ 12.494488486472164, 55.683124654640828, 0.0 ], [ 12.494323256095875, 55.682962030911774, 0.0 ], [ 12.493958466853851, 55.683061620481894, 0.0 ], [ 12.493672079308491, 55.682787896002061, 0.0 ], [ 12.493049836915972, 55.682122896649453, 0.0 ], [ 12.492372311275732, 55.680914673748603, 0.0 ], [ 12.492097825954808, 55.680395858306284, 0.0 ], [ 12.491704800929895, 55.679734395722022, 0.0 ], [ 12.491611646871652, 55.679492839011779, 0.0 ], [ 12.491514512384917, 55.679174518247386, 0.0 ], [ 12.49131566922758, 55.679082532006113, 0.0 ] ] ] } },
{ "type": "Feature", "properties": { "id": "509", "afstemningsomraadenummer": 3, "afstemningsstedNavn": "Bülowsvejhallen", "kommuneLokalId": 389104, "navn": "10. Kreds, Bülowsvej", "opstillingskredsLokalId": 403570, "areaSquareMetres": 1027537.99 }, "geometry": { "type": "Polygon", "coordinates": [ [ [ 12.532139649925492, 55.686912148409441, 0.0 ], [ 12.532243283621998, 55.686854134713073, 0.0 ], [ 12.532633434774805, 55.686761072790972, 0.0 ], [ 12.53858711314694, 55.685404775501596, 0.0 ], [ 12.538416111177279, 55.685254423694772, 0.0 ], [ 12.538244999935179, 55.685226091638512, 0.0 ], [ 12.537802413622165, 55.684835584642585, 0.0 ], [ 12.537731411857457, 55.684823066459785, 0.0 ], [ 12.537707238250414, 55.684791573690632, 0.0 ], [ 12.537823920957209, 55.684761861995661, 0.0 ], [ 12.537859740969976, 55.684769011023832, 0.0 ], [ 12.537903514881997, 55.684721531039322, 0.0 ], [ 12.537273357363036, 55.684143292736366, 0.0 ], [ 12.535378249551377, 55.682468757763459, 0.0 ], [ 12.534776291066306, 55.681958750500257, 0.0 ], [ 12.534286737943619, 55.681445590769272, 0.0 ], [ 12.534105096956313, 55.681189348670436, 0.0 ], [ 12.533955983328619, 55.680669343051989, 0.0 ], [ 12.533786200592921, 55.680154788418321, 0.0 ], [ 12.533514932724763, 55.679146998885841, 0.0 ], [ 12.533764286035534, 55.679086942340319, 0.0 ], [ 12.533909230496731, 55.679100748518067, 0.0 ], [ 12.534057674383915, 55.679073991244707, 0.0 ], [ 12.534123831052446, 55.679041782691044, 0.0 ], [ 12.534336379349982, 55.679051751678109, 0.0 ], [ 12.534460452702803, 55.679017693765758, 0.0 ], [ 12.53451682104215, 55.679037469128843, 0.0 ], [ 12.534838997095958, 55.679026114107785, 0.0 ], [ 12.534873954523297, 55.679037874532774, 0.0 ], [ 12.535176928310191, 55.678993623215234, 0.0 ], [ 12.535258081758219, 55.679021765262071, 0.0 ], [ 12.535637523606514, 55.678934396130458, 0.0 ], [ 12.535945522818471, 55.67888766015367, 0.0 ], [ 12.536383481738262, 55.678919628971215, 0.0 ], [ 12.536663874355538, 55.678806879303693, 0.0 ], [ 12.536981384739398, 55.67879322542688, 0.0 ], [ 12.537250171652065, 55.678731701943022, 0.0 ], [ 12.537509141156175, 55.678742933880024, 0.0 ], [ 12.537578634270606, 55.678765296464583, 0.0 ], [ 12.537770879889548, 55.678656256075818, 0.0 ], [ 12.537979160977374, 55.678626059180615, 0.0 ], [ 12.538083622946051, 55.678653257107108, 0.0 ], [ 12.538456986692799, 55.678555084628009, 0.0 ], [ 12.538465568754157, 55.678535594811407, 0.0 ], [ 12.538874333066175, 55.6784910688121, 0.0 ], [ 12.538924388062503, 55.678462109700888, 0.0 ], [ 12.539120882671991, 55.678474062257898, 0.0 ], [ 12.539387666117827, 55.67843444157733, 0.0 ], [ 12.539410515078476, 55.678405548210307, 0.0 ], [ 12.539779904678767, 55.678344442088893, 0.0 ], [ 12.539824688932976, 55.678290637903729, 0.0 ], [ 12.540214259288334, 55.678250348044848, 0.0 ], [ 12.540649658145531, 55.678078084624168, 0.0 ], [ 12.540718063662146, 55.678079616157412, 0.0 ], [ 12.540760008230892, 55.678043697117673, 0.0 ], [ 12.54124178501379, 55.677986624434212, 0.0 ], [ 12.541274741463532, 55.677956899290024, 0.0 ], [ 12.541539454272925, 55.677908521788162, 0.0 ], [ 12.541578691630333, 55.677872590726444, 0.0 ], [ 12.542134896074311, 55.677806261365191, 0.0 ], [ 12.542463548973103, 55.678037204635963, 0.0 ], [ 12.542500412291398, 55.678048907846488, 0.0 ], [ 12.542541638759012, 55.67831458990014, 0.0 ], [ 12.542421247839423, 55.678415627697618, 0.0 ], [ 12.542433957330539, 55.678505087417079, 0.0 ], [ 12.542530596627968, 55.678695526754844, 0.0 ], [ 12.542285474016873, 55.678999153694427, 0.0 ], [ 12.542547724097293, 55.679034288044718, 0.0 ], [ 12.542859116086234, 55.679148207813292, 0.0 ], [ 12.542935550016887, 55.679444163577621, 0.0 ], [ 12.542726743518664, 55.67966024210542, 0.0 ], [ 12.542683086183143, 55.679740540280413, 0.0 ], [ 12.542764065737851, 55.679975940713973, 0.0 ], [ 12.542732855123331, 55.680235982645677, 0.0 ], [ 12.542321634348999, 55.68073188458915, 0.0 ], [ 12.542312328835783, 55.680797882567084, 0.0 ], [ 12.54221294143672, 55.680948217078935, 0.0 ], [ 12.542758117804109, 55.681084876579945, 0.0 ], [ 12.543011115756288, 55.681165325771957, 0.0 ], [ 12.543841285361758, 55.681343739679413, 0.0 ], [ 12.544185452791213, 55.681230568335948, 0.0 ], [ 12.544601029120168, 55.68119248053339, 0.0 ], [ 12.544668250918045, 55.681140453715066, 0.0 ], [ 12.544846651223944, 55.681084223874294, 0.0 ], [ 12.544931024151243, 55.681086280636507, 0.0 ], [ 12.545214164110556, 55.680982873129643, 0.0 ], [ 12.545279735447163, 55.680873976286101, 0.0 ], [ 12.545554440789125, 55.68089534670824, 0.0 ], [ 12.545798379648048, 55.680819506821713, 0.0 ], [ 12.545883850606138, 55.680823149673351, 0.0 ], [ 12.545996118911455, 55.680751926022985, 0.0 ], [ 12.546520851739606, 55.680680373007213, 0.0 ], [ 12.546569403791628, 55.680689309229777, 0.0 ], [ 12.546923350125892, 55.680545455218692, 0.0 ], [ 12.546986055697145, 55.680457680830635, 0.0 ], [ 12.547209573266437, 55.680500759458589, 0.0 ], [ 12.547524416386002, 55.680445254259432, 0.0 ], [ 12.547577955479648, 55.680384539988495, 0.0 ], [ 12.547882945326405, 55.680350269561984, 0.0 ], [ 12.547902262731496, 55.680335144096873, 0.0 ], [ 12.548179203125898, 55.680296918881339, 0.0 ], [ 12.548275922787411, 55.680261390419837, 0.0 ], [ 12.548413795481467, 55.680163707293595, 0.0 ], [ 12.548565692210428, 55.680206697946048, 0.0 ], [ 12.548596130142275, 55.680387988961371, 0.0 ], [ 12.54872655025232, 55.680478447699954, 0.0 ], [ 12.548816727670573, 55.680574386981334, 0.0 ], [ 12.548855792612033, 55.68058926163836, 0.0 ], [ 12.549135913494885, 55.6804983407688, 0.0 ], [ 12.549270392377316, 55.680508925074257, 0.0 ], [ 12.54939598731846, 55.680426792170607, 0.0 ], [ 12.549632128363911, 55.680416000383474, 0.0 ], [ 12.54970090159207, 55.68035484414348, 0.0 ], [ 12.549961441774176, 55.68033057718349, 0.0 ], [ 12.549992345989811, 55.6803045956405, 0.0 ], [ 12.550259074391398, 55.680243282890807, 0.0 ], [ 12.550279856538106, 55.680219752340236, 0.0 ], [ 12.550564896352698, 55.680184883863518, 0.0 ], [ 12.550748907715709, 55.680202934098538, 0.0 ], [ 12.550787191145048, 55.680154798898911, 0.0 ], [ 12.551069552226146, 55.68003602423321, 0.0 ], [ 12.551268515043786, 55.680064520665809, 0.0 ], [ 12.551425166755626, 55.67993886544334, 0.0 ], [ 12.551580687504494, 55.679883198276741, 0.0 ], [ 12.551708136721826, 55.679763693578828, 0.0 ], [ 12.55205587198016, 55.679832298556718, 0.0 ], [ 12.552190002249718, 55.679889916395673, 0.0 ], [ 12.5524908634279, 55.679692734180172, 0.0 ], [ 12.552931402368218, 55.679694986678022, 0.0 ], [ 12.552990287895858, 55.679581063849945, 0.0 ], [ 12.553033313264208, 55.679550144508433, 0.0 ], [ 12.553122359203066, 55.679549362665377, 0.0 ], [ 12.553554670599961, 55.679476770446769, 0.0 ], [ 12.553605347068803, 55.679488070082009, 0.0 ], [ 12.553835732585707, 55.67937888762826, 0.0 ], [ 12.554059331579097, 55.679391289653871, 0.0 ], [ 12.554211327627499, 55.679251288946965, 0.0 ], [ 12.55430474268003, 55.679218009394376, 0.0 ], [ 12.554721151953203, 55.679245502200402, 0.0 ], [ 12.554878135824604, 55.679400554320473, 0.0 ], [ 12.554899387652018, 55.67948212256951, 0.0 ], [ 12.554913717593303, 55.679490968607439, 0.0 ], [ 12.554875769764275, 55.679719739186275, 0.0 ], [ 12.554904040572675, 55.679768194242335, 0.0 ], [ 12.554971554806551, 55.679787906989908, 0.0 ], [ 12.555044922922395, 55.679837032758321, 0.0 ], [ 12.555027312256305, 55.680063685177515, 0.0 ], [ 12.555247725295851, 55.680158361826756, 0.0 ], [ 12.555256159806442, 55.680191656413456, 0.0 ], [ 12.555358126201583, 55.680285810639823, 0.0 ], [ 12.555340694668828, 55.68034620093875, 0.0 ], [ 12.555475923055992, 55.680548999797466, 0.0 ], [ 12.555448162884023, 55.680618321646186, 0.0 ], [ 12.555829532085129, 55.68073116929002, 0.0 ], [ 12.555896880134711, 55.680841882646277, 0.0 ], [ 12.555816225466387, 55.680984132731759, 0.0 ], [ 12.556138120435914, 55.681079911373615, 0.0 ], [ 12.55621374981434, 55.681160891549133, 0.0 ], [ 12.556215750377216, 55.68118816838092, 0.0 ], [ 12.55634206570773, 55.681303285774717, 0.0 ], [ 12.556629092907565, 55.681393600364615, 0.0 ], [ 12.556627862856869, 55.681514934454121, 0.0 ], [ 12.556674689434791, 55.681578406640959, 0.0 ], [ 12.557259663370175, 55.68147107147238, 0.0 ], [ 12.557341088932414, 55.681748891668718, 0.0 ], [ 12.554187463896525, 55.681498472079376, 0.0 ], [ 12.553692463270853, 55.681613525509832, 0.0 ], [ 12.555079113105993, 55.683628839937668, 0.0 ], [ 12.555108759801348, 55.683622315673375, 0.0 ], [ 12.555267518227982, 55.683852756616325, 0.0 ], [ 12.554895946701311, 55.684244148177719, 0.0 ], [ 12.554708575064732, 55.684357570272702, 0.0 ], [ 12.554394809723235, 55.68449353821935, 0.0 ], [ 12.553401558592499, 55.684839461008814, 0.0 ], [ 12.553240139345805, 55.684874170578702, 0.0 ], [ 12.547078011922867, 55.685234465344607, 0.0 ], [ 12.546782090883367, 55.685281418894164, 0.0 ], [ 12.546535302237171, 55.685354195629962, 0.0 ], [ 12.546173037907471, 55.685538481129271, 0.0 ], [ 12.54614984722429, 55.685524944867858, 0.0 ], [ 12.544770053597384, 55.68626978426407, 0.0 ], [ 12.544299537094895, 55.686461059373705, 0.0 ], [ 12.54272032751367, 55.686953666612609, 0.0 ], [ 12.542280212045936, 55.687113483751013, 0.0 ], [ 12.542124356625877, 55.687197561766851, 0.0 ], [ 12.54214444495925, 55.687211997638947, 0.0 ], [ 12.541802787765288, 55.68735530178909, 0.0 ], [ 12.541449234775104, 55.687594080322995, 0.0 ], [ 12.541181062767306, 55.687708735127849, 0.0 ], [ 12.540888325030849, 55.688032165765371, 0.0 ], [ 12.540496305731502, 55.688424730437966, 0.0 ], [ 12.538330675151892, 55.689554002024572, 0.0 ], [ 12.537838367791789, 55.689749746259317, 0.0 ], [ 12.537774099038639, 55.689788915581666, 0.0 ], [ 12.537633125587343, 55.689907535779909, 0.0 ], [ 12.537309039919867, 55.69023509831824, 0.0 ], [ 12.537126294773477, 55.690449874513071, 0.0 ], [ 12.536568291622146, 55.691039094361081, 0.0 ], [ 12.536105573902033, 55.690798062897549, 0.0 ], [ 12.535927378796984, 55.690841325187868, 0.0 ], [ 12.535606499322771, 55.690794108576299, 0.0 ], [ 12.535253847221677, 55.690819830075142, 0.0 ], [ 12.535220413071624, 55.690708757954354, 0.0 ], [ 12.535128185565155, 55.690646406839619, 0.0 ], [ 12.535042217440841, 55.690515898416734, 0.0 ], [ 12.535051494895011, 55.690461771059198, 0.0 ], [ 12.534944290891461, 55.690418644036136, 0.0 ], [ 12.534795199747059, 55.690308297807292, 0.0 ], [ 12.534767703552729, 55.690240034489925, 0.0 ], [ 12.534688684665673, 55.690184675516846, 0.0 ], [ 12.534712184846681, 55.690080054822332, 0.0 ], [ 12.534500835353485, 55.689988856499909, 0.0 ], [ 12.534449037684951, 55.689857722577401, 0.0 ], [ 12.534362070383438, 55.689818327852088, 0.0 ], [ 12.534324714190504, 55.689736051892382, 0.0 ], [ 12.534168476263952, 55.689657561495942, 0.0 ], [ 12.534160078329288, 55.689622736102024, 0.0 ], [ 12.534036149770936, 55.689530096764528, 0.0 ], [ 12.534034980426041, 55.689506572362497, 0.0 ], [ 12.533839841398345, 55.689296935523238, 0.0 ], [ 12.533909968497261, 55.689237997725314, 0.0 ], [ 12.533703998648344, 55.689021209728104, 0.0 ], [ 12.53374630442738, 55.688839258767963, 0.0 ], [ 12.533794345265443, 55.688784284325614, 0.0 ], [ 12.533561323791435, 55.688719155318928, 0.0 ], [ 12.53326983269624, 55.688503571897854, 0.0 ], [ 12.533200950257211, 55.688377065894173, 0.0 ], [ 12.533115996811347, 55.688324664370128, 0.0 ], [ 12.533119692007922, 55.688155784860541, 0.0 ], [ 12.533033672547909, 55.688119778780084, 0.0 ], [ 12.532827998165111, 55.687775659347651, 0.0 ], [ 12.532767460553718, 55.687766253613738, 0.0 ], [ 12.532659373302424, 55.687670908762342, 0.0 ], [ 12.53265424047439, 55.687559380480884, 0.0 ], [ 12.532550029452409, 55.687455831412741, 0.0 ], [ 12.532490811076862, 55.687328776937832, 0.0 ], [ 12.532417946392387, 55.687292121792183, 0.0 ], [ 12.532408095621339, 55.687205905986147, 0.0 ], [ 12.532298854888332, 55.687125969771841, 0.0 ], [ 12.532312034669923, 55.687072719330295, 0.0 ], [ 12.532139649925492, 55.686912148409441, 0.0 ] ] ] } },
{ "type": "Feature", "properties": { "id": "510", "afstemningsomraadenummer": 6, "afstemningsstedNavn": "Frederiksberghallerne", "kommuneLokalId": 389104, "navn": "11. Kreds, Frederiksberghallerne", "opstillingskredsLokalId": 403569, "areaSquareMetres": 1466089.25 }, "geometry": { "type": "Polygon", "coordinates": [ [ [ 12.492054043391784, 55.678251193185282, 0.0 ], [ 12.492597447749914, 55.677617731011189, 0.0 ], [ 12.492601253408981, 55.677235843278872, 0.0 ], [ 12.492622464985518, 55.676956322597334, 0.0 ], [ 12.492909902162921, 55.674987806645433, 0.0 ], [ 12.492971612878922, 55.674705693483993, 0.0 ], [ 12.493296924234521, 55.672602033258087, 0.0 ], [ 12.493365598593726, 55.672562132529507, 0.0 ], [ 12.495216148478017, 55.672522882778118, 0.0 ], [ 12.495235106595761, 55.672503550088038, 0.0 ], [ 12.495289470165778, 55.672319382631116, 0.0 ], [ 12.495448911377354, 55.672328504562223, 0.0 ], [ 12.495799248520759, 55.671283952242263, 0.0 ], [ 12.496366607122145, 55.669370113560021, 0.0 ], [ 12.496533178239298, 55.668928195406039, 0.0 ], [ 12.501027128862514, 55.669123470960244, 0.0 ], [ 12.501056052008606, 55.669288628957716, 0.0 ], [ 12.502630896312922, 55.669361439010892, 0.0 ], [ 12.503072211220969, 55.669110554886153, 0.0 ], [ 12.510957463865486, 55.669506507275976, 0.0 ], [ 12.510976390297506, 55.669515316547518, 0.0 ], [ 12.511004172398886, 55.669612259435091, 0.0 ], [ 12.515967212625712, 55.668328464816312, 0.0 ], [ 12.517337176876847, 55.667988851297864, 0.0 ], [ 12.517335462380624, 55.668338224190563, 0.0 ], [ 12.51735738420202, 55.668391005403642, 0.0 ], [ 12.517288281088492, 55.668454130717677, 0.0 ], [ 12.51728170700912, 55.668765338777426, 0.0 ], [ 12.517267873389896, 55.668774277648893, 0.0 ], [ 12.517248135382511, 55.66890702040299, 0.0 ], [ 12.517352159442826, 55.669140605211759, 0.0 ], [ 12.517308472656143, 55.669212172800492, 0.0 ], [ 12.517250199969817, 55.669234704998274, 0.0 ], [ 12.51709921176516, 55.669512740592758, 0.0 ], [ 12.517313997620608, 55.669688209435662, 0.0 ], [ 12.517566138706789, 55.669790673431372, 0.0 ], [ 12.518387852153793, 55.670013645950938, 0.0 ], [ 12.519150785120846, 55.670063953002824, 0.0 ], [ 12.519447428218037, 55.670107409801368, 0.0 ], [ 12.51940385637926, 55.670475877719404, 0.0 ], [ 12.519427867077621, 55.670578412151194, 0.0 ], [ 12.518753521795521, 55.670947540305107, 0.0 ], [ 12.518574022706407, 55.671111842929712, 0.0 ], [ 12.518361766588242, 55.671426885330952, 0.0 ], [ 12.518279773582947, 55.671490021341441, 0.0 ], [ 12.518145146825043, 55.67166328608667, 0.0 ], [ 12.518139478679839, 55.671952618602603, 0.0 ], [ 12.518166036093074, 55.672021541485854, 0.0 ], [ 12.517718543909945, 55.672431449759685, 0.0 ], [ 12.517608068877783, 55.672565446949775, 0.0 ], [ 12.517218886511644, 55.672742506410188, 0.0 ], [ 12.516510932816319, 55.673285493650901, 0.0 ], [ 12.516572807704131, 55.673359698067223, 0.0 ], [ 12.520116517585466, 55.673312053013987, 0.0 ], [ 12.519193802092744, 55.673971998065575, 0.0 ], [ 12.519035783637968, 55.674286923353087, 0.0 ], [ 12.519587356076483, 55.674448946082627, 0.0 ], [ 12.519683748443917, 55.674572511218912, 0.0 ], [ 12.520190620935438, 55.67480361112694, 0.0 ], [ 12.520151605463651, 55.675086438192366, 0.0 ], [ 12.520302201653397, 55.675349165386883, 0.0 ], [ 12.520542634259595, 55.675579281155983, 0.0 ], [ 12.520677265994697, 55.675652024090979, 0.0 ], [ 12.51994198612711, 55.676082251579523, 0.0 ], [ 12.519914894286302, 55.676380921086988, 0.0 ], [ 12.519852697543788, 55.676384684644603, 0.0 ], [ 12.519207535950311, 55.676288200065727, 0.0 ], [ 12.519182265025746, 55.676269053909053, 0.0 ], [ 12.518708217653712, 55.676353781727926, 0.0 ], [ 12.518577720350335, 55.676314636507655, 0.0 ], [ 12.518308388584174, 55.676313552951001, 0.0 ], [ 12.518065091450953, 55.676391477305934, 0.0 ], [ 12.517960470419945, 55.676390612545575, 0.0 ], [ 12.517734289097975, 55.676292439320008, 0.0 ], [ 12.517514429783164, 55.676273480115746, 0.0 ], [ 12.51739859192547, 55.676252255984608, 0.0 ], [ 12.517344060746025, 55.67622621603352, 0.0 ], [ 12.517060398467182, 55.676267531551417, 0.0 ], [ 12.51691562214074, 55.676225287429254, 0.0 ], [ 12.516624667525942, 55.676261595963474, 0.0 ], [ 12.516317878723781, 55.676236765477995, 0.0 ], [ 12.516109033492784, 55.676246530752266, 0.0 ], [ 12.516055832995541, 55.676229983168213, 0.0 ], [ 12.515772478203045, 55.676216258344937, 0.0 ], [ 12.515693928427332, 55.676234605458355, 0.0 ], [ 12.515466308651842, 55.676233758360439, 0.0 ], [ 12.515262082104815, 55.676176222620136, 0.0 ], [ 12.51487328410121, 55.676187907580704, 0.0 ], [ 12.51479881543179, 55.676140048981168, 0.0 ], [ 12.514319674214521, 55.676169877216246, 0.0 ], [ 12.514011915085884, 55.676104067183182, 0.0 ], [ 12.513682804533479, 55.676167357916235, 0.0 ], [ 12.513525427888576, 55.676174385108887, 0.0 ], [ 12.513403089582685, 55.676156940131136, 0.0 ], [ 12.513169382494352, 55.676072281841229, 0.0 ], [ 12.512806711055005, 55.676039962203454, 0.0 ], [ 12.512642437788164, 55.676065888322526, 0.0 ], [ 12.512436759903657, 55.676031138212323, 0.0 ], [ 12.512104917077096, 55.676074631560461, 0.0 ], [ 12.511959911980112, 55.676015573979619, 0.0 ], [ 12.511674469871535, 55.676019343157847, 0.0 ], [ 12.511489388166307, 55.675992453700864, 0.0 ], [ 12.511420048352935, 55.675962699131979, 0.0 ], [ 12.511247356741233, 55.675990572843318, 0.0 ], [ 12.511067598136135, 55.675975129454471, 0.0 ], [ 12.510712120690455, 55.675998165569446, 0.0 ], [ 12.510536970171472, 55.675932956003699, 0.0 ], [ 12.510184138315797, 55.675992600446371, 0.0 ], [ 12.510033891166621, 55.676036554237413, 0.0 ], [ 12.509673877722163, 55.676049826441897, 0.0 ], [ 12.509467768507383, 55.675948096564142, 0.0 ], [ 12.508946932591702, 55.675924608201264, 0.0 ], [ 12.508868362186055, 55.675962283351261, 0.0 ], [ 12.508401133104686, 55.675910194048434, 0.0 ], [ 12.508328404453039, 55.675920727012716, 0.0 ], [ 12.508154569879942, 55.675879034346345, 0.0 ], [ 12.507632072970374, 55.675909807045791, 0.0 ], [ 12.507607209645251, 55.675996387674324, 0.0 ], [ 12.507717990049622, 55.676208116975658, 0.0 ], [ 12.507715147893427, 55.676293618098562, 0.0 ], [ 12.507820725441917, 55.676420615829038, 0.0 ], [ 12.507843089840739, 55.676608079483522, 0.0 ], [ 12.507976905974395, 55.676750094411169, 0.0 ], [ 12.50800763555673, 55.676887055908239, 0.0 ], [ 12.507945316734194, 55.677033333108639, 0.0 ], [ 12.507963219283246, 55.67707508128516, 0.0 ], [ 12.508140916286724, 55.677159823284882, 0.0 ], [ 12.508252472595924, 55.677371260226955, 0.0 ], [ 12.508306338531309, 55.677402358461791, 0.0 ], [ 12.508458008401661, 55.677622808019159, 0.0 ], [ 12.508422192403874, 55.677743420538498, 0.0 ], [ 12.508456414109313, 55.677835863718407, 0.0 ], [ 12.508669092336065, 55.678097816887586, 0.0 ], [ 12.508636320232087, 55.678193795408447, 0.0 ], [ 12.508840073013282, 55.678455554124547, 0.0 ], [ 12.508821062819219, 55.678621632743784, 0.0 ], [ 12.508907450875416, 55.678747470355304, 0.0 ], [ 12.508904423600276, 55.678779387109685, 0.0 ], [ 12.508222943215213, 55.678808686607461, 0.0 ], [ 12.508053453182164, 55.678874228531583, 0.0 ], [ 12.507924496641891, 55.678827385102807, 0.0 ], [ 12.507020214254783, 55.678623786096857, 0.0 ], [ 12.506939456140829, 55.678677977001179, 0.0 ], [ 12.506527546273551, 55.678693083404525, 0.0 ], [ 12.5062985879071, 55.678768056120596, 0.0 ], [ 12.505993724958845, 55.678686677570241, 0.0 ], [ 12.505837468962978, 55.67873655236447, 0.0 ], [ 12.505443270275354, 55.678674001245717, 0.0 ], [ 12.505337712314077, 55.678678727158875, 0.0 ], [ 12.505261973907894, 55.678716139060832, 0.0 ], [ 12.50509971320132, 55.678693622748014, 0.0 ], [ 12.504668350763222, 55.678694083201528, 0.0 ], [ 12.504522786750373, 55.678754980058756, 0.0 ], [ 12.504409645908288, 55.67871766161354, 0.0 ], [ 12.50407726231056, 55.678666557118078, 0.0 ], [ 12.503829105307863, 55.678690642128366, 0.0 ], [ 12.503713792247204, 55.678749954299441, 0.0 ], [ 12.503498089297546, 55.678768615554404, 0.0 ], [ 12.503297261843487, 55.678629859120434, 0.0 ], [ 12.502865947968859, 55.678630851341779, 0.0 ], [ 12.502456732055686, 55.67852843758093, 0.0 ], [ 12.502188396190133, 55.678647147112365, 0.0 ], [ 12.50187725806204, 55.678575558625461, 0.0 ], [ 12.501726413282002, 55.678604143459346, 0.0 ], [ 12.501498390338973, 55.678561560984143, 0.0 ], [ 12.501421276792007, 55.678583634199668, 0.0 ], [ 12.501026982015969, 55.678562612630458, 0.0 ], [ 12.500871109546681, 55.678613279288697, 0.0 ], [ 12.500560932241314, 55.678470537043872, 0.0 ], [ 12.500295807920995, 55.678557590391989, 0.0 ], [ 12.500012664624474, 55.678537438915853, 0.0 ], [ 12.499819246350699, 55.678547275329969, 0.0 ], [ 12.499698780307693, 55.678522300242719, 0.0 ], [ 12.49948890592821, 55.67853674189282, 0.0 ], [ 12.49922153735208, 55.67861117886433, 0.0 ], [ 12.498683949348349, 55.678516282161652, 0.0 ], [ 12.498662440096929, 55.678496395173724, 0.0 ], [ 12.498227131435762, 55.678447312350698, 0.0 ], [ 12.497651469011503, 55.6784836946117, 0.0 ], [ 12.497598788183522, 55.678522781788224, 0.0 ], [ 12.497054489569308, 55.678416830015834, 0.0 ], [ 12.496896959728927, 55.678436518069475, 0.0 ], [ 12.496513740794589, 55.678368410283468, 0.0 ], [ 12.495743282752706, 55.678400986620566, 0.0 ], [ 12.495519816741318, 55.678491337648666, 0.0 ], [ 12.495349891244418, 55.678382888300249, 0.0 ], [ 12.494958001259162, 55.678345953664099, 0.0 ], [ 12.494679515252688, 55.678411795873359, 0.0 ], [ 12.494411854883223, 55.678229882548557, 0.0 ], [ 12.494338148114677, 55.678238456820644, 0.0 ], [ 12.493792230938864, 55.678435191066676, 0.0 ], [ 12.493282890012203, 55.678235794004117, 0.0 ], [ 12.492981796322276, 55.678199863099991, 0.0 ], [ 12.492798678027112, 55.678307312528268, 0.0 ], [ 12.49267699804628, 55.678331099150022, 0.0 ], [ 12.492501423012564, 55.678268034160972, 0.0 ], [ 12.492239879158506, 55.678302637293854, 0.0 ], [ 12.492054043391784, 55.678251193185282, 0.0 ] ] ] } },
{ "type": "Feature", "properties": { "id": "511", "afstemningsomraadenummer": 7, "afstemningsstedNavn": "Frederiksberg Rådhushal", "kommuneLokalId": 389104, "navn": "11. Kreds, Rådhuset", "opstillingskredsLokalId": 403569, "areaSquareMetres": 1922130.39 }, "geometry": { "type": "Polygon", "coordinates": [ [ [ 12.507607209645251, 55.675996387674324, 0.0 ], [ 12.507632072970374, 55.675909807045791, 0.0 ], [ 12.508154569879942, 55.675879034346345, 0.0 ], [ 12.508328404453039, 55.675920727012716, 0.0 ], [ 12.508401133104686, 55.675910194048434, 0.0 ], [ 12.508868362186055, 55.675962283351261, 0.0 ], [ 12.508946932591702, 55.675924608201264, 0.0 ], [ 12.509467768507383, 55.675948096564142, 0.0 ], [ 12.509673877722163, 55.676049826441897, 0.0 ], [ 12.510033891166621, 55.676036554237413, 0.0 ], [ 12.510184138315797, 55.675992600446371, 0.0 ], [ 12.510536970171472, 55.675932956003699, 0.0 ], [ 12.510712120690455, 55.675998165569446, 0.0 ], [ 12.511067598136135, 55.675975129454471, 0.0 ], [ 12.511247356741233, 55.675990572843318, 0.0 ], [ 12.511420048352935, 55.675962699131979, 0.0 ], [ 12.511489388166307, 55.675992453700864, 0.0 ], [ 12.511674469871535, 55.676019343157847, 0.0 ], [ 12.511959911980112, 55.676015573979619, 0.0 ], [ 12.512104917077096, 55.676074631560461, 0.0 ], [ 12.512436759903657, 55.676031138212323, 0.0 ], [ 12.512642437788164, 55.676065888322526, 0.0 ], [ 12.512806711055005, 55.676039962203454, 0.0 ], [ 12.513169382494352, 55.676072281841229, 0.0 ], [ 12.513403089582685, 55.676156940131136, 0.0 ], [ 12.513525427888576, 55.676174385108887, 0.0 ], [ 12.513682804533479, 55.676167357916235, 0.0 ], [ 12.514011915085884, 55.676104067183182, 0.0 ], [ 12.514319674214521, 55.676169877216246, 0.0 ], [ 12.51479881543179, 55.676140048981168, 0.0 ], [ 12.51487328410121, 55.676187907580704, 0.0 ], [ 12.515262082104815, 55.676176222620136, 0.0 ], [ 12.515466308651842, 55.676233758360439, 0.0 ], [ 12.515693928427332, 55.676234605458355, 0.0 ], [ 12.515772478203045, 55.676216258344937, 0.0 ], [ 12.516055832995541, 55.676229983168213, 0.0 ], [ 12.516109033492784, 55.676246530752266, 0.0 ], [ 12.516317878723781, 55.676236765477995, 0.0 ], [ 12.516624667525942, 55.676261595963474, 0.0 ], [ 12.51691562214074, 55.676225287429254, 0.0 ], [ 12.517060398467182, 55.676267531551417, 0.0 ], [ 12.517344060746025, 55.67622621603352, 0.0 ], [ 12.51739859192547, 55.676252255984608, 0.0 ], [ 12.517514429783164, 55.676273480115746, 0.0 ], [ 12.517734289097975, 55.676292439320008, 0.0 ], [ 12.517960470419945, 55.676390612545575, 0.0 ], [ 12.518065091450953, 55.676391477305934, 0.0 ], [ 12.518308388584174, 55.676313552951001, 0.0 ], [ 12.518577720350335, 55.676314636507655, 0.0 ], [ 12.518708217653712, 55.676353781727926, 0.0 ], [ 12.519182265025746, 55.676269053909053, 0.0 ], [ 12.519207535950311, 55.676288200065727, 0.0 ], [ 12.519852697543788, 55.676384684644603, 0.0 ], [ 12.519914894286302, 55.676380921086988, 0.0 ], [ 12.51994198612711, 55.676082251579523, 0.0 ], [ 12.520677265994697, 55.675652024090979, 0.0 ], [ 12.520542634259595, 55.675579281155983, 0.0 ], [ 12.520302201653397, 55.675349165386883, 0.0 ], [ 12.520151605463651, 55.675086438192366, 0.0 ], [ 12.520190620935438, 55.67480361112694, 0.0 ], [ 12.519683748443917, 55.674572511218912, 0.0 ], [ 12.519587356076483, 55.674448946082627, 0.0 ], [ 12.519035783637968, 55.674286923353087, 0.0 ], [ 12.519193802092744, 55.673971998065575, 0.0 ], [ 12.520116517585466, 55.673312053013987, 0.0 ], [ 12.516572807704131, 55.673359698067223, 0.0 ], [ 12.516510932816319, 55.673285493650901, 0.0 ], [ 12.517218886511644, 55.672742506410188, 0.0 ], [ 12.517608068877783, 55.672565446949775, 0.0 ], [ 12.517718543909945, 55.672431449759685, 0.0 ], [ 12.518166036093074, 55.672021541485854, 0.0 ], [ 12.518139478679839, 55.671952618602603, 0.0 ], [ 12.518145146825043, 55.67166328608667, 0.0 ], [ 12.518279773582947, 55.671490021341441, 0.0 ], [ 12.518361766588242, 55.671426885330952, 0.0 ], [ 12.518574022706407, 55.671111842929712, 0.0 ], [ 12.518753521795521, 55.670947540305107, 0.0 ], [ 12.519427867077621, 55.670578412151194, 0.0 ], [ 12.51940385637926, 55.670475877719404, 0.0 ], [ 12.519447428218037, 55.670107409801368, 0.0 ], [ 12.519150785120846, 55.670063953002824, 0.0 ], [ 12.518387852153793, 55.670013645950938, 0.0 ], [ 12.517566138706789, 55.669790673431372, 0.0 ], [ 12.517313997620608, 55.669688209435662, 0.0 ], [ 12.51709921176516, 55.669512740592758, 0.0 ], [ 12.517250199969817, 55.669234704998274, 0.0 ], [ 12.517308472656143, 55.669212172800492, 0.0 ], [ 12.517352159442826, 55.669140605211759, 0.0 ], [ 12.517248135382511, 55.66890702040299, 0.0 ], [ 12.517267873389896, 55.668774277648893, 0.0 ], [ 12.51728170700912, 55.668765338777426, 0.0 ], [ 12.517288281088492, 55.668454130717677, 0.0 ], [ 12.51735738420202, 55.668391005403642, 0.0 ], [ 12.517335462380624, 55.668338224190563, 0.0 ], [ 12.517339579033784, 55.667951826902424, 0.0 ], [ 12.517601693465799, 55.667956445669766, 0.0 ], [ 12.517603929439671, 55.667914031071582, 0.0 ], [ 12.519187039012296, 55.667533663257139, 0.0 ], [ 12.519547925013402, 55.667516830051987, 0.0 ], [ 12.51953828500333, 55.667448500801584, 0.0 ], [ 12.520328658824896, 55.667255957844766, 0.0 ], [ 12.520319563923202, 55.667214947484716, 0.0 ], [ 12.520763961720379, 55.667182135406406, 0.0 ], [ 12.520756412069787, 55.667151241221404, 0.0 ], [ 12.522526638400606, 55.666711775765521, 0.0 ], [ 12.523089225944789, 55.666698398061826, 0.0 ], [ 12.523241003138263, 55.666725057629286, 0.0 ], [ 12.52331291579056, 55.666505843340211, 0.0 ], [ 12.523615783350893, 55.666540928459604, 0.0 ], [ 12.526181477167603, 55.66696511971702, 0.0 ], [ 12.528469785805274, 55.667399938875597, 0.0 ], [ 12.529562587048805, 55.66764749443486, 0.0 ], [ 12.529953015327393, 55.667783717018644, 0.0 ], [ 12.530171553193018, 55.667763757488181, 0.0 ], [ 12.530290440674388, 55.667893140897625, 0.0 ], [ 12.530329582726093, 55.667984987459164, 0.0 ], [ 12.531087168546366, 55.670605366768683, 0.0 ], [ 12.531407575855045, 55.671810191047079, 0.0 ], [ 12.53279307231541, 55.676517330228158, 0.0 ], [ 12.533786200592921, 55.680154788418321, 0.0 ], [ 12.533955983328619, 55.680669343051989, 0.0 ], [ 12.534105096956313, 55.681189348670436, 0.0 ], [ 12.534209028193048, 55.681339301258824, 0.0 ], [ 12.533727175316887, 55.681535358517777, 0.0 ], [ 12.533702740899235, 55.681573198140313, 0.0 ], [ 12.534003645697894, 55.681692657668208, 0.0 ], [ 12.534019238355814, 55.681851270546389, 0.0 ], [ 12.533675906398592, 55.681963489539235, 0.0 ], [ 12.53351563634687, 55.681965140583529, 0.0 ], [ 12.533417754483532, 55.682017954558269, 0.0 ], [ 12.533162443231999, 55.682063345532249, 0.0 ], [ 12.532917612768131, 55.682138466101819, 0.0 ], [ 12.532783430940471, 55.682139993985793, 0.0 ], [ 12.532747793241137, 55.682117192812015, 0.0 ], [ 12.532325439669343, 55.682105082094068, 0.0 ], [ 12.532187438285835, 55.682394092184872, 0.0 ], [ 12.531813392524848, 55.682315938305557, 0.0 ], [ 12.531596069730064, 55.682364367999526, 0.0 ], [ 12.531278148848692, 55.682290890290787, 0.0 ], [ 12.531159630601733, 55.682192607739196, 0.0 ], [ 12.530507101196742, 55.682105834214561, 0.0 ], [ 12.53026895539772, 55.682133371042262, 0.0 ], [ 12.529765695330306, 55.681981153193362, 0.0 ], [ 12.52956270207873, 55.68208437542161, 0.0 ], [ 12.528750340828722, 55.682166469957188, 0.0 ], [ 12.528451562014411, 55.682024547395443, 0.0 ], [ 12.52839316391904, 55.681929297959513, 0.0 ], [ 12.527335651067411, 55.681715688676071, 0.0 ], [ 12.527139422982652, 55.681655604170402, 0.0 ], [ 12.527016047422331, 55.681480309377946, 0.0 ], [ 12.526862085167199, 55.681430068487444, 0.0 ], [ 12.526049700398085, 55.681396963267325, 0.0 ], [ 12.525738474189675, 55.681542494615258, 0.0 ], [ 12.525556691213282, 55.681602120317628, 0.0 ], [ 12.52471634147849, 55.681429900680293, 0.0 ], [ 12.524552092613085, 55.68153757560534, 0.0 ], [ 12.523988920767042, 55.681723612487481, 0.0 ], [ 12.523868050249281, 55.681662616053536, 0.0 ], [ 12.523417210316643, 55.681756495162681, 0.0 ], [ 12.523343702958536, 55.681749615582994, 0.0 ], [ 12.522948226714274, 55.681889287990586, 0.0 ], [ 12.522915129113905, 55.682117456772218, 0.0 ], [ 12.523222466705523, 55.682315793776219, 0.0 ], [ 12.52323777588982, 55.682383330494979, 0.0 ], [ 12.523320712409596, 55.682452520842027, 0.0 ], [ 12.523330511640609, 55.682508346936416, 0.0 ], [ 12.523408621830084, 55.682571651518984, 0.0 ], [ 12.523445041557279, 55.682689833837713, 0.0 ], [ 12.52343637592578, 55.682717327397896, 0.0 ], [ 12.523490985648969, 55.682797132387968, 0.0 ], [ 12.523500599799529, 55.682866810868141, 0.0 ], [ 12.523691165376622, 55.682934706780145, 0.0 ], [ 12.523819707796463, 55.683006632579328, 0.0 ], [ 12.523915666026312, 55.683280547008756, 0.0 ], [ 12.523997566417947, 55.683324050706325, 0.0 ], [ 12.524038743172481, 55.683452616361173, 0.0 ], [ 12.52402495169817, 55.683548683422487, 0.0 ], [ 12.52424255104547, 55.683628659675037, 0.0 ], [ 12.524291560931619, 55.68367805379755, 0.0 ], [ 12.524335307328574, 55.683845748945878, 0.0 ], [ 12.524330462397291, 55.683936883292347, 0.0 ], [ 12.524627824220453, 55.684091354940783, 0.0 ], [ 12.524669226757826, 55.684266580396034, 0.0 ], [ 12.519779719676183, 55.685297093565772, 0.0 ], [ 12.519648759490618, 55.685238990071397, 0.0 ], [ 12.519510323898801, 55.685226958106377, 0.0 ], [ 12.519360225499716, 55.685263995117779, 0.0 ], [ 12.51929993304771, 55.685328037109045, 0.0 ], [ 12.519289299857077, 55.685415111119035, 0.0 ], [ 12.514733337770007, 55.686362924529206, 0.0 ], [ 12.514646918443409, 55.686407301991316, 0.0 ], [ 12.514614544924518, 55.686374691205501, 0.0 ], [ 12.51455631418094, 55.686351902928514, 0.0 ], [ 12.514391748320753, 55.686355540002531, 0.0 ], [ 12.514336024560498, 55.68639966700588, 0.0 ], [ 12.514337560415234, 55.686439815328598, 0.0 ], [ 12.514196555519232, 55.686363741029041, 0.0 ], [ 12.51421553714094, 55.68624720580506, 0.0 ], [ 12.513985571799328, 55.685970920485808, 0.0 ], [ 12.514042092419631, 55.685767260293062, 0.0 ], [ 12.513774049426361, 55.685669559354714, 0.0 ], [ 12.513670666189865, 55.6854806413115, 0.0 ], [ 12.513628875143944, 55.685444163987981, 0.0 ], [ 12.513611893596417, 55.685240811583292, 0.0 ], [ 12.513640247477545, 55.685184341379596, 0.0 ], [ 12.513508780781743, 55.685088571290891, 0.0 ], [ 12.51330642393043, 55.684740280601673, 0.0 ], [ 12.512975076370244, 55.684570211161528, 0.0 ], [ 12.512975338307855, 55.684480917360453, 0.0 ], [ 12.512884156684821, 55.684268271123827, 0.0 ], [ 12.51284768990987, 55.684241441856031, 0.0 ], [ 12.512783800714331, 55.68403673558133, 0.0 ], [ 12.512643615718511, 55.683895177537899, 0.0 ], [ 12.512660237756618, 55.683844528459602, 0.0 ], [ 12.512366816929557, 55.683570237843362, 0.0 ], [ 12.512179369608029, 55.683520937728446, 0.0 ], [ 12.512084126696649, 55.683317938354094, 0.0 ], [ 12.512029812779259, 55.683280200697929, 0.0 ], [ 12.512000596364459, 55.683202900688116, 0.0 ], [ 12.511924388852844, 55.683149964828971, 0.0 ], [ 12.511909460161439, 55.683079358966637, 0.0 ], [ 12.511822105413826, 55.6830103776283, 0.0 ], [ 12.511792264310381, 55.682823218503017, 0.0 ], [ 12.511856824799718, 55.682815525143162, 0.0 ], [ 12.512087872963374, 55.682719352229434, 0.0 ], [ 12.512530296979106, 55.682674940367633, 0.0 ], [ 12.512672958806256, 55.68259586429253, 0.0 ], [ 12.512645211941399, 55.682565098665002, 0.0 ], [ 12.512617206916447, 55.682421496205578, 0.0 ], [ 12.512582322830651, 55.682389226605508, 0.0 ], [ 12.512582926075384, 55.682305497796733, 0.0 ], [ 12.512537032072215, 55.682265810798938, 0.0 ], [ 12.512531678642377, 55.682172451797364, 0.0 ], [ 12.512499160620191, 55.682147037915051, 0.0 ], [ 12.512471316188906, 55.682030045880019, 0.0 ], [ 12.512321275711134, 55.681941730208372, 0.0 ], [ 12.512205110551848, 55.681963130382364, 0.0 ], [ 12.512033936828235, 55.681954995036101, 0.0 ], [ 12.511660625445785, 55.681779830153111, 0.0 ], [ 12.511614510702453, 55.681680894715612, 0.0 ], [ 12.51244995102506, 55.681650044622337, 0.0 ], [ 12.512744179840007, 55.681452883587554, 0.0 ], [ 12.512848249060248, 55.681497108198371, 0.0 ], [ 12.513443394625254, 55.68165260640049, 0.0 ], [ 12.514138829341308, 55.681620450953766, 0.0 ], [ 12.514244338729641, 55.681597376135493, 0.0 ], [ 12.514310636853763, 55.681628565179906, 0.0 ], [ 12.514562407689077, 55.681616224438962, 0.0 ], [ 12.514737483908991, 55.681573891539514, 0.0 ], [ 12.514962263772505, 55.68157644035329, 0.0 ], [ 12.515161697374591, 55.681551931325103, 0.0 ], [ 12.515232165346131, 55.681560431482325, 0.0 ], [ 12.515431707764554, 55.681528276046478, 0.0 ], [ 12.515481978554549, 55.681538703795262, 0.0 ], [ 12.51572760465379, 55.6815199729445, 0.0 ], [ 12.516087300240534, 55.681518561698375, 0.0 ], [ 12.516122028033566, 55.681533121395255, 0.0 ], [ 12.516463694294274, 55.681456786593493, 0.0 ], [ 12.516520014123273, 55.681461915253912, 0.0 ], [ 12.516761490427516, 55.681427116458813, 0.0 ], [ 12.517170581116478, 55.681458273646818, 0.0 ], [ 12.517300738209014, 55.681486370690997, 0.0 ], [ 12.517372725070398, 55.681467491625639, 0.0 ], [ 12.517467226713029, 55.681417575132521, 0.0 ], [ 12.517774580380129, 55.681389786351168, 0.0 ], [ 12.517854825489263, 55.681356553297483, 0.0 ], [ 12.518123112786103, 55.681404064961761, 0.0 ], [ 12.518247529994028, 55.681401934099718, 0.0 ], [ 12.518381230609251, 55.681317173767262, 0.0 ], [ 12.518329725705316, 55.681160219648568, 0.0 ], [ 12.518343785416654, 55.681070529741554, 0.0 ], [ 12.518414842737448, 55.680936854068428, 0.0 ], [ 12.518048119816726, 55.680856470521277, 0.0 ], [ 12.517906563021864, 55.680680250149429, 0.0 ], [ 12.517914132253658, 55.680649371676068, 0.0 ], [ 12.517830837297275, 55.68048217979559, 0.0 ], [ 12.517846859141681, 55.680393063076096, 0.0 ], [ 12.517806581916275, 55.680254758937053, 0.0 ], [ 12.517660903627197, 55.680161918690658, 0.0 ], [ 12.517704132731241, 55.680072740844025, 0.0 ], [ 12.517592569426881, 55.679893771514578, 0.0 ], [ 12.517602057421687, 55.679878932966993, 0.0 ], [ 12.517553118169069, 55.679707968011229, 0.0 ], [ 12.51739961523756, 55.679643135958038, 0.0 ], [ 12.517498526916132, 55.679424500527858, 0.0 ], [ 12.517430172023762, 55.679356236945971, 0.0 ], [ 12.517429208782595, 55.679113491610401, 0.0 ], [ 12.517068457663655, 55.678932857709114, 0.0 ], [ 12.516795799608765, 55.678926830664686, 0.0 ], [ 12.516622568543037, 55.678991323041956, 0.0 ], [ 12.516294039094642, 55.679034732392111, 0.0 ], [ 12.515989362769144, 55.678961015870243, 0.0 ], [ 12.51570185945234, 55.679000549805174, 0.0 ], [ 12.515403246355392, 55.678950036129507, 0.0 ], [ 12.51526281024327, 55.67902356703172, 0.0 ], [ 12.514932404587775, 55.678998240879551, 0.0 ], [ 12.514732436310428, 55.679029059170638, 0.0 ], [ 12.51439181528902, 55.678946658077471, 0.0 ], [ 12.514019541902368, 55.679018649382783, 0.0 ], [ 12.513919031962788, 55.679054798475484, 0.0 ], [ 12.513734277546334, 55.679010459134659, 0.0 ], [ 12.513460169089097, 55.678993586416148, 0.0 ], [ 12.513374744074351, 55.679002777685255, 0.0 ], [ 12.513018657542773, 55.678856166497987, 0.0 ], [ 12.512868740794209, 55.678852458817836, 0.0 ], [ 12.512488242502334, 55.678949857470172, 0.0 ], [ 12.512074611149151, 55.678906766435865, 0.0 ], [ 12.511831234965387, 55.678962830694537, 0.0 ], [ 12.511662167832053, 55.678860942524622, 0.0 ], [ 12.511302030609677, 55.67889796041154, 0.0 ], [ 12.51109714212501, 55.678857970137905, 0.0 ], [ 12.51083206752415, 55.678881474794522, 0.0 ], [ 12.510625850113255, 55.678851502429509, 0.0 ], [ 12.51051932667222, 55.678797545516169, 0.0 ], [ 12.510336181938907, 55.678856288314371, 0.0 ], [ 12.510046531839231, 55.678863051140148, 0.0 ], [ 12.509785484587558, 55.678828532564168, 0.0 ], [ 12.509553091806671, 55.678831407488019, 0.0 ], [ 12.50942926738391, 55.678859588206208, 0.0 ], [ 12.509079102875937, 55.678874734363113, 0.0 ], [ 12.508908588705795, 55.678785022524416, 0.0 ], [ 12.508907450875416, 55.678747470355304, 0.0 ], [ 12.508821062819219, 55.678621632743784, 0.0 ], [ 12.508840073013282, 55.678455554124547, 0.0 ], [ 12.508636320232087, 55.678193795408447, 0.0 ], [ 12.508669092336065, 55.678097816887586, 0.0 ], [ 12.508456414109313, 55.677835863718407, 0.0 ], [ 12.508422192403874, 55.677743420538498, 0.0 ], [ 12.508458008401661, 55.677622808019159, 0.0 ], [ 12.508306338531309, 55.677402358461791, 0.0 ], [ 12.508252472595924, 55.677371260226955, 0.0 ], [ 12.508140916286724, 55.677159823284882, 0.0 ], [ 12.507963219283246, 55.67707508128516, 0.0 ], [ 12.507945316734194, 55.677033333108639, 0.0 ], [ 12.50800763555673, 55.676887055908239, 0.0 ], [ 12.507976905974395, 55.676750094411169, 0.0 ], [ 12.507843089840739, 55.676608079483522, 0.0 ], [ 12.507820725441917, 55.676420615829038, 0.0 ], [ 12.507715147893427, 55.676293618098562, 0.0 ], [ 12.507717990049622, 55.676208116975658, 0.0 ], [ 12.507607209645251, 55.675996387674324, 0.0 ] ] ] } },
{ "type": "Feature", "properties": { "id": "512", "afstemningsomraadenummer": 1, "afstemningsstedNavn": "Skolen ved Søerne", "kommuneLokalId": 389104, "navn": "10. Kreds, Søerne", "opstillingskredsLokalId": 403570, "areaSquareMetres": 691762.22 }, "geometry": { "type": "Polygon", "coordinates": [ [ [ 12.540423543606922, 55.673941069522698, 0.0 ], [ 12.540813715187422, 55.673881517508747, 0.0 ], [ 12.540939522054224, 55.673893260179597, 0.0 ], [ 12.541116503490242, 55.673863871485061, 0.0 ], [ 12.541454205568046, 55.673857534897465, 0.0 ], [ 12.54151358925383, 55.673822730308814, 0.0 ], [ 12.542020015863351, 55.673797761384854, 0.0 ], [ 12.542516353740622, 55.673715804805617, 0.0 ], [ 12.542653009255295, 55.673756005671642, 0.0 ], [ 12.542713386661804, 55.67375857718315, 0.0 ], [ 12.542990978278677, 55.673673497528675, 0.0 ], [ 12.54350322839808, 55.673633787616161, 0.0 ], [ 12.543798786452772, 55.673566170237429, 0.0 ], [ 12.543972174012197, 55.673609624005906, 0.0 ], [ 12.544382414598774, 55.673527540685129, 0.0 ], [ 12.544537602745589, 55.673456066422546, 0.0 ], [ 12.544947262177386, 55.673471288094106, 0.0 ], [ 12.545119036233945, 55.673509212051265, 0.0 ], [ 12.545357378461222, 55.673442345966066, 0.0 ], [ 12.545670627382437, 55.673420789448009, 0.0 ], [ 12.545704697388308, 55.673403439326449, 0.0 ], [ 12.545988368361124, 55.673376802801187, 0.0 ], [ 12.546266745203281, 55.673304011484987, 0.0 ], [ 12.546488431996154, 55.673315043400251, 0.0 ], [ 12.546554311730988, 55.673004183035111, 0.0 ], [ 12.546680804156612, 55.672972559966063, 0.0 ], [ 12.546869326957857, 55.672979335282591, 0.0 ], [ 12.547022037020147, 55.672891114967214, 0.0 ], [ 12.547132477120496, 55.672905363893427, 0.0 ], [ 12.547365082566042, 55.672973715130787, 0.0 ], [ 12.547529935054905, 55.673066955106279, 0.0 ], [ 12.548028140798317, 55.673033926612128, 0.0 ], [ 12.548468493720351, 55.672984047484015, 0.0 ], [ 12.549749756828664, 55.672672802658845, 0.0 ], [ 12.549771145244666, 55.672699877903916, 0.0 ], [ 12.549950878445168, 55.672700968407462, 0.0 ], [ 12.549975086747894, 55.672729310731739, 0.0 ], [ 12.54999384020749, 55.672832622035557, 0.0 ], [ 12.549915185629132, 55.673342751212751, 0.0 ], [ 12.54989131237628, 55.673340924721927, 0.0 ], [ 12.549854287599516, 55.673662641094687, 0.0 ], [ 12.550003738557223, 55.67366487806482, 0.0 ], [ 12.549892483179201, 55.674426190353188, 0.0 ], [ 12.549926960466447, 55.674439668819602, 0.0 ], [ 12.554063344705252, 55.673496469103192, 0.0 ], [ 12.554066542565373, 55.673472098747773, 0.0 ], [ 12.555086694715728, 55.67352731595124, 0.0 ], [ 12.555177094960289, 55.673545106014636, 0.0 ], [ 12.55692015558618, 55.680269014560075, 0.0 ], [ 12.557259663370175, 55.68147107147238, 0.0 ], [ 12.556674689434791, 55.681578406640959, 0.0 ], [ 12.556627862856869, 55.681514934454121, 0.0 ], [ 12.556629092907565, 55.681393600364615, 0.0 ], [ 12.55634206570773, 55.681303285774717, 0.0 ], [ 12.556215750377216, 55.68118816838092, 0.0 ], [ 12.55621374981434, 55.681160891549133, 0.0 ], [ 12.556138120435914, 55.681079911373615, 0.0 ], [ 12.555816225466387, 55.680984132731759, 0.0 ], [ 12.555896880134711, 55.680841882646277, 0.0 ], [ 12.555829532085129, 55.68073116929002, 0.0 ], [ 12.555448162884023, 55.680618321646186, 0.0 ], [ 12.555475923055992, 55.680548999797466, 0.0 ], [ 12.555340694668828, 55.68034620093875, 0.0 ], [ 12.555358126201583, 55.680285810639823, 0.0 ], [ 12.555256159806442, 55.680191656413456, 0.0 ], [ 12.555247725295851, 55.680158361826756, 0.0 ], [ 12.555027312256305, 55.680063685177515, 0.0 ], [ 12.555044922922395, 55.679837032758321, 0.0 ], [ 12.554971554806551, 55.679787906989908, 0.0 ], [ 12.554904040572675, 55.679768194242335, 0.0 ], [ 12.554875769764275, 55.679719739186275, 0.0 ], [ 12.554913717593303, 55.679490968607439, 0.0 ], [ 12.554899387652018, 55.67948212256951, 0.0 ], [ 12.554878135824604, 55.679400554320473, 0.0 ], [ 12.554721151953203, 55.679245502200402, 0.0 ], [ 12.55430474268003, 55.679218009394376, 0.0 ], [ 12.554211327627499, 55.679251288946965, 0.0 ], [ 12.554059331579097, 55.679391289653871, 0.0 ], [ 12.553835732585707, 55.67937888762826, 0.0 ], [ 12.553605347068803, 55.679488070082009, 0.0 ], [ 12.553554670599961, 55.679476770446769, 0.0 ], [ 12.553122359203066, 55.679549362665377, 0.0 ], [ 12.553033313264208, 55.679550144508433, 0.0 ], [ 12.552990287895858, 55.679581063849945, 0.0 ], [ 12.552931402368218, 55.679694986678022, 0.0 ], [ 12.5524908634279, 55.679692734180172, 0.0 ], [ 12.552190002249718, 55.679889916395673, 0.0 ], [ 12.55205587198016, 55.679832298556718, 0.0 ], [ 12.551708136721826, 55.679763693578828, 0.0 ], [ 12.551580687504494, 55.679883198276741, 0.0 ], [ 12.551425166755626, 55.67993886544334, 0.0 ], [ 12.551268515043786, 55.680064520665809, 0.0 ], [ 12.551069552226146, 55.68003602423321, 0.0 ], [ 12.550787191145048, 55.680154798898911, 0.0 ], [ 12.550748907715709, 55.680202934098538, 0.0 ], [ 12.550564896352698, 55.680184883863518, 0.0 ], [ 12.550279856538106, 55.680219752340236, 0.0 ], [ 12.550259074391398, 55.680243282890807, 0.0 ], [ 12.549992345989811, 55.6803045956405, 0.0 ], [ 12.549961441774176, 55.68033057718349, 0.0 ], [ 12.54970090159207, 55.68035484414348, 0.0 ], [ 12.549632128363911, 55.680416000383474, 0.0 ], [ 12.54939598731846, 55.680426792170607, 0.0 ], [ 12.549270392377316, 55.680508925074257, 0.0 ], [ 12.549135913494885, 55.6804983407688, 0.0 ], [ 12.548855792612033, 55.68058926163836, 0.0 ], [ 12.548816727670573, 55.680574386981334, 0.0 ], [ 12.54872655025232, 55.680478447699954, 0.0 ], [ 12.548596130142275, 55.680387988961371, 0.0 ], [ 12.548565692210428, 55.680206697946048, 0.0 ], [ 12.548413795481467, 55.680163707293595, 0.0 ], [ 12.548275922787411, 55.680261390419837, 0.0 ], [ 12.548179203125898, 55.680296918881339, 0.0 ], [ 12.547902262731496, 55.680335144096873, 0.0 ], [ 12.547882945326405, 55.680350269561984, 0.0 ], [ 12.547577955479648, 55.680384539988495, 0.0 ], [ 12.547524416386002, 55.680445254259432, 0.0 ], [ 12.547209573266437, 55.680500759458589, 0.0 ], [ 12.546986055697145, 55.680457680830635, 0.0 ], [ 12.546923350125892, 55.680545455218692, 0.0 ], [ 12.546569403791628, 55.680689309229777, 0.0 ], [ 12.546520851739606, 55.680680373007213, 0.0 ], [ 12.545996118911455, 55.680751926022985, 0.0 ], [ 12.545883850606138, 55.680823149673351, 0.0 ], [ 12.545798379648048, 55.680819506821713, 0.0 ], [ 12.545554440789125, 55.68089534670824, 0.0 ], [ 12.545279735447163, 55.680873976286101, 0.0 ], [ 12.545214164110556, 55.680982873129643, 0.0 ], [ 12.544931024151243, 55.681086280636507, 0.0 ], [ 12.544846651223944, 55.681084223874294, 0.0 ], [ 12.544668250918045, 55.681140453715066, 0.0 ], [ 12.544601029120168, 55.68119248053339, 0.0 ], [ 12.544185452791213, 55.681230568335948, 0.0 ], [ 12.543841285361758, 55.681343739679413, 0.0 ], [ 12.543011115756288, 55.681165325771957, 0.0 ], [ 12.542758117804109, 55.681084876579945, 0.0 ], [ 12.54221294143672, 55.680948217078935, 0.0 ], [ 12.542312328835783, 55.680797882567084, 0.0 ], [ 12.542321634348999, 55.68073188458915, 0.0 ], [ 12.542732855123331, 55.680235982645677, 0.0 ], [ 12.542764065737851, 55.679975940713973, 0.0 ], [ 12.542683086183143, 55.679740540280413, 0.0 ], [ 12.542726743518664, 55.67966024210542, 0.0 ], [ 12.542935550016887, 55.679444163577621, 0.0 ], [ 12.542859116086234, 55.679148207813292, 0.0 ], [ 12.542547724097293, 55.679034288044718, 0.0 ], [ 12.542285474016873, 55.678999153694427, 0.0 ], [ 12.542530596627968, 55.678695526754844, 0.0 ], [ 12.542433957330539, 55.678505087417079, 0.0 ], [ 12.542421247839423, 55.678415627697618, 0.0 ], [ 12.542541638759012, 55.67831458990014, 0.0 ], [ 12.542500412291398, 55.678048907846488, 0.0 ], [ 12.542463548973103, 55.678037204635963, 0.0 ], [ 12.542134896074311, 55.677806261365191, 0.0 ], [ 12.542184671972022, 55.677730282443733, 0.0 ], [ 12.542045223388826, 55.67756086119072, 0.0 ], [ 12.542063646352826, 55.677474278637177, 0.0 ], [ 12.54200903102879, 55.677438720642392, 0.0 ], [ 12.541959837220016, 55.677343481099776, 0.0 ], [ 12.541970836903106, 55.677287414948808, 0.0 ], [ 12.541855623642856, 55.677192373970044, 0.0 ], [ 12.541883709574742, 55.677128171360593, 0.0 ], [ 12.54177786260896, 55.676985383700938, 0.0 ], [ 12.54180303033808, 55.676950488357924, 0.0 ], [ 12.5416548168088, 55.676752726349029, 0.0 ], [ 12.541543176124911, 55.67672178250546, 0.0 ], [ 12.54156272756142, 55.676510452848909, 0.0 ], [ 12.541540745801742, 55.676478537867077, 0.0 ], [ 12.54161775431028, 55.676332446751161, 0.0 ], [ 12.541636843042312, 55.676321824719487, 0.0 ], [ 12.541645059824706, 55.676250822870003, 0.0 ], [ 12.541398707485845, 55.675988367665042, 0.0 ], [ 12.541418403082135, 55.675975660051826, 0.0 ], [ 12.541325760828451, 55.675716677854219, 0.0 ], [ 12.541346339808712, 55.675689108466656, 0.0 ], [ 12.541154934060561, 55.675529189521271, 0.0 ], [ 12.541192341254225, 55.675483600385405, 0.0 ], [ 12.541037633443242, 55.675235042474334, 0.0 ], [ 12.541008730590187, 55.675230392237729, 0.0 ], [ 12.540941317446965, 55.674961779442, 0.0 ], [ 12.540800252503102, 55.674805981070996, 0.0 ], [ 12.540821789349039, 55.67477316893337, 0.0 ], [ 12.540720813573744, 55.674624305308029, 0.0 ], [ 12.540496517290999, 55.674535200539715, 0.0 ], [ 12.5406001709592, 55.674440941965727, 0.0 ], [ 12.540423543606922, 55.673941069522698, 0.0 ] ] ] } },
{ "type": "Feature", "properties": { "id": "546", "afstemningsomraadenummer": 59, "afstemningsstedNavn": "Utterslev Skole", "kommuneLokalId": 389103, "navn": "6. Vest", "opstillingskredsLokalId": 403568, "areaSquareMetres": 684241.14 }, "geometry": { "type": "Polygon", "coordinates": [ [ [ 12.511586785877121, 55.708253715415083, 0.0 ], [ 12.51462166816923, 55.707293543306434, 0.0 ], [ 12.51535187232561, 55.706930941168039, 0.0 ], [ 12.515714332344507, 55.706690189977948, 0.0 ], [ 12.515820396695126, 55.706569810295882, 0.0 ], [ 12.515774274383611, 55.706627149601552, 0.0 ], [ 12.515937457815092, 55.706642613715587, 0.0 ], [ 12.516832589622489, 55.706660473742986, 0.0 ], [ 12.521620982279495, 55.706043671069622, 0.0 ], [ 12.522013780549269, 55.706962573090735, 0.0 ], [ 12.522439329886367, 55.707330788257686, 0.0 ], [ 12.526148776399578, 55.709103011251841, 0.0 ], [ 12.53166526891747, 55.711788817305788, 0.0 ], [ 12.532084753585407, 55.711874928859949, 0.0 ], [ 12.532071102055927, 55.712236874660633, 0.0 ], [ 12.531638893818569, 55.712212721823207, 0.0 ], [ 12.521876562662763, 55.7112742885, 0.0 ], [ 12.519907312746023, 55.715577614081724, 0.0 ], [ 12.520203730102549, 55.715869427728173, 0.0 ], [ 12.520620342828241, 55.716213539368717, 0.0 ], [ 12.521013353236659, 55.716493587760027, 0.0 ], [ 12.521455521307473, 55.716769346722515, 0.0 ], [ 12.520689069592699, 55.716790983837328, 0.0 ], [ 12.519364831742434, 55.716800654043453, 0.0 ], [ 12.518712250967294, 55.716834477752677, 0.0 ], [ 12.518595489941923, 55.716763646048577, 0.0 ], [ 12.517063878601803, 55.716286591203016, 0.0 ], [ 12.516847528843732, 55.716199370838503, 0.0 ], [ 12.516530051186292, 55.715850247467891, 0.0 ], [ 12.515729589531453, 55.714016252877784, 0.0 ], [ 12.515661565002736, 55.713895647364993, 0.0 ], [ 12.515466379596964, 55.713756656360921, 0.0 ], [ 12.51506096727859, 55.713555802376476, 0.0 ], [ 12.515025080662383, 55.713521583701308, 0.0 ], [ 12.5135667288022, 55.712799706746168, 0.0 ], [ 12.513278717010811, 55.712637834943216, 0.0 ], [ 12.513154065349946, 55.712603010686344, 0.0 ], [ 12.513026057036814, 55.712589322640461, 0.0 ], [ 12.513065483521295, 55.712492793346186, 0.0 ], [ 12.512892392879495, 55.71245063411255, 0.0 ], [ 12.512785899580031, 55.712396317381604, 0.0 ], [ 12.512657074747239, 55.712295524281352, 0.0 ], [ 12.512118875776814, 55.711798684915784, 0.0 ], [ 12.512499862988875, 55.710937267129594, 0.0 ], [ 12.512651848558157, 55.710538905901331, 0.0 ], [ 12.51270281867567, 55.710269498387667, 0.0 ], [ 12.512686914092564, 55.709877922381558, 0.0 ], [ 12.512663020196891, 55.709712982266851, 0.0 ], [ 12.512557573391206, 55.709398959622639, 0.0 ], [ 12.512379686968861, 55.709106432719651, 0.0 ], [ 12.51196580867003, 55.708611968091951, 0.0 ], [ 12.511586785877121, 55.708253715415083, 0.0 ] ] ] } },
{ "type": "Feature", "properties": { "id": "547", "afstemningsomraadenummer": 57, "afstemningsstedNavn": "Dyvekeskolen", "kommuneLokalId": 389103, "navn": "2. Øst", "opstillingskredsLokalId": 403565, "areaSquareMetres": 3163635.1 }, "geometry": { "type": "Polygon", "coordinates": [ [ [ 12.575705870168688, 55.640970804966543, 0.0 ], [ 12.581797524844072, 55.640729977592144, 0.0 ], [ 12.582706273219069, 55.640721398569319, 0.0 ], [ 12.583514829613796, 55.640761151382655, 0.0 ], [ 12.584533034792488, 55.640876862838901, 0.0 ], [ 12.585243825481117, 55.641007044567196, 0.0 ], [ 12.586102183971322, 55.641241795839285, 0.0 ], [ 12.585156784172266, 55.63805072679078, 0.0 ], [ 12.588764743947898, 55.638218746080739, 0.0 ], [ 12.588815875535385, 55.638501212355322, 0.0 ], [ 12.592134450410772, 55.638581214277799, 0.0 ], [ 12.592316515916592, 55.637963979046063, 0.0 ], [ 12.599056905844922, 55.637898389904429, 0.0 ], [ 12.608225093768308, 55.639176662874242, 0.0 ], [ 12.606735824273864, 55.642885349217337, 0.0 ], [ 12.606682280758141, 55.643108666256254, 0.0 ], [ 12.606226866815824, 55.644264223959681, 0.0 ], [ 12.605511329551923, 55.645919650660439, 0.0 ], [ 12.598097868942425, 55.646121510738794, 0.0 ], [ 12.597929657989793, 55.647862516377629, 0.0 ], [ 12.597941038953667, 55.64805577802629, 0.0 ], [ 12.598001464606817, 55.648274036137771, 0.0 ], [ 12.598111567965159, 55.648486070154014, 0.0 ], [ 12.598626254247817, 55.649119456008044, 0.0 ], [ 12.596088718887662, 55.649433657217564, 0.0 ], [ 12.596145760651384, 55.649578731397284, 0.0 ], [ 12.595967473352527, 55.649600956926065, 0.0 ], [ 12.596566489902242, 55.65113439380216, 0.0 ], [ 12.597165267354574, 55.651060443223017, 0.0 ], [ 12.597416624280667, 55.651707676589332, 0.0 ], [ 12.597539863176081, 55.651692010358545, 0.0 ], [ 12.597846275795943, 55.652474573708531, 0.0 ], [ 12.598441999847639, 55.652400077370636, 0.0 ], [ 12.598702293054862, 55.653068087184842, 0.0 ], [ 12.597550555510947, 55.653211597529562, 0.0 ], [ 12.597364533886751, 55.652735720760852, 0.0 ], [ 12.596231291513453, 55.652877956612194, 0.0 ], [ 12.596282888338378, 55.653010422024259, 0.0 ], [ 12.594849186956665, 55.653190413816631, 0.0 ], [ 12.594832026673178, 55.653145508046762, 0.0 ], [ 12.593580334853069, 55.653302162938104, 0.0 ], [ 12.594214576048074, 55.654987619401702, 0.0 ], [ 12.594204560047679, 55.655060477616097, 0.0 ], [ 12.594097781384288, 55.6552955991963, 0.0 ], [ 12.593650441656258, 55.655750396203572, 0.0 ], [ 12.592413518271112, 55.656927722537695, 0.0 ], [ 12.592330106274279, 55.657336330158358, 0.0 ], [ 12.592391058672796, 55.657799873555796, 0.0 ], [ 12.593987388238295, 55.663003979691347, 0.0 ], [ 12.589366587635261, 55.663532754528049, 0.0 ], [ 12.584885252765739, 55.664088386585583, 0.0 ], [ 12.584812210845076, 55.6639507892029, 0.0 ], [ 12.584421632424258, 55.662768182785278, 0.0 ], [ 12.577509671535461, 55.645472438960695, 0.0 ], [ 12.577930244404371, 55.645460431752149, 0.0 ], [ 12.577379012083393, 55.643864825902433, 0.0 ], [ 12.577419288484853, 55.643562243910218, 0.0 ], [ 12.577340944243915, 55.643357089034389, 0.0 ], [ 12.576900679302691, 55.642656436908325, 0.0 ], [ 12.576900629441976, 55.642375353576611, 0.0 ], [ 12.57685725715004, 55.642257207834902, 0.0 ], [ 12.576711111644236, 55.642099979680317, 0.0 ], [ 12.576513029457546, 55.641809119744849, 0.0 ], [ 12.576391771624637, 55.641670227647019, 0.0 ], [ 12.576176948552648, 55.641537392688726, 0.0 ], [ 12.575934477904292, 55.641528462278103, 0.0 ], [ 12.575705870168688, 55.640970804966543, 0.0 ] ] ] } },
{ "type": "Feature", "properties": { "id": "548", "afstemningsomraadenummer": 54, "afstemningsstedNavn": "Bavnehøjhallen", "kommuneLokalId": 389103, "navn": "9. Midt", "opstillingskredsLokalId": 403574, "areaSquareMetres": 2244208.59 }, "geometry": { "type": "Polygon", "coordinates": [ [ [ 12.524453356746291, 55.662474666478339, 0.0 ], [ 12.524504573166483, 55.662343804485204, 0.0 ], [ 12.524844570281445, 55.661114224391859, 0.0 ], [ 12.526877443295035, 55.654111150821386, 0.0 ], [ 12.527471769110949, 55.652047909525663, 0.0 ], [ 12.527504335907983, 55.651888539425769, 0.0 ], [ 12.527576436035135, 55.651777935281451, 0.0 ], [ 12.527764397958537, 55.651046539803502, 0.0 ], [ 12.528239698419975, 55.651145345238447, 0.0 ], [ 12.533141207268976, 55.652544345020964, 0.0 ], [ 12.533186470960374, 55.652494305490848, 0.0 ], [ 12.533321318810804, 55.652533039088809, 0.0 ], [ 12.533667057634595, 55.6521487492913, 0.0 ], [ 12.535713013438462, 55.651457186461847, 0.0 ], [ 12.533411339490788, 55.64952596637621, 0.0 ], [ 12.53331329049854, 55.649408484187411, 0.0 ], [ 12.541544534284045, 55.646568821286564, 0.0 ], [ 12.541804875254474, 55.646574696180053, 0.0 ], [ 12.542271419406964, 55.646634855741908, 0.0 ], [ 12.539761796098229, 55.651505599314042, 0.0 ], [ 12.539133258659449, 55.652566515326143, 0.0 ], [ 12.538463202739834, 55.65401688710817, 0.0 ], [ 12.54034513274306, 55.654509063028989, 0.0 ], [ 12.540178033902615, 55.654713774382834, 0.0 ], [ 12.544017744409503, 55.655715545839016, 0.0 ], [ 12.544328996199296, 55.655685775904175, 0.0 ], [ 12.545827877318546, 55.656085719731124, 0.0 ], [ 12.554169178198471, 55.657285441057375, 0.0 ], [ 12.555176107702591, 55.657473033265958, 0.0 ], [ 12.55553751231246, 55.657575217904075, 0.0 ], [ 12.555808519246218, 55.657674988319492, 0.0 ], [ 12.556235346611061, 55.65788461287935, 0.0 ], [ 12.55659080857934, 55.658133262665103, 0.0 ], [ 12.55683002819079, 55.658371616852548, 0.0 ], [ 12.556953055590053, 55.658540688752041, 0.0 ], [ 12.557025228318535, 55.658671672474753, 0.0 ], [ 12.557094086224046, 55.658850228789177, 0.0 ], [ 12.557201361759345, 55.659739187482458, 0.0 ], [ 12.557252212047812, 55.660500661893117, 0.0 ], [ 12.55747374239909, 55.66112203738826, 0.0 ], [ 12.557546471208495, 55.661253813990669, 0.0 ], [ 12.557684871206796, 55.66142037108245, 0.0 ], [ 12.55786731374962, 55.661572701707378, 0.0 ], [ 12.558150630388786, 55.66173757011498, 0.0 ], [ 12.561463950033557, 55.663263112075597, 0.0 ], [ 12.558773987489369, 55.66518489719509, 0.0 ], [ 12.55483251323912, 55.664862698706749, 0.0 ], [ 12.552241285078461, 55.664513487102511, 0.0 ], [ 12.541767056827291, 55.663022866612721, 0.0 ], [ 12.54158418929433, 55.662555546198632, 0.0 ], [ 12.541285949051094, 55.662553911073637, 0.0 ], [ 12.540491044053544, 55.662706530445128, 0.0 ], [ 12.539262810009081, 55.66286068549703, 0.0 ], [ 12.537335629773334, 55.663046686473329, 0.0 ], [ 12.53597205607524, 55.663127384751924, 0.0 ], [ 12.530552061838369, 55.663271811904217, 0.0 ], [ 12.529080441944219, 55.663225165702727, 0.0 ], [ 12.52802124605611, 55.663135612854276, 0.0 ], [ 12.527181749796419, 55.663010956951268, 0.0 ], [ 12.524453356746291, 55.662474666478339, 0.0 ] ] ] } },
{ "type": "Feature", "properties": { "id": "549", "afstemningsomraadenummer": 3, "afstemningsstedNavn": "Remisen", "kommuneLokalId": 389103, "navn": "1. Syd", "opstillingskredsLokalId": 403564, "areaSquareMetres": 1067047.68 }, "geometry": { "type": "Polygon", "coordinates": [ [ [ 12.561360607501335, 55.696977699506789, 0.0 ], [ 12.562030811108043, 55.69641567599286, 0.0 ], [ 12.566300411913597, 55.693888376999972, 0.0 ], [ 12.567262711766398, 55.693358831093427, 0.0 ], [ 12.568227278866244, 55.69280205611647, 0.0 ], [ 12.569537206940989, 55.692089375285342, 0.0 ], [ 12.572358041409357, 55.693862603681978, 0.0 ], [ 12.573384952449489, 55.695085511887498, 0.0 ], [ 12.573875425334874, 55.695456428367258, 0.0 ], [ 12.574628726575208, 55.695837486735954, 0.0 ], [ 12.579082349381332, 55.697894676356484, 0.0 ], [ 12.580176545654615, 55.696286299479148, 0.0 ], [ 12.583794330101027, 55.697090521508166, 0.0 ], [ 12.587338013215245, 55.697953095157324, 0.0 ], [ 12.5871248643441, 55.698085484548614, 0.0 ], [ 12.586166697255507, 55.699325421401319, 0.0 ], [ 12.584096755618695, 55.698839673336423, 0.0 ], [ 12.583675002879149, 55.698766844532678, 0.0 ], [ 12.582257287728387, 55.700529380680337, 0.0 ], [ 12.582114516549828, 55.700477801205125, 0.0 ], [ 12.577858691336447, 55.699388935990697, 0.0 ], [ 12.577572301364235, 55.699674956179976, 0.0 ], [ 12.576644364226613, 55.699156037720535, 0.0 ], [ 12.575773631555647, 55.699701600295469, 0.0 ], [ 12.564802603560709, 55.705570830685303, 0.0 ], [ 12.564665475476371, 55.705630024987514, 0.0 ], [ 12.564507583343305, 55.705669321357171, 0.0 ], [ 12.564251464566757, 55.705686204937514, 0.0 ], [ 12.564081703335969, 55.705668658205006, 0.0 ], [ 12.563450037656061, 55.705525967985956, 0.0 ], [ 12.563030953065994, 55.705486259526879, 0.0 ], [ 12.562750149095573, 55.705508352867611, 0.0 ], [ 12.562637514672176, 55.705212379532995, 0.0 ], [ 12.562280506414178, 55.704959020536975, 0.0 ], [ 12.561360607501335, 55.696977699506789, 0.0 ] ] ] } },
{ "type": "Feature", "properties": { "id": "550", "afstemningsomraadenummer": 17, "afstemningsstedNavn": "Skolen på Amagerbro", "kommuneLokalId": 389103, "navn": "4. Nord", "opstillingskredsLokalId": 403566, "areaSquareMetres": 825353.07 }, "geometry": { "type": "Polygon", "coordinates": [ [ [ 12.596164184140228, 55.669254063841109, 0.0 ], [ 12.596782803662764, 55.669036296902775, 0.0 ], [ 12.596865174102716, 55.669030643254146, 0.0 ], [ 12.597474434706925, 55.669090367112616, 0.0 ], [ 12.597019950524054, 55.668718579858655, 0.0 ], [ 12.596779513728437, 55.66849984773728, 0.0 ], [ 12.59681240664225, 55.668421462611079, 0.0 ], [ 12.597049358900412, 55.668155364557393, 0.0 ], [ 12.599795358211198, 55.66535525689811, 0.0 ], [ 12.599825749824602, 55.66536398581674, 0.0 ], [ 12.600412925127157, 55.664760021202461, 0.0 ], [ 12.601765716697244, 55.663228706375087, 0.0 ], [ 12.605780252931149, 55.65991747943945, 0.0 ], [ 12.605206747491136, 55.660428094030195, 0.0 ], [ 12.607738777487882, 55.661629196271271, 0.0 ], [ 12.609427704572123, 55.662583249008563, 0.0 ], [ 12.610324425208779, 55.662961570213341, 0.0 ], [ 12.610409092763765, 55.662965460940626, 0.0 ], [ 12.611022108755515, 55.663406623589943, 0.0 ], [ 12.612016196323955, 55.66331547290013, 0.0 ], [ 12.61214223835537, 55.663260864680851, 0.0 ], [ 12.612621023296716, 55.662612014674409, 0.0 ], [ 12.613206379157964, 55.661778743718024, 0.0 ], [ 12.615043395885975, 55.662146846505074, 0.0 ], [ 12.613299960911815, 55.664429779021226, 0.0 ], [ 12.611914317822032, 55.666178361675108, 0.0 ], [ 12.612375205180419, 55.666276821551328, 0.0 ], [ 12.611659329108425, 55.667286217554775, 0.0 ], [ 12.617993637158891, 55.668654515033047, 0.0 ], [ 12.618074204626508, 55.668675876145436, 0.0 ], [ 12.618190639381908, 55.668741048554573, 0.0 ], [ 12.61822711771592, 55.66878286362833, 0.0 ], [ 12.618257106539446, 55.6688835877234, 0.0 ], [ 12.611922417677972, 55.669504061385716, 0.0 ], [ 12.611206588306798, 55.66955023592471, 0.0 ], [ 12.610361017996835, 55.669552479816353, 0.0 ], [ 12.609730865874884, 55.669535696839532, 0.0 ], [ 12.608976522025838, 55.669483361726016, 0.0 ], [ 12.60811876345006, 55.669372291024921, 0.0 ], [ 12.607608192216761, 55.669903991925217, 0.0 ], [ 12.605683879663506, 55.671531937896766, 0.0 ], [ 12.605401875973262, 55.671626283695865, 0.0 ], [ 12.604526240793431, 55.67170166564474, 0.0 ], [ 12.604512934456723, 55.671448215262117, 0.0 ], [ 12.6044317982689, 55.671320397780917, 0.0 ], [ 12.604356100322697, 55.671253385516117, 0.0 ], [ 12.604203255202627, 55.671193496782685, 0.0 ], [ 12.604073990434456, 55.671175446415909, 0.0 ], [ 12.603933406174072, 55.671176162062345, 0.0 ], [ 12.603580697669623, 55.671226633359325, 0.0 ], [ 12.6034470879291, 55.671218421299592, 0.0 ], [ 12.602788676125924, 55.670984648915976, 0.0 ], [ 12.60104295034834, 55.670216234696269, 0.0 ], [ 12.600777671645243, 55.670075480006425, 0.0 ], [ 12.600738937991807, 55.670048742718805, 0.0 ], [ 12.600640010581976, 55.669844924426606, 0.0 ], [ 12.600531371718036, 55.669698130136595, 0.0 ], [ 12.600432375530266, 55.669638903405769, 0.0 ], [ 12.60025403544995, 55.669568069173849, 0.0 ], [ 12.60013525398457, 55.669539366230424, 0.0 ], [ 12.599995831244472, 55.66953015225608, 0.0 ], [ 12.599840632288707, 55.669543161734126, 0.0 ], [ 12.59930442538643, 55.669681194554002, 0.0 ], [ 12.596770291678396, 55.669149512105371, 0.0 ], [ 12.59651329539968, 55.66923555055579, 0.0 ], [ 12.596494418068836, 55.66928466048747, 0.0 ], [ 12.596270612565801, 55.669281694232069, 0.0 ], [ 12.596164184140228, 55.669254063841109, 0.0 ] ] ] } },
{ "type": "Feature", "properties": { "id": "553", "afstemningsomraadenummer": 25, "afstemningsstedNavn": "Frederiksgård Skole", "kommuneLokalId": 389103, "navn": "5. Nordvest", "opstillingskredsLokalId": 403567, "areaSquareMetres": 534137.64 }, "geometry": { "type": "Polygon", "coordinates": [ [ [ 12.534763837670958, 55.694442389108964, 0.0 ], [ 12.535085223933425, 55.694294025583737, 0.0 ], [ 12.535666983242317, 55.693907070277213, 0.0 ], [ 12.535728466914577, 55.693851078215054, 0.0 ], [ 12.535746208316702, 55.693806058126874, 0.0 ], [ 12.535868276241699, 55.693231389839795, 0.0 ], [ 12.535865589627218, 55.693134717208522, 0.0 ], [ 12.535593514912252, 55.692687044129322, 0.0 ], [ 12.535525346813108, 55.692408290146929, 0.0 ], [ 12.535678671644011, 55.692042136278459, 0.0 ], [ 12.536568291622146, 55.691039094361081, 0.0 ], [ 12.537126294773477, 55.690449874513071, 0.0 ], [ 12.53739270145946, 55.690410450215992, 0.0 ], [ 12.537740065563941, 55.690488279026262, 0.0 ], [ 12.538882417449857, 55.691149117441533, 0.0 ], [ 12.539254067213937, 55.69092511071657, 0.0 ], [ 12.54188646521918, 55.693540141443165, 0.0 ], [ 12.545182758733119, 55.691122803116386, 0.0 ], [ 12.548840330388682, 55.694340078813092, 0.0 ], [ 12.548291927965483, 55.69468800879028, 0.0 ], [ 12.545294083103727, 55.696699909371425, 0.0 ], [ 12.543864431621266, 55.697624657122709, 0.0 ], [ 12.540480911910176, 55.699862565287546, 0.0 ], [ 12.540308504822079, 55.699956109452252, 0.0 ], [ 12.539977058317799, 55.700097403372546, 0.0 ], [ 12.539803940890884, 55.700202476604709, 0.0 ], [ 12.538334724516375, 55.7008070258155, 0.0 ], [ 12.538171978555315, 55.700924745401089, 0.0 ], [ 12.538078677377086, 55.701014565722105, 0.0 ], [ 12.537904711012517, 55.70106634015989, 0.0 ], [ 12.537814543451123, 55.701025331386063, 0.0 ], [ 12.537765404318543, 55.700865798260608, 0.0 ], [ 12.53774057887566, 55.700872988262574, 0.0 ], [ 12.537690188784689, 55.700673208630604, 0.0 ], [ 12.537794106968398, 55.700491277699328, 0.0 ], [ 12.537766366801717, 55.700397575619562, 0.0 ], [ 12.53764212277499, 55.700488557829217, 0.0 ], [ 12.537491502312927, 55.699988560585041, 0.0 ], [ 12.537208846442681, 55.699334837348907, 0.0 ], [ 12.537238279686271, 55.69932931288642, 0.0 ], [ 12.536730515557917, 55.698323493608925, 0.0 ], [ 12.53657104372215, 55.698077584708038, 0.0 ], [ 12.536402187345031, 55.697865215275392, 0.0 ], [ 12.536183192533269, 55.697499724859725, 0.0 ], [ 12.537973523626423, 55.697670728525829, 0.0 ], [ 12.538298709476889, 55.697671598517836, 0.0 ], [ 12.538269109404299, 55.697113711386386, 0.0 ], [ 12.538104030434297, 55.697003020686957, 0.0 ], [ 12.537492263291428, 55.696649851037705, 0.0 ], [ 12.537042890357402, 55.696527306796881, 0.0 ], [ 12.536848687341429, 55.696443080555632, 0.0 ], [ 12.536575075822743, 55.6961232248496, 0.0 ], [ 12.53609797602374, 55.695943930251055, 0.0 ], [ 12.535797195052464, 55.695696789380214, 0.0 ], [ 12.535691094729833, 55.695407080189554, 0.0 ], [ 12.5355269289205, 55.695063206656556, 0.0 ], [ 12.534763837670958, 55.694442389108964, 0.0 ] ] ] } },
{ "type": "Feature", "properties": { "id": "554", "afstemningsomraadenummer": 23, "afstemningsstedNavn": "Plejecentret Sølund", "kommuneLokalId": 389103, "navn": "5. Øst", "opstillingskredsLokalId": 403567, "areaSquareMetres": 442560.34 }, "geometry": { "type": "Polygon", "coordinates": [ [ [ 12.555054301501825, 55.690222736150155, 0.0 ], [ 12.555839086753839, 55.689714971180805, 0.0 ], [ 12.557478499024439, 55.689104184778891, 0.0 ], [ 12.560148136418789, 55.688067566288758, 0.0 ], [ 12.562888894674369, 55.687051390328371, 0.0 ], [ 12.563058464085373, 55.687160389111533, 0.0 ], [ 12.56315146285908, 55.687281503391766, 0.0 ], [ 12.563168493167252, 55.687354920725454, 0.0 ], [ 12.563162025731224, 55.687418500448324, 0.0 ], [ 12.563094684640694, 55.687533753035559, 0.0 ], [ 12.566478073369668, 55.690086173005831, 0.0 ], [ 12.569537206940989, 55.692089375285342, 0.0 ], [ 12.568227278866244, 55.69280205611647, 0.0 ], [ 12.567262711766398, 55.693358831093427, 0.0 ], [ 12.566300411913597, 55.693888376999972, 0.0 ], [ 12.562030811108043, 55.69641567599286, 0.0 ], [ 12.56162848199174, 55.696753040458333, 0.0 ], [ 12.561596772363488, 55.696354009021448, 0.0 ], [ 12.561557773643496, 55.69611973794072, 0.0 ], [ 12.561482626428903, 55.696152941564087, 0.0 ], [ 12.561246608552517, 55.694243926451982, 0.0 ], [ 12.557516320592184, 55.691866513906469, 0.0 ], [ 12.555054301501825, 55.690222736150155, 0.0 ] ] ] } },
{ "type": "Feature", "properties": { "id": "555", "afstemningsomraadenummer": 49, "afstemningsstedNavn": "Tove Ditlevsens Skole", "kommuneLokalId": 389103, "navn": "9. Vesterbro", "opstillingskredsLokalId": 403574, "areaSquareMetres": 283276.85 }, "geometry": { "type": "Polygon", "coordinates": [ [ [ 12.541767056827291, 55.663022866612721, 0.0 ], [ 12.552241285078461, 55.664513487102511, 0.0 ], [ 12.551003342100499, 55.66587850677719, 0.0 ], [ 12.550165188528117, 55.665575391998125, 0.0 ], [ 12.550078134598404, 55.667289756221543, 0.0 ], [ 12.549895709852578, 55.669814247485121, 0.0 ], [ 12.54875830251691, 55.669785940859711, 0.0 ], [ 12.545479501974587, 55.669598280808039, 0.0 ], [ 12.542044049804732, 55.663607506453474, 0.0 ], [ 12.541932808820816, 55.663401124031644, 0.0 ], [ 12.541767056827291, 55.663022866612721, 0.0 ] ] ] } },
{ "type": "Feature", "properties": { "id": "556", "afstemningsomraadenummer": 12, "afstemningsstedNavn": "Øster Farimagsgades Skole", "kommuneLokalId": 389103, "navn": "3. Nord", "opstillingskredsLokalId": 403573, "areaSquareMetres": 1011874.42 }, "geometry": { "type": "Polygon", "coordinates": [ [ [ 12.56937840713649, 55.691981959742002, 0.0 ], [ 12.571607215300537, 55.690708847231164, 0.0 ], [ 12.574394635081509, 55.689418692252161, 0.0 ], [ 12.576717092725783, 55.68832016009241, 0.0 ], [ 12.578403822610992, 55.687482372971147, 0.0 ], [ 12.578916854000118, 55.687686262212864, 0.0 ], [ 12.582290311188427, 55.689341258547891, 0.0 ], [ 12.584054188530295, 55.690024443030978, 0.0 ], [ 12.583989501929908, 55.690093322523559, 0.0 ], [ 12.584274131648634, 55.690178608895302, 0.0 ], [ 12.584341463029137, 55.690143820861692, 0.0 ], [ 12.584463484340882, 55.690217763938882, 0.0 ], [ 12.584492358601281, 55.690202802834584, 0.0 ], [ 12.584709738841745, 55.690335912087065, 0.0 ], [ 12.584564562581772, 55.690412359846654, 0.0 ], [ 12.586210729748878, 55.691415107613473, 0.0 ], [ 12.586200963474131, 55.691419709274832, 0.0 ], [ 12.586692467967451, 55.69171942023921, 0.0 ], [ 12.586669664530612, 55.69173114708947, 0.0 ], [ 12.587205834338409, 55.692066506245759, 0.0 ], [ 12.588255114574405, 55.691515093393853, 0.0 ], [ 12.589752980363505, 55.692390314284324, 0.0 ], [ 12.592777342720501, 55.69433067228838, 0.0 ], [ 12.5934729335948, 55.694837305522739, 0.0 ], [ 12.59135984958791, 55.695407958977597, 0.0 ], [ 12.591586411959845, 55.695701202336686, 0.0 ], [ 12.59172391998657, 55.695941753512507, 0.0 ], [ 12.591868853878324, 55.696252762949271, 0.0 ], [ 12.591936354378188, 55.69643826597742, 0.0 ], [ 12.591991100352436, 55.696668652133525, 0.0 ], [ 12.592040150466781, 55.696994788357827, 0.0 ], [ 12.592089428114001, 55.697619896605964, 0.0 ], [ 12.59208030586394, 55.697874273186208, 0.0 ], [ 12.592045662501736, 55.698164555291982, 0.0 ], [ 12.591980785511614, 55.698630164492712, 0.0 ], [ 12.591794740097212, 55.699038537213632, 0.0 ], [ 12.583794330101027, 55.697090521508166, 0.0 ], [ 12.580176545654615, 55.696286299479148, 0.0 ], [ 12.579082349381332, 55.697894676356484, 0.0 ], [ 12.574628726575208, 55.695837486735954, 0.0 ], [ 12.573875425334874, 55.695456428367258, 0.0 ], [ 12.573384952449489, 55.695085511887498, 0.0 ], [ 12.572358041409357, 55.693862603681978, 0.0 ], [ 12.56937840713649, 55.691981959742002, 0.0 ] ] ] } },
{ "type": "Feature", "properties": { "id": "561", "afstemningsomraadenummer": 8, "afstemningsstedNavn": "Amager Fælled Skole", "kommuneLokalId": 389103, "navn": "2. Nord", "opstillingskredsLokalId": 403565, "areaSquareMetres": 683428.43 }, "geometry": { "type": "Polygon", "coordinates": [ [ [ 12.583923863567804, 55.664339493591193, 0.0 ], [ 12.584885252765739, 55.664088386585583, 0.0 ], [ 12.589366587635261, 55.663532754528049, 0.0 ], [ 12.593987388238295, 55.663003979691347, 0.0 ], [ 12.592391058672796, 55.657799873555796, 0.0 ], [ 12.592330106274279, 55.657336330158358, 0.0 ], [ 12.592413518271112, 55.656927722537695, 0.0 ], [ 12.593650441656258, 55.655750396203572, 0.0 ], [ 12.594097781384288, 55.6552955991963, 0.0 ], [ 12.594204560047679, 55.655060477616097, 0.0 ], [ 12.594214576048074, 55.654987619401702, 0.0 ], [ 12.595956031075007, 55.654956056174534, 0.0 ], [ 12.597002248951441, 55.657759694754276, 0.0 ], [ 12.597689023297113, 55.658116390604974, 0.0 ], [ 12.600336588849382, 55.65939508656998, 0.0 ], [ 12.597420385023453, 55.66143868671081, 0.0 ], [ 12.597092783761507, 55.661614470131589, 0.0 ], [ 12.594783281992994, 55.662748023849574, 0.0 ], [ 12.595338604882876, 55.663086018684922, 0.0 ], [ 12.59545092105599, 55.663054939693922, 0.0 ], [ 12.598732942619446, 55.663811878053558, 0.0 ], [ 12.600533502596669, 55.664353283085347, 0.0 ], [ 12.601062439863707, 55.664026267499715, 0.0 ], [ 12.600412925127157, 55.664760021202461, 0.0 ], [ 12.599825749824602, 55.66536398581674, 0.0 ], [ 12.599795358211198, 55.66535525689811, 0.0 ], [ 12.597049358900412, 55.668155364557393, 0.0 ], [ 12.59681240664225, 55.668421462611079, 0.0 ], [ 12.596779513728437, 55.66849984773728, 0.0 ], [ 12.597019950524054, 55.668718579858655, 0.0 ], [ 12.597474434706925, 55.669090367112616, 0.0 ], [ 12.596865174102716, 55.669030643254146, 0.0 ], [ 12.596782803662764, 55.669036296902775, 0.0 ], [ 12.595601730925358, 55.669435561595364, 0.0 ], [ 12.595243262576512, 55.669353907371651, 0.0 ], [ 12.59507516969188, 55.66923339986149, 0.0 ], [ 12.595090245885357, 55.669193123759598, 0.0 ], [ 12.595081684539259, 55.669169186659779, 0.0 ], [ 12.594416032924398, 55.668709976691488, 0.0 ], [ 12.594234355097583, 55.668623406081089, 0.0 ], [ 12.594111689011529, 55.668588696816549, 0.0 ], [ 12.589729129568813, 55.667905221656682, 0.0 ], [ 12.587975740421882, 55.668021200194254, 0.0 ], [ 12.587738742372704, 55.667690042296272, 0.0 ], [ 12.587194956278109, 55.666552210154101, 0.0 ], [ 12.587081554422381, 55.666408331655227, 0.0 ], [ 12.586915520066963, 55.666238657766357, 0.0 ], [ 12.586559338092771, 55.665966014985038, 0.0 ], [ 12.583923863567804, 55.664339493591193, 0.0 ] ] ] } },
{ "type": "Feature", "properties": { "id": "563", "afstemningsomraadenummer": 21, "afstemningsstedNavn": "Rådmandsgades Skole", "kommuneLokalId": 389103, "navn": "5. Nord", "opstillingskredsLokalId": 403567, "areaSquareMetres": 834445.95 }, "geometry": { "type": "Polygon", "coordinates": [ [ [ 12.544196457330697, 55.697407535599744, 0.0 ], [ 12.545294083103727, 55.696699909371425, 0.0 ], [ 12.548291927965483, 55.69468800879028, 0.0 ], [ 12.548840330388682, 55.694340078813092, 0.0 ], [ 12.549689823144114, 55.695054432677324, 0.0 ], [ 12.554096098704683, 55.698988020178433, 0.0 ], [ 12.554279013030005, 55.699117415552664, 0.0 ], [ 12.555175551258197, 55.698663517114305, 0.0 ], [ 12.556666066612181, 55.698039440148378, 0.0 ], [ 12.558653268708513, 55.697317311230336, 0.0 ], [ 12.561596772363488, 55.696354009021448, 0.0 ], [ 12.56162848199174, 55.696753040458333, 0.0 ], [ 12.561360607501335, 55.696977699506789, 0.0 ], [ 12.562386107765406, 55.705910335620295, 0.0 ], [ 12.562548651442411, 55.706297924051036, 0.0 ], [ 12.561912060941184, 55.705898385379243, 0.0 ], [ 12.558842307750213, 55.703163277272793, 0.0 ], [ 12.558011903788517, 55.70349236636563, 0.0 ], [ 12.557843715559041, 55.703621510296429, 0.0 ], [ 12.557664582448597, 55.703852667677687, 0.0 ], [ 12.556382925083337, 55.707798527955603, 0.0 ], [ 12.556344477812656, 55.707752256323054, 0.0 ], [ 12.548087886769187, 55.703128738665086, 0.0 ], [ 12.55044288361055, 55.701807154850286, 0.0 ], [ 12.547882025230326, 55.700351858596612, 0.0 ], [ 12.546744968440906, 55.699822673158117, 0.0 ], [ 12.544540496508896, 55.697734241838646, 0.0 ], [ 12.54436359275938, 55.697528409455238, 0.0 ], [ 12.544263522383885, 55.697439586168514, 0.0 ], [ 12.544196457330697, 55.697407535599744, 0.0 ] ] ] } },
{ "type": "Feature", "properties": { "id": "564", "afstemningsomraadenummer": 30, "afstemningsstedNavn": "Grøndalsvængets Skole", "kommuneLokalId": 389103, "navn": "6. Syd", "opstillingskredsLokalId": 403568, "areaSquareMetres": 847778.5 }, "geometry": { "type": "Polygon", "coordinates": [ [ [ 12.515774274383611, 55.706627149601552, 0.0 ], [ 12.515979225941859, 55.70635971096133, 0.0 ], [ 12.516218377703696, 55.705760671865349, 0.0 ], [ 12.516727893842468, 55.704614207742289, 0.0 ], [ 12.517107812562465, 55.703933983079004, 0.0 ], [ 12.517322554058374, 55.703618066254101, 0.0 ], [ 12.517644790217899, 55.703206723007852, 0.0 ], [ 12.517807944176727, 55.703044961416715, 0.0 ], [ 12.517955133819768, 55.703013765471809, 0.0 ], [ 12.518178831265674, 55.702795778049598, 0.0 ], [ 12.518631655663549, 55.702397230884046, 0.0 ], [ 12.51900881017108, 55.702095713890195, 0.0 ], [ 12.519576715731143, 55.701702223543677, 0.0 ], [ 12.52015639555885, 55.701232683365532, 0.0 ], [ 12.520302914619885, 55.701079128284292, 0.0 ], [ 12.521310284349696, 55.700187290755451, 0.0 ], [ 12.521885792442035, 55.699707251346247, 0.0 ], [ 12.522896256066549, 55.698928335036292, 0.0 ], [ 12.523473004337815, 55.698427121657375, 0.0 ], [ 12.525672561625225, 55.69671566567478, 0.0 ], [ 12.526004644193028, 55.696574122725892, 0.0 ], [ 12.52608385344274, 55.696469071551405, 0.0 ], [ 12.526478049041097, 55.696165331304918, 0.0 ], [ 12.52683509818552, 55.695937018441967, 0.0 ], [ 12.527476922611147, 55.695572384141755, 0.0 ], [ 12.529725375523336, 55.695834183102143, 0.0 ], [ 12.530636658123996, 55.696716377939829, 0.0 ], [ 12.532253203576673, 55.696679005443904, 0.0 ], [ 12.532085497067598, 55.697094482681472, 0.0 ], [ 12.532149597796806, 55.697130851150241, 0.0 ], [ 12.536183192533269, 55.697499724859725, 0.0 ], [ 12.536402187345031, 55.697865215275392, 0.0 ], [ 12.53657104372215, 55.698077584708038, 0.0 ], [ 12.536730515557917, 55.698323493608925, 0.0 ], [ 12.537238279686271, 55.69932931288642, 0.0 ], [ 12.537208846442681, 55.699334837348907, 0.0 ], [ 12.537491502312927, 55.699988560585041, 0.0 ], [ 12.53764212277499, 55.700488557829217, 0.0 ], [ 12.537766366801717, 55.700397575619562, 0.0 ], [ 12.537794106968398, 55.700491277699328, 0.0 ], [ 12.537690188784689, 55.700673208630604, 0.0 ], [ 12.53774057887566, 55.700872988262574, 0.0 ], [ 12.537765404318543, 55.700865798260608, 0.0 ], [ 12.537794801112332, 55.701028868046677, 0.0 ], [ 12.534690530946277, 55.701562280126176, 0.0 ], [ 12.533590253746416, 55.701766441093014, 0.0 ], [ 12.533283819933146, 55.701871298950813, 0.0 ], [ 12.530399054502135, 55.70300332305905, 0.0 ], [ 12.530280640945151, 55.70303568408351, 0.0 ], [ 12.526456806535887, 55.704561042809509, 0.0 ], [ 12.524326264659461, 55.705432865794904, 0.0 ], [ 12.522426700813121, 55.705915785699602, 0.0 ], [ 12.521620982279495, 55.706043671069622, 0.0 ], [ 12.516832589622489, 55.706660473742986, 0.0 ], [ 12.515937457815092, 55.706642613715587, 0.0 ], [ 12.515774274383611, 55.706627149601552, 0.0 ] ] ] } },
{ "type": "Feature", "properties": { "id": "565", "afstemningsomraadenummer": 32, "afstemningsstedNavn": "Tingbjerg Skole", "kommuneLokalId": 389103, "navn": "7. Nord", "opstillingskredsLokalId": 403575, "areaSquareMetres": 1090919.27 }, "geometry": { "type": "Polygon", "coordinates": [ [ [ 12.469212801267366, 55.715584724650917, 0.0 ], [ 12.469401001849963, 55.715621662433911, 0.0 ], [ 12.469737778378226, 55.715875406596091, 0.0 ], [ 12.472815922058196, 55.716483891460243, 0.0 ], [ 12.473196222529886, 55.716766425862936, 0.0 ], [ 12.475796149474347, 55.717285242700399, 0.0 ], [ 12.476469281928511, 55.717392590700406, 0.0 ], [ 12.47720525249256, 55.717201707246701, 0.0 ], [ 12.478645371823793, 55.716723901471042, 0.0 ], [ 12.479267252357822, 55.716658073780039, 0.0 ], [ 12.480723000114372, 55.716129088026562, 0.0 ], [ 12.481454167999685, 55.716058260296194, 0.0 ], [ 12.482559219078036, 55.715680458319497, 0.0 ], [ 12.483021618364122, 55.71549640491876, 0.0 ], [ 12.483226004576075, 55.715655865032211, 0.0 ], [ 12.48458397120492, 55.715194166593747, 0.0 ], [ 12.485150234062534, 55.715158750695636, 0.0 ], [ 12.485250737290087, 55.715139081696123, 0.0 ], [ 12.486293679725645, 55.714835300647543, 0.0 ], [ 12.487104797848041, 55.714634398239731, 0.0 ], [ 12.488878522770207, 55.716960413287147, 0.0 ], [ 12.489877330657203, 55.71691141629659, 0.0 ], [ 12.490800106292861, 55.716902878060303, 0.0 ], [ 12.491767941927501, 55.716960126808253, 0.0 ], [ 12.492668934101955, 55.717055416534279, 0.0 ], [ 12.493489254222844, 55.717189052584978, 0.0 ], [ 12.495358303475991, 55.717600318852774, 0.0 ], [ 12.496284668797903, 55.717909576062027, 0.0 ], [ 12.497004106647635, 55.718215013757074, 0.0 ], [ 12.497412246426741, 55.718420164864277, 0.0 ], [ 12.497742957555337, 55.718673198791464, 0.0 ], [ 12.498177514538687, 55.719098695027398, 0.0 ], [ 12.492036877714362, 55.72286498983464, 0.0 ], [ 12.490318267556956, 55.7238125850809, 0.0 ], [ 12.488702118987179, 55.724491814180602, 0.0 ], [ 12.486892016329202, 55.724556662803423, 0.0 ], [ 12.486113495160277, 55.724614479692221, 0.0 ], [ 12.485298427783356, 55.724698415774974, 0.0 ], [ 12.484316602829713, 55.724765052738547, 0.0 ], [ 12.481095930478485, 55.723535354975482, 0.0 ], [ 12.477511140346319, 55.722099832039873, 0.0 ], [ 12.477111129073846, 55.721034356966932, 0.0 ], [ 12.476833502079486, 55.720923717432932, 0.0 ], [ 12.4767012758416, 55.720846631403028, 0.0 ], [ 12.476298768158285, 55.720728919310496, 0.0 ], [ 12.475641858315901, 55.720430222454809, 0.0 ], [ 12.475446153082464, 55.720370128749508, 0.0 ], [ 12.474303913092431, 55.719849596365314, 0.0 ], [ 12.473708543603514, 55.719527837348245, 0.0 ], [ 12.473584248086089, 55.719446657277103, 0.0 ], [ 12.473332189485003, 55.719264973516573, 0.0 ], [ 12.4728632192273, 55.718872196897813, 0.0 ], [ 12.470791586130963, 55.718861043231946, 0.0 ], [ 12.470328964139238, 55.718146455762437, 0.0 ], [ 12.469212801267366, 55.715584724650917, 0.0 ] ] ] } },
{ "type": "Feature", "properties": { "id": "571", "afstemningsomraadenummer": 24, "afstemningsstedNavn": "Nørrebro Park Skole", "kommuneLokalId": 389103, "navn": "5. Vest", "opstillingskredsLokalId": 403567, "areaSquareMetres": 642833.67 }, "geometry": { "type": "Polygon", "coordinates": [ [ [ 12.537126294773477, 55.690449874513071, 0.0 ], [ 12.537309039919867, 55.69023509831824, 0.0 ], [ 12.537633125587343, 55.689907535779909, 0.0 ], [ 12.537774099038639, 55.689788915581666, 0.0 ], [ 12.537838367791787, 55.689749746259317, 0.0 ], [ 12.538330675151892, 55.689554002024572, 0.0 ], [ 12.540496305731502, 55.688424730437966, 0.0 ], [ 12.540888325030847, 55.688032165765371, 0.0 ], [ 12.541181062767306, 55.687708735127849, 0.0 ], [ 12.541449234775104, 55.687594080322995, 0.0 ], [ 12.541802787765288, 55.68735530178909, 0.0 ], [ 12.54214444495925, 55.687211997638947, 0.0 ], [ 12.542124356625877, 55.687197561766851, 0.0 ], [ 12.54222209035821, 55.687137821572492, 0.0 ], [ 12.54264712492181, 55.68697844030428, 0.0 ], [ 12.54436844773039, 55.686434610372118, 0.0 ], [ 12.544770053597384, 55.68626978426407, 0.0 ], [ 12.54614984722429, 55.685524944867858, 0.0 ], [ 12.546173037907471, 55.685538481129271, 0.0 ], [ 12.546461872084825, 55.685385182535057, 0.0 ], [ 12.546694074488611, 55.685302487365519, 0.0 ], [ 12.547078011922867, 55.685234465344607, 0.0 ], [ 12.550161154964947, 55.685056050118781, 0.0 ], [ 12.550373782421246, 55.685085771291604, 0.0 ], [ 12.551072110579812, 55.686007792317206, 0.0 ], [ 12.552314776442948, 55.687339620838145, 0.0 ], [ 12.553390075086565, 55.686927129921159, 0.0 ], [ 12.554879499658455, 55.688655961506761, 0.0 ], [ 12.553868831419999, 55.689114427957975, 0.0 ], [ 12.553288719363108, 55.689131147472146, 0.0 ], [ 12.553133797797537, 55.68934280500789, 0.0 ], [ 12.554539412994911, 55.690565138723635, 0.0 ], [ 12.549438915972306, 55.693959312905285, 0.0 ], [ 12.548840330388682, 55.694340078813092, 0.0 ], [ 12.545182758733119, 55.691122803116386, 0.0 ], [ 12.54188646521918, 55.693540141443165, 0.0 ], [ 12.539254067213937, 55.69092511071657, 0.0 ], [ 12.538882417449857, 55.691149117441533, 0.0 ], [ 12.537740065563941, 55.690488279026262, 0.0 ], [ 12.53739270145946, 55.690410450215992, 0.0 ], [ 12.537126294773477, 55.690449874513071, 0.0 ] ] ] } },
{ "type": "Feature", "properties": { "id": "573", "afstemningsomraadenummer": 22, "afstemningsstedNavn": "Korsgadehallen", "kommuneLokalId": 389103, "navn": "5. Syd", "opstillingskredsLokalId": 403567, "areaSquareMetres": 361495.45 }, "geometry": { "type": "Polygon", "coordinates": [ [ [ 12.550161154964947, 55.685056050118781, 0.0 ], [ 12.552377223893171, 55.684929023074609, 0.0 ], [ 12.553333491366303, 55.684859326845292, 0.0 ], [ 12.554394809723235, 55.68449353821935, 0.0 ], [ 12.554619813360077, 55.684403663120996, 0.0 ], [ 12.554895946701311, 55.684244148177719, 0.0 ], [ 12.555267518227982, 55.683852756616325, 0.0 ], [ 12.555108759801348, 55.683622315673375, 0.0 ], [ 12.555079113105993, 55.683628839937668, 0.0 ], [ 12.553692463270853, 55.681613525509832, 0.0 ], [ 12.554187463896525, 55.681498472079376, 0.0 ], [ 12.557341088932414, 55.681748891668718, 0.0 ], [ 12.561723941293524, 55.686311580859211, 0.0 ], [ 12.562225034064952, 55.686792920800713, 0.0 ], [ 12.562459599326667, 55.686808136744588, 0.0 ], [ 12.562655961647271, 55.686865284614633, 0.0 ], [ 12.562773554615237, 55.686931374520469, 0.0 ], [ 12.563048305923745, 55.687151962257545, 0.0 ], [ 12.562888894674369, 55.687051390328371, 0.0 ], [ 12.562629043510681, 55.687139595486663, 0.0 ], [ 12.561502173473295, 55.687575606491954, 0.0 ], [ 12.560148136418789, 55.688067566288758, 0.0 ], [ 12.557478499024439, 55.689104184778891, 0.0 ], [ 12.555839086753839, 55.689714971180805, 0.0 ], [ 12.554539412994911, 55.690565138723635, 0.0 ], [ 12.553133797797537, 55.68934280500789, 0.0 ], [ 12.553288719363108, 55.689131147472146, 0.0 ], [ 12.553868831419999, 55.689114427957975, 0.0 ], [ 12.554879499658455, 55.688655961506761, 0.0 ], [ 12.553390075086565, 55.686927129921159, 0.0 ], [ 12.552314776442948, 55.687339620838145, 0.0 ], [ 12.551072110579812, 55.686007792317206, 0.0 ], [ 12.550373782421246, 55.685085771291604, 0.0 ], [ 12.550161154964947, 55.685056050118781, 0.0 ] ] ] } },
{ "type": "Feature", "properties": { "id": "669", "afstemningsomraadenummer": 48, "afstemningsstedNavn": "Vigerslev Allés Skole", "kommuneLokalId": 389103, "navn": "8. Midt", "opstillingskredsLokalId": 403576, "areaSquareMetres": 845632.22 }, "geometry": { "type": "Polygon", "coordinates": [ [ [ 12.493894457563842, 55.663436586998337, 0.0 ], [ 12.493915456466377, 55.663165523532768, 0.0 ], [ 12.493982865948427, 55.66289583484906, 0.0 ], [ 12.494111000572765, 55.662632867461575, 0.0 ], [ 12.494276004103963, 55.662376671705957, 0.0 ], [ 12.494478227901793, 55.662131193680722, 0.0 ], [ 12.494736855796662, 55.661899303124876, 0.0 ], [ 12.495033485500054, 55.661685120902867, 0.0 ], [ 12.495765748274552, 55.661322654809837, 0.0 ], [ 12.497302152247295, 55.660597996149086, 0.0 ], [ 12.498175911071867, 55.660265556307507, 0.0 ], [ 12.50032540737387, 55.65939523267123, 0.0 ], [ 12.511531836432759, 55.655081940706211, 0.0 ], [ 12.515565087469414, 55.660085438580552, 0.0 ], [ 12.516684950971918, 55.661360698739209, 0.0 ], [ 12.516726408508353, 55.661638249262175, 0.0 ], [ 12.516286811945337, 55.663469410277244, 0.0 ], [ 12.514129051795015, 55.663375634401135, 0.0 ], [ 12.512437415333613, 55.663367464473829, 0.0 ], [ 12.507747756882331, 55.663438612355108, 0.0 ], [ 12.50752502685855, 55.663972969862321, 0.0 ], [ 12.501755356320402, 55.664012019846076, 0.0 ], [ 12.494029012349541, 55.664119434987199, 0.0 ], [ 12.494011458061152, 55.663983264115856, 0.0 ], [ 12.4939371487873, 55.663708353012055, 0.0 ], [ 12.493894457563842, 55.663436586998337, 0.0 ] ] ] } },
{ "type": "Feature", "properties": { "id": "671", "afstemningsomraadenummer": 13, "afstemningsstedNavn": "Hal C", "kommuneLokalId": 389103, "navn": "3. Syd", "opstillingskredsLokalId": 403573, "areaSquareMetres": 3403325.09 }, "geometry": { "type": "MultiPolygon", "coordinates": [ [ [ [ 12.579817458860285, 55.67001030483096, 0.0 ], [ 12.582332812583752, 55.668743888481764, 0.0 ], [ 12.586824781245989, 55.667980336184883, 0.0 ], [ 12.586971487345885, 55.66807612326906, 0.0 ], [ 12.587310477772698, 55.668065305550549, 0.0 ], [ 12.589729129568813, 55.667905221656682, 0.0 ], [ 12.594111689011529, 55.668588696816549, 0.0 ], [ 12.594234355097583, 55.668623406081089, 0.0 ], [ 12.594416032924398, 55.668709976691488, 0.0 ], [ 12.595081684539259, 55.669169186659779, 0.0 ], [ 12.595090245885357, 55.669193123759598, 0.0 ], [ 12.59507516969188, 55.66923339986149, 0.0 ], [ 12.595243262576512, 55.669353907371651, 0.0 ], [ 12.595601730925358, 55.669435561595364, 0.0 ], [ 12.596136917470943, 55.669255133390052, 0.0 ], [ 12.596270612565801, 55.669281694232069, 0.0 ], [ 12.596494418068836, 55.66928466048747, 0.0 ], [ 12.59651329539968, 55.66923555055579, 0.0 ], [ 12.596770291678396, 55.669149512105371, 0.0 ], [ 12.59930442538643, 55.669681194554002, 0.0 ], [ 12.599840632288707, 55.669543161734126, 0.0 ], [ 12.599995831244472, 55.66953015225608, 0.0 ], [ 12.60013525398457, 55.669539366230424, 0.0 ], [ 12.60025403544995, 55.669568069173849, 0.0 ], [ 12.600432375530266, 55.669638903405769, 0.0 ], [ 12.600531371718036, 55.669698130136595, 0.0 ], [ 12.600640010581976, 55.669844924426606, 0.0 ], [ 12.600738937991807, 55.670048742718805, 0.0 ], [ 12.600777671645243, 55.670075480006425, 0.0 ], [ 12.60104295034834, 55.670216234696269, 0.0 ], [ 12.602788676125924, 55.670984648915976, 0.0 ], [ 12.6034470879291, 55.671218421299592, 0.0 ], [ 12.603580697669623, 55.671226633359325, 0.0 ], [ 12.603933406174072, 55.671176162062345, 0.0 ], [ 12.604073990434456, 55.671175446415909, 0.0 ], [ 12.604203255202627, 55.671193496782685, 0.0 ], [ 12.604356100322697, 55.671253385516117, 0.0 ], [ 12.6044317982689, 55.671320397780917, 0.0 ], [ 12.604512934456723, 55.671448215262117, 0.0 ], [ 12.604526240793431, 55.67170166564474, 0.0 ], [ 12.60513953435369, 55.671929022673893, 0.0 ], [ 12.606700209634983, 55.672578196666457, 0.0 ], [ 12.607309137451129, 55.672804502702292, 0.0 ], [ 12.607479462715556, 55.672891658426089, 0.0 ], [ 12.607692632011775, 55.673029346693895, 0.0 ], [ 12.607882016469715, 55.673176546602669, 0.0 ], [ 12.608374097526251, 55.673512570426638, 0.0 ], [ 12.608759686337629, 55.673770349985801, 0.0 ], [ 12.608867099388387, 55.673820510493442, 0.0 ], [ 12.609535607440378, 55.673860807674615, 0.0 ], [ 12.609716527206464, 55.67391779533493, 0.0 ], [ 12.609812987613546, 55.673973402894873, 0.0 ], [ 12.609923687301167, 55.674083351967276, 0.0 ], [ 12.609964373725015, 55.674167397493406, 0.0 ], [ 12.609971686119115, 55.674251886136965, 0.0 ], [ 12.609953449174963, 55.674373364494976, 0.0 ], [ 12.609862641110988, 55.674594811675171, 0.0 ], [ 12.609901573018114, 55.67464428996788, 0.0 ], [ 12.610218212140333, 55.674866778770713, 0.0 ], [ 12.61037132515831, 55.674996609647778, 0.0 ], [ 12.610567128498916, 55.675114842503973, 0.0 ], [ 12.610909535632665, 55.675380271589908, 0.0 ], [ 12.611039338490338, 55.675514384955981, 0.0 ], [ 12.611191304877911, 55.675773192917021, 0.0 ], [ 12.611490213482281, 55.676134496755331, 0.0 ], [ 12.611558963664871, 55.67617770111444, 0.0 ], [ 12.611636741122894, 55.676194562931357, 0.0 ], [ 12.612258950674672, 55.676267231850105, 0.0 ], [ 12.61261335736649, 55.676367570735863, 0.0 ], [ 12.612719902384594, 55.676411639101623, 0.0 ], [ 12.612939999506866, 55.676637775128341, 0.0 ], [ 12.613000463420983, 55.676782561988254, 0.0 ], [ 12.613004167104599, 55.676876148812077, 0.0 ], [ 12.612907355280417, 55.677051376906839, 0.0 ], [ 12.612599515878511, 55.677374715409364, 0.0 ], [ 12.61254947665827, 55.677451542123613, 0.0 ], [ 12.612544431315179, 55.677500337129608, 0.0 ], [ 12.612913020506099, 55.67799563278372, 0.0 ], [ 12.613047069463471, 55.678213513858793, 0.0 ], [ 12.613178603438911, 55.678483442295132, 0.0 ], [ 12.613247482537236, 55.678815912508782, 0.0 ], [ 12.613331628419902, 55.679093082002339, 0.0 ], [ 12.613398084859631, 55.679151009876527, 0.0 ], [ 12.613568093331912, 55.679217036014393, 0.0 ], [ 12.614144461461187, 55.679383843898172, 0.0 ], [ 12.614265859096598, 55.679438713197641, 0.0 ], [ 12.614387736882792, 55.679550487191932, 0.0 ], [ 12.614520350426295, 55.679804376896435, 0.0 ], [ 12.614540121195695, 55.679908190484113, 0.0 ], [ 12.614466248184319, 55.680050912093009, 0.0 ], [ 12.614189981448208, 55.680283674039096, 0.0 ], [ 12.613783066549503, 55.680538989044663, 0.0 ], [ 12.613794446446986, 55.6806260552585, 0.0 ], [ 12.613917280841619, 55.680937782175114, 0.0 ], [ 12.61401520166225, 55.681246826346857, 0.0 ], [ 12.614020571262053, 55.681370487023401, 0.0 ], [ 12.614269248087076, 55.681412792882917, 0.0 ], [ 12.614541293956608, 55.681522028742464, 0.0 ], [ 12.614917175855318, 55.681461402465189, 0.0 ], [ 12.615430222632099, 55.681617662738098, 0.0 ], [ 12.615581505655456, 55.681687565421612, 0.0 ], [ 12.615678042748108, 55.681766095937952, 0.0 ], [ 12.615737938789872, 55.681859734262446, 0.0 ], [ 12.615844849662896, 55.682102241514151, 0.0 ], [ 12.615965544342405, 55.682421582987182, 0.0 ], [ 12.616103111573137, 55.682680630386777, 0.0 ], [ 12.616001630118252, 55.682824256976808, 0.0 ], [ 12.616205489625797, 55.683099692926717, 0.0 ], [ 12.616360275748004, 55.68366908368634, 0.0 ], [ 12.616480464783535, 55.684172324848475, 0.0 ], [ 12.616530699240966, 55.684843440465073, 0.0 ], [ 12.616626666908894, 55.685003544057366, 0.0 ], [ 12.616800919329128, 55.685189213643795, 0.0 ], [ 12.617178835369526, 55.685527403512459, 0.0 ], [ 12.617215748381495, 55.685623697395535, 0.0 ], [ 12.617226873816648, 55.68576301408018, 0.0 ], [ 12.617204182613408, 55.686047918704396, 0.0 ], [ 12.617215363031072, 55.68612411033282, 0.0 ], [ 12.617493051240277, 55.68642308362233, 0.0 ], [ 12.617616124015806, 55.686497503000268, 0.0 ], [ 12.618588844671267, 55.686792243402827, 0.0 ], [ 12.618617428587536, 55.686906856516316, 0.0 ], [ 12.618040756749116, 55.686760578352064, 0.0 ], [ 12.617887007994625, 55.68692598035269, 0.0 ], [ 12.617857521931562, 55.686918667603088, 0.0 ], [ 12.617755472398205, 55.687033807815055, 0.0 ], [ 12.61758583071779, 55.687130620147833, 0.0 ], [ 12.617343655026538, 55.687191805727508, 0.0 ], [ 12.616695417735771, 55.68724770292431, 0.0 ], [ 12.61638488511138, 55.68726162678287, 0.0 ], [ 12.616002735959009, 55.687255001969014, 0.0 ], [ 12.614016467798933, 55.68711762135235, 0.0 ], [ 12.613799215362548, 55.687088505711841, 0.0 ], [ 12.613698289720707, 55.687102180277122, 0.0 ], [ 12.613640354501717, 55.68713841653129, 0.0 ], [ 12.613657746281998, 55.687171623758353, 0.0 ], [ 12.613611387257228, 55.687171191478889, 0.0 ], [ 12.613531295066871, 55.688579259511997, 0.0 ], [ 12.613984990555315, 55.688607252697047, 0.0 ], [ 12.615223321621153, 55.688585769023504, 0.0 ], [ 12.615806443636137, 55.688558775763873, 0.0 ], [ 12.615821379774882, 55.688529201500657, 0.0 ], [ 12.615847969171496, 55.688534442097811, 0.0 ], [ 12.615887516321921, 55.688573110294556, 0.0 ], [ 12.616066269544426, 55.688604076978642, 0.0 ], [ 12.616100907705382, 55.688539662443652, 0.0 ], [ 12.616129126030604, 55.6885453045441, 0.0 ], [ 12.61608278049612, 55.688634612291871, 0.0 ], [ 12.616186668798791, 55.688651241192332, 0.0 ], [ 12.616198380545425, 55.688631563171093, 0.0 ], [ 12.616238812789994, 55.688638463627221, 0.0 ], [ 12.616228721667479, 55.688658453540157, 0.0 ], [ 12.616242471955012, 55.688660835563198, 0.0 ], [ 12.616294074913062, 55.688568135616137, 0.0 ], [ 12.616321977086628, 55.688572078528018, 0.0 ], [ 12.616287467974633, 55.68864305343844, 0.0 ], [ 12.616454028388258, 55.688667815006347, 0.0 ], [ 12.616531546182017, 55.688643678543301, 0.0 ], [ 12.616558770728499, 55.68864890025759, 0.0 ], [ 12.616600197499274, 55.688688951514258, 0.0 ], [ 12.617176370232377, 55.688784806739392, 0.0 ], [ 12.617274871674979, 55.688765535944619, 0.0 ], [ 12.617316674814676, 55.68880620530603, 0.0 ], [ 12.617965813567199, 55.688914741247835, 0.0 ], [ 12.618063235641067, 55.688897569809342, 0.0 ], [ 12.61810226763623, 55.688935802931667, 0.0 ], [ 12.618758530474029, 55.689042146323992, 0.0 ], [ 12.618830189285958, 55.689020069598008, 0.0 ], [ 12.618857214169683, 55.689024847104911, 0.0 ], [ 12.618841184343143, 55.689056342353055, 0.0 ], [ 12.619323995450381, 55.689135699919646, 0.0 ], [ 12.619721488244995, 55.688402813527198, 0.0 ], [ 12.620246461933116, 55.688478584927481, 0.0 ], [ 12.619940211173958, 55.689065448183442, 0.0 ], [ 12.619875758015386, 55.689208434418511, 0.0 ], [ 12.619893999113051, 55.689267962190598, 0.0 ], [ 12.619709774765116, 55.689613295667925, 0.0 ], [ 12.619734691824652, 55.689634860227841, 0.0 ], [ 12.619728216590271, 55.689647460243975, 0.0 ], [ 12.620072317093461, 55.689701955132549, 0.0 ], [ 12.62006148863402, 55.689727721998864, 0.0 ], [ 12.619718249166338, 55.689672212547521, 0.0 ], [ 12.619712400623394, 55.689684704145286, 0.0 ], [ 12.61966592967257, 55.689684816930018, 0.0 ], [ 12.61962312014254, 55.689769256011864, 0.0 ], [ 12.61967740397419, 55.689805419944229, 0.0 ], [ 12.623286401108958, 55.69038295070672, 0.0 ], [ 12.624628120476904, 55.690060953763847, 0.0 ], [ 12.624738425901954, 55.690059132166731, 0.0 ], [ 12.62481984076304, 55.690101146024581, 0.0 ], [ 12.625144070531784, 55.690021784272652, 0.0 ], [ 12.62517552520255, 55.690026249620161, 0.0 ], [ 12.625183135259238, 55.6900448178692, 0.0 ], [ 12.625166703829629, 55.690054745166705, 0.0 ], [ 12.624832604563171, 55.690137545888895, 0.0 ], [ 12.624833087372139, 55.690171970846947, 0.0 ], [ 12.624794321849187, 55.690198563946801, 0.0 ], [ 12.624132429868981, 55.690372158671401, 0.0 ], [ 12.624087729824438, 55.690401714424659, 0.0 ], [ 12.624079679027595, 55.690440258104204, 0.0 ], [ 12.624164702312072, 55.690454200755774, 0.0 ], [ 12.624266849172702, 55.690506932168198, 0.0 ], [ 12.624480651720484, 55.690873150429589, 0.0 ], [ 12.624444542653999, 55.690883749114334, 0.0 ], [ 12.624640869441979, 55.691219371434826, 0.0 ], [ 12.624681277134879, 55.691217367849084, 0.0 ], [ 12.625005496920135, 55.691771850551476, 0.0 ], [ 12.625073724797376, 55.691793482648698, 0.0 ], [ 12.625223232597289, 55.692058372535776, 0.0 ], [ 12.625236929645784, 55.692149505849578, 0.0 ], [ 12.625199282338652, 55.692255195285171, 0.0 ], [ 12.625477962514555, 55.692263052674626, 0.0 ], [ 12.625545399481572, 55.692281290959947, 0.0 ], [ 12.625591463479667, 55.692314548220416, 0.0 ], [ 12.625596873883241, 55.692338576659417, 0.0 ], [ 12.625576804511645, 55.692369382989689, 0.0 ], [ 12.625494356641585, 55.69240733867553, 0.0 ], [ 12.625374319687124, 55.69240729045913, 0.0 ], [ 12.625249932194889, 55.692386059772737, 0.0 ], [ 12.625172271458586, 55.692408677303646, 0.0 ], [ 12.625279329450308, 55.692605403993987, 0.0 ], [ 12.625392038022534, 55.692735962535806, 0.0 ], [ 12.625565089473977, 55.69282364378568, 0.0 ], [ 12.627879797077764, 55.693723267595793, 0.0 ], [ 12.628444715227872, 55.69389232922844, 0.0 ], [ 12.629991159523554, 55.694489132804968, 0.0 ], [ 12.630218813644712, 55.694506223073212, 0.0 ], [ 12.630363692332979, 55.694545725447476, 0.0 ], [ 12.630503449520424, 55.694605521306883, 0.0 ], [ 12.630554805112075, 55.694651119012782, 0.0 ], [ 12.630565276268223, 55.694691902392741, 0.0 ], [ 12.630543552040036, 55.694795773459653, 0.0 ], [ 12.630441460574072, 55.695001205157098, 0.0 ], [ 12.630226792216556, 55.695527296118804, 0.0 ], [ 12.629926246943686, 55.696327306287969, 0.0 ], [ 12.629729400753746, 55.696805390953891, 0.0 ], [ 12.629633947889268, 55.697123654466274, 0.0 ], [ 12.629635773981571, 55.69729777501859, 0.0 ], [ 12.629617503956181, 55.697365126100614, 0.0 ], [ 12.629516026729215, 55.697431432739492, 0.0 ], [ 12.629411726090341, 55.697453582319191, 0.0 ], [ 12.628949974073185, 55.697420667542403, 0.0 ], [ 12.628278479420661, 55.697442063195268, 0.0 ], [ 12.626985025715943, 55.697538319439687, 0.0 ], [ 12.624947406390794, 55.697663932301609, 0.0 ], [ 12.619666024422843, 55.698043725036825, 0.0 ], [ 12.619157685202941, 55.698044159582736, 0.0 ], [ 12.618411690818373, 55.697988390389227, 0.0 ], [ 12.61470602275169, 55.697796431727276, 0.0 ], [ 12.611441524539234, 55.697603870488109, 0.0 ], [ 12.611314299277909, 55.697567512752329, 0.0 ], [ 12.611224208916331, 55.697486720486076, 0.0 ], [ 12.609829661568909, 55.697281485401248, 0.0 ], [ 12.609590082507014, 55.697754676938303, 0.0 ], [ 12.609621315279993, 55.697760141986677, 0.0 ], [ 12.609611737893294, 55.697778857259792, 0.0 ], [ 12.609530722576888, 55.697765325906929, 0.0 ], [ 12.609540308273893, 55.697746700315143, 0.0 ], [ 12.609564906780614, 55.697751011839735, 0.0 ], [ 12.609804628360926, 55.697277636323435, 0.0 ], [ 12.609298649352466, 55.697201709306768, 0.0 ], [ 12.609286387255393, 55.697213759634657, 0.0 ], [ 12.609230855581133, 55.697188238280212, 0.0 ], [ 12.609264263627191, 55.697172418507044, 0.0 ], [ 12.609402722261381, 55.697194240525775, 0.0 ], [ 12.609955919432171, 55.696817383647968, 0.0 ], [ 12.611532839040159, 55.696585545236893, 0.0 ], [ 12.611568510111749, 55.696454561698587, 0.0 ], [ 12.613168883022029, 55.696156280274302, 0.0 ], [ 12.612677686146798, 55.695297275406304, 0.0 ], [ 12.61041295495591, 55.695707457152864, 0.0 ], [ 12.610503610744354, 55.695822042870525, 0.0 ], [ 12.608648741683131, 55.697058439620285, 0.0 ], [ 12.608743185027604, 55.697115726659703, 0.0 ], [ 12.608739389442256, 55.697126358865155, 0.0 ], [ 12.608617075229931, 55.697079333364087, 0.0 ], [ 12.608539901990286, 55.697131598968831, 0.0 ], [ 12.608559589474492, 55.697141360402377, 0.0 ], [ 12.608339728926904, 55.697286484128789, 0.0 ], [ 12.608182059944147, 55.697298046500912, 0.0 ], [ 12.607733590159386, 55.695482197316849, 0.0 ], [ 12.610055330369573, 55.695051324414877, 0.0 ], [ 12.610028055170607, 55.695005908865205, 0.0 ], [ 12.610055259602387, 55.695000522218557, 0.0 ], [ 12.609938609309459, 55.694787071015242, 0.0 ], [ 12.60989052831037, 55.69479567977946, 0.0 ], [ 12.609681612336271, 55.694417334950003, 0.0 ], [ 12.609725890710664, 55.694408928102909, 0.0 ], [ 12.609674085285409, 55.694306416519865, 0.0 ], [ 12.609596121001996, 55.694199909120243, 0.0 ], [ 12.609560336807142, 55.694203749809908, 0.0 ], [ 12.60952726716515, 55.69414555635845, 0.0 ], [ 12.60766295975197, 55.694486623765414, 0.0 ], [ 12.607564460701793, 55.694466412009646, 0.0 ], [ 12.60707389231775, 55.692585169258429, 0.0 ], [ 12.611126085653348, 55.691852849687614, 0.0 ], [ 12.611244786049332, 55.691803945259977, 0.0 ], [ 12.611278355861929, 55.691731291176239, 0.0 ], [ 12.61125513873252, 55.691690162439862, 0.0 ], [ 12.611213301685572, 55.691662890024013, 0.0 ], [ 12.611146232550642, 55.691643374270122, 0.0 ], [ 12.61105916126248, 55.691641711923467, 0.0 ], [ 12.60901222289252, 55.692029272474258, 0.0 ], [ 12.609005366063768, 55.692017065426903, 0.0 ], [ 12.607055109844953, 55.692372793514757, 0.0 ], [ 12.606733130382386, 55.69104372911606, 0.0 ], [ 12.610374039884329, 55.690372263361709, 0.0 ], [ 12.61007272230435, 55.689863469390858, 0.0 ], [ 12.606714605004248, 55.690485247549056, 0.0 ], [ 12.606670603962561, 55.690470715870212, 0.0 ], [ 12.606633803126222, 55.690408225435867, 0.0 ], [ 12.606649227703711, 55.690390777116747, 0.0 ], [ 12.606489357592899, 55.690117359276911, 0.0 ], [ 12.606459303938161, 55.690109071364397, 0.0 ], [ 12.606420508197013, 55.690037018208677, 0.0 ], [ 12.606443627261894, 55.690020152906555, 0.0 ], [ 12.610235144574901, 55.689324028768326, 0.0 ], [ 12.61039936015707, 55.68960288915553, 0.0 ], [ 12.610473890148109, 55.689572190562508, 0.0 ], [ 12.610456289486738, 55.689559130954528, 0.0 ], [ 12.610582029927187, 55.689507232301629, 0.0 ], [ 12.61059948012954, 55.689520386240922, 0.0 ], [ 12.610658823092788, 55.689495889494474, 0.0 ], [ 12.610773806101154, 55.689373990585487, 0.0 ], [ 12.610858510699812, 55.689372485651695, 0.0 ], [ 12.610854205345248, 55.689291325500967, 0.0 ], [ 12.610639385890615, 55.689295582395431, 0.0 ], [ 12.610637548440691, 55.689267042204747, 0.0 ], [ 12.610852660413512, 55.68926250694053, 0.0 ], [ 12.610850852225679, 55.689229110254352, 0.0 ], [ 12.610890580869695, 55.689228390058808, 0.0 ], [ 12.610886955266293, 55.689171847742323, 0.0 ], [ 12.610465588100688, 55.689190638299443, 0.0 ], [ 12.610262148422306, 55.689002492224397, 0.0 ], [ 12.610190042581742, 55.687953460205023, 0.0 ], [ 12.609848876728288, 55.687963233717753, 0.0 ], [ 12.609711914035845, 55.687579354238707, 0.0 ], [ 12.609353235977673, 55.687620124485285, 0.0 ], [ 12.609289888338724, 55.687426864480074, 0.0 ], [ 12.609157492855905, 55.687444518741259, 0.0 ], [ 12.608607595370346, 55.687370782578348, 0.0 ], [ 12.608597937244452, 55.687397233241889, 0.0 ], [ 12.608437648863099, 55.687376502791565, 0.0 ], [ 12.608350116495684, 55.687212638206262, 0.0 ], [ 12.6087984763537, 55.68612832809935, 0.0 ], [ 12.608763784007689, 55.686124943013681, 0.0 ], [ 12.608895772669795, 55.68588888754514, 0.0 ], [ 12.609478710259106, 55.684717798070729, 0.0 ], [ 12.609516950522227, 55.684695811220294, 0.0 ], [ 12.609640576144306, 55.684298416209316, 0.0 ], [ 12.609706262356626, 55.684218522707717, 0.0 ], [ 12.609752531387532, 55.684033365902415, 0.0 ], [ 12.609433903718147, 55.684026559639641, 0.0 ], [ 12.609237065929017, 55.684039097316322, 0.0 ], [ 12.609150149100669, 55.684263306219847, 0.0 ], [ 12.609163847820225, 55.684265151010386, 0.0 ], [ 12.609151077474209, 55.684297538088536, 0.0 ], [ 12.609139357919679, 55.684296444317162, 0.0 ], [ 12.608634565423166, 55.685559018187142, 0.0 ], [ 12.608657945755498, 55.685562286595598, 0.0 ], [ 12.607953717360955, 55.687306937131616, 0.0 ], [ 12.607931505097552, 55.687304263641231, 0.0 ], [ 12.607814237406698, 55.687598242249877, 0.0 ], [ 12.608075047129365, 55.687630223207719, 0.0 ], [ 12.608232236857848, 55.687902189301866, 0.0 ], [ 12.607817989137839, 55.689236007489271, 0.0 ], [ 12.607313664488592, 55.689430681522452, 0.0 ], [ 12.606643690919043, 55.689346260995436, 0.0 ], [ 12.606304368351042, 55.689288081377732, 0.0 ], [ 12.606114049452646, 55.689238647550006, 0.0 ], [ 12.606095929365591, 55.689261390371129, 0.0 ], [ 12.605557079331035, 55.689133274058847, 0.0 ], [ 12.605587624225604, 55.688939589728143, 0.0 ], [ 12.605814714139493, 55.688937228854293, 0.0 ], [ 12.605822160968698, 55.688869480738582, 0.0 ], [ 12.60551215317683, 55.688827072058928, 0.0 ], [ 12.60456692926228, 55.688785351481684, 0.0 ], [ 12.603869708658038, 55.688779946370182, 0.0 ], [ 12.603868910335423, 55.688760907021809, 0.0 ], [ 12.603909331533801, 55.688760798165127, 0.0 ], [ 12.60392147429048, 55.68861782991906, 0.0 ], [ 12.603884063025726, 55.688616051948955, 0.0 ], [ 12.603886433237337, 55.688579565134255, 0.0 ], [ 12.604242354640419, 55.688576118583583, 0.0 ], [ 12.604244154339126, 55.688604300232065, 0.0 ], [ 12.605194971967103, 55.688589299755002, 0.0 ], [ 12.605523918001799, 55.688607503710877, 0.0 ], [ 12.605536125034495, 55.688606964972529, 0.0 ], [ 12.605536267159151, 55.688582592752354, 0.0 ], [ 12.605820965518754, 55.688576649765615, 0.0 ], [ 12.605798416587858, 55.688038248468821, 0.0 ], [ 12.605816338263436, 55.68803754166877, 0.0 ], [ 12.605790620601386, 55.687575304987135, 0.0 ], [ 12.605228955681573, 55.687404877162486, 0.0 ], [ 12.605161292325585, 55.686371449400397, 0.0 ], [ 12.605789321793255, 55.686367461301217, 0.0 ], [ 12.605769568933459, 55.685501762423996, 0.0 ], [ 12.605706092903644, 55.685429535616429, 0.0 ], [ 12.605571194493038, 55.685464883805444, 0.0 ], [ 12.605185344893689, 55.685003164420806, 0.0 ], [ 12.605330629372766, 55.684964813705719, 0.0 ], [ 12.604577280798656, 55.684036427077125, 0.0 ], [ 12.604624577821003, 55.683991785733909, 0.0 ], [ 12.604686998570289, 55.683983476656842, 0.0 ], [ 12.604695378407541, 55.683998426630225, 0.0 ], [ 12.606620891047839, 55.683751540055198, 0.0 ], [ 12.606651373648129, 55.683743809648767, 0.0 ], [ 12.606552614599313, 55.68361165591736, 0.0 ], [ 12.606592033055007, 55.683581722457284, 0.0 ], [ 12.606737317411376, 55.683545168348275, 0.0 ], [ 12.606835238731604, 55.683538691382807, 0.0 ], [ 12.606952923550828, 55.683667230955756, 0.0 ], [ 12.606919666620909, 55.683675942235318, 0.0 ], [ 12.607086775678528, 55.683869298248517, 0.0 ], [ 12.607595652031822, 55.683885350286729, 0.0 ], [ 12.607594095695099, 55.683913360910658, 0.0 ], [ 12.607654359425258, 55.683914465354064, 0.0 ], [ 12.607658321436025, 55.683886653710019, 0.0 ], [ 12.607703481168011, 55.68388793273656, 0.0 ], [ 12.60769942658772, 55.683916466458768, 0.0 ], [ 12.607761193270047, 55.68391833590357, 0.0 ], [ 12.607765287460387, 55.683891959071524, 0.0 ], [ 12.608889871947822, 55.683922709737907, 0.0 ], [ 12.608957134179672, 55.683899599161698, 0.0 ], [ 12.609639136695316, 55.683853088975852, 0.0 ], [ 12.609787383319794, 55.68380898073049, 0.0 ], [ 12.6098275176589, 55.68333815141601, 0.0 ], [ 12.609777416072715, 55.683324699733092, 0.0 ], [ 12.609846481309949, 55.683319429481728, 0.0 ], [ 12.609852943831928, 55.6833049420853, 0.0 ], [ 12.609831848201742, 55.683262581743755, 0.0 ], [ 12.609843557631695, 55.683058210423397, 0.0 ], [ 12.609831109737264, 55.68294222145569, 0.0 ], [ 12.609865343474903, 55.682833670318892, 0.0 ], [ 12.609832399262912, 55.682812969633709, 0.0 ], [ 12.609826180304335, 55.682754165729442, 0.0 ], [ 12.609845518461594, 55.682637690614939, 0.0 ], [ 12.609827547387068, 55.682577434294387, 0.0 ], [ 12.609885859239096, 55.682483190815063, 0.0 ], [ 12.609851921999347, 55.682344725241933, 0.0 ], [ 12.609874798118467, 55.682187232729575, 0.0 ], [ 12.609897777467081, 55.682134403103888, 0.0 ], [ 12.6098965577334, 55.682062503661584, 0.0 ], [ 12.609828625521679, 55.681848787401407, 0.0 ], [ 12.609853252603667, 55.681739619859762, 0.0 ], [ 12.609848592329829, 55.681621783077048, 0.0 ], [ 12.609811057773305, 55.681553020850394, 0.0 ], [ 12.609793807439411, 55.681472961087387, 0.0 ], [ 12.60979606257505, 55.681428384699466, 0.0 ], [ 12.609840494232174, 55.681356220348249, 0.0 ], [ 12.609812014151251, 55.681216515080799, 0.0 ], [ 12.609785353251905, 55.681177645587603, 0.0 ], [ 12.60978986291032, 55.681071228341821, 0.0 ], [ 12.609756755244, 55.681012496650062, 0.0 ], [ 12.609731163719919, 55.680911011908215, 0.0 ], [ 12.60973776063341, 55.680823775924928, 0.0 ], [ 12.609657792847914, 55.680567522447895, 0.0 ], [ 12.609637951619614, 55.680454178917238, 0.0 ], [ 12.609656248626239, 55.680307431677512, 0.0 ], [ 12.609613342230652, 55.680116537438458, 0.0 ], [ 12.609579852955202, 55.680029492397516, 0.0 ], [ 12.609526496712542, 55.679999681272733, 0.0 ], [ 12.609409614745676, 55.679651987463679, 0.0 ], [ 12.609385962129036, 55.67952490853876, 0.0 ], [ 12.609348282118326, 55.679471796421424, 0.0 ], [ 12.609263579055236, 55.679238341760531, 0.0 ], [ 12.609197900465173, 55.679176702154606, 0.0 ], [ 12.609127107852981, 55.678968105253396, 0.0 ], [ 12.608990713921244, 55.678767733549428, 0.0 ], [ 12.608926789629514, 55.678619809682083, 0.0 ], [ 12.608858125462834, 55.678572375100778, 0.0 ], [ 12.608798317026769, 55.678453553770495, 0.0 ], [ 12.608525551008885, 55.678125463635261, 0.0 ], [ 12.608512173528469, 55.678078739684736, 0.0 ], [ 12.608464200231461, 55.678031325407481, 0.0 ], [ 12.60845482682225, 55.677990058603115, 0.0 ], [ 12.608379409763666, 55.677871067011537, 0.0 ], [ 12.608250037762904, 55.677707085035102, 0.0 ], [ 12.608136210908526, 55.677594349011692, 0.0 ], [ 12.608046151300705, 55.677537472667282, 0.0 ], [ 12.608005157807547, 55.677443184793056, 0.0 ], [ 12.607936807546805, 55.677402574358837, 0.0 ], [ 12.607738472816388, 55.677111856895465, 0.0 ], [ 12.60761971745397, 55.6770198569371, 0.0 ], [ 12.607487197265069, 55.676861362013106, 0.0 ], [ 12.607346811765664, 55.676785014704109, 0.0 ], [ 12.607265512992553, 55.676690203957278, 0.0 ], [ 12.607118749583181, 55.676603343663707, 0.0 ], [ 12.607003794989177, 55.676497293869993, 0.0 ], [ 12.606726482864483, 55.676299177071165, 0.0 ], [ 12.606383330175332, 55.676087620112582, 0.0 ], [ 12.606270175579166, 55.675988980022517, 0.0 ], [ 12.606082571374436, 55.675897475030645, 0.0 ], [ 12.605950294387863, 55.675788157179632, 0.0 ], [ 12.605505146827509, 55.675528163776249, 0.0 ], [ 12.60521614220781, 55.675311774348238, 0.0 ], [ 12.605137087425492, 55.675282717086219, 0.0 ], [ 12.604852899949481, 55.675087496035033, 0.0 ], [ 12.604760849478136, 55.675043444467001, 0.0 ], [ 12.604726015696958, 55.6750021167068, 0.0 ], [ 12.604536381595599, 55.674910938904681, 0.0 ], [ 12.604286235786264, 55.674744928639562, 0.0 ], [ 12.603954178662717, 55.674615584769626, 0.0 ], [ 12.603661807813824, 55.674550894327723, 0.0 ], [ 12.603082619626363, 55.674492204374332, 0.0 ], [ 12.602515351046035, 55.674530184074783, 0.0 ], [ 12.602484225250139, 55.674484160902075, 0.0 ], [ 12.602460772009209, 55.674485209677165, 0.0 ], [ 12.602472097689834, 55.674521833612545, 0.0 ], [ 12.602440526724198, 55.674552254648226, 0.0 ], [ 12.602126249448849, 55.674636840295285, 0.0 ], [ 12.601954027668761, 55.674729660779107, 0.0 ], [ 12.60192003932513, 55.67477013369264, 0.0 ], [ 12.601804497010177, 55.674837370409769, 0.0 ], [ 12.601227669352509, 55.676390758875421, 0.0 ], [ 12.601275945208531, 55.676477911105103, 0.0 ], [ 12.601320506177384, 55.676505646100011, 0.0 ], [ 12.601335831294174, 55.676492337569101, 0.0 ], [ 12.601317359650126, 55.676518147330597, 0.0 ], [ 12.601329856393392, 55.676531178201458, 0.0 ], [ 12.601489622981397, 55.676520820594291, 0.0 ], [ 12.601496279296642, 55.676506687643467, 0.0 ], [ 12.602099043164689, 55.674868641423728, 0.0 ], [ 12.602147546230656, 55.674851031045755, 0.0 ], [ 12.603821569619264, 55.674843111232832, 0.0 ], [ 12.606373738773483, 55.676531113531844, 0.0 ], [ 12.606746876005511, 55.677035284561263, 0.0 ], [ 12.606780795246117, 55.677026913428662, 0.0 ], [ 12.607245391736765, 55.677675590306521, 0.0 ], [ 12.607217532101521, 55.677696192130597, 0.0 ], [ 12.60285528656018, 55.678831271250267, 0.0 ], [ 12.602806245724887, 55.678855191957545, 0.0 ], [ 12.602729289251682, 55.678864556727099, 0.0 ], [ 12.602743096271258, 55.678879707026105, 0.0 ], [ 12.602591596729409, 55.678921204940615, 0.0 ], [ 12.602485802661443, 55.67893366480213, 0.0 ], [ 12.602337108027527, 55.678901885965551, 0.0 ], [ 12.601687083961801, 55.679077170414978, 0.0 ], [ 12.60166425049057, 55.679110931274707, 0.0 ], [ 12.60072706748052, 55.679354710796616, 0.0 ], [ 12.600560293525273, 55.67931150149969, 0.0 ], [ 12.600013913727683, 55.678682736168838, 0.0 ], [ 12.600054254244078, 55.67867148085076, 0.0 ], [ 12.599489176848294, 55.678033011629324, 0.0 ], [ 12.599462248392765, 55.678032633193091, 0.0 ], [ 12.599193802852799, 55.678157407815256, 0.0 ], [ 12.599309901803281, 55.67819473308041, 0.0 ], [ 12.600437779712303, 55.679512470884561, 0.0 ], [ 12.600338444729863, 55.679641903476956, 0.0 ], [ 12.597956009880972, 55.680227787930413, 0.0 ], [ 12.597817303037965, 55.680048423578, 0.0 ], [ 12.596758870523912, 55.678898572228846, 0.0 ], [ 12.597814982372554, 55.678537496539207, 0.0 ], [ 12.597695460920573, 55.678424828428106, 0.0 ], [ 12.597989463785041, 55.67834084973726, 0.0 ], [ 12.597980395064841, 55.678332213885568, 0.0 ], [ 12.598845841264833, 55.678038677627306, 0.0 ], [ 12.598888007274509, 55.678078443001574, 0.0 ], [ 12.598935081188037, 55.678066001307023, 0.0 ], [ 12.599445725050819, 55.677832149622098, 0.0 ], [ 12.600257983989708, 55.677567859385292, 0.0 ], [ 12.600982288172208, 55.677311092253362, 0.0 ], [ 12.601052296778885, 55.677269471864207, 0.0 ], [ 12.601108708263322, 55.67718383083109, 0.0 ], [ 12.601106583998101, 55.676731690987673, 0.0 ], [ 12.601082344769358, 55.676660197994103, 0.0 ], [ 12.6010108286141, 55.67661275305003, 0.0 ], [ 12.600930358225437, 55.676630582412876, 0.0 ], [ 12.600901334349782, 55.676766582917026, 0.0 ], [ 12.60085939491673, 55.676883270468757, 0.0 ], [ 12.600825865251831, 55.676921841255442, 0.0 ], [ 12.599032390449404, 55.677512931751437, 0.0 ], [ 12.596232958140339, 55.675635200985042, 0.0 ], [ 12.594054520494264, 55.674319183809516, 0.0 ], [ 12.594056508540604, 55.674294038220246, 0.0 ], [ 12.592669293908578, 55.673459695592641, 0.0 ], [ 12.592658069342006, 55.673465689369813, 0.0 ], [ 12.592586362287616, 55.673422921105612, 0.0 ], [ 12.591346476199588, 55.672632893289183, 0.0 ], [ 12.589385122899658, 55.671473551036669, 0.0 ], [ 12.5875547968497, 55.67034163670084, 0.0 ], [ 12.586255221061394, 55.671020595962659, 0.0 ], [ 12.586254248796978, 55.671049937811958, 0.0 ], [ 12.585677282020761, 55.671349966149393, 0.0 ], [ 12.585405057019912, 55.671376090787149, 0.0 ], [ 12.584876342132393, 55.671638466998942, 0.0 ], [ 12.584857475107917, 55.671628767956676, 0.0 ], [ 12.583551251229368, 55.672335136670945, 0.0 ], [ 12.579881660795143, 55.670000787174025, 0.0 ], [ 12.579817458860285, 55.67001030483096, 0.0 ] ] ], [ [ [ 12.583924900596259, 55.672566994603748, 0.0 ], [ 12.58517007126129, 55.671890641606439, 0.0 ], [ 12.58745742269261, 55.670701102681491, 0.0 ], [ 12.587516129614611, 55.670685447504546, 0.0 ], [ 12.587595099893713, 55.670689520938012, 0.0 ], [ 12.589759437987587, 55.67198313052279, 0.0 ], [ 12.589749901342877, 55.671988445183615, 0.0 ], [ 12.590649003988675, 55.672553871420753, 0.0 ], [ 12.592110752872587, 55.673391537221001, 0.0 ], [ 12.593750160737347, 55.67438196643198, 0.0 ], [ 12.59395311844415, 55.674594340020342, 0.0 ], [ 12.592334617428314, 55.675788233346879, 0.0 ], [ 12.592347607111378, 55.675792798292875, 0.0 ], [ 12.591677348270577, 55.676297275047901, 0.0 ], [ 12.591625772844276, 55.676309216382222, 0.0 ], [ 12.591197703199731, 55.676189304769487, 0.0 ], [ 12.589712681819027, 55.675615949429819, 0.0 ], [ 12.589456863933201, 55.675472465571978, 0.0 ], [ 12.589483660696432, 55.67540720952087, 0.0 ], [ 12.590506451447025, 55.67485834282931, 0.0 ], [ 12.590099425680574, 55.674603293277066, 0.0 ], [ 12.58980051949017, 55.674763827543003, 0.0 ], [ 12.589883623279116, 55.674814626165272, 0.0 ], [ 12.589066405149518, 55.675254063947968, 0.0 ], [ 12.58780385359397, 55.674558628869235, 0.0 ], [ 12.58742680935517, 55.674373549166184, 0.0 ], [ 12.58738612049002, 55.674217742060321, 0.0 ], [ 12.586083405410134, 55.673590364587753, 0.0 ], [ 12.586301622401598, 55.673479946339533, 0.0 ], [ 12.586197787031059, 55.673430291290508, 0.0 ], [ 12.585979846324809, 55.673540251681366, 0.0 ], [ 12.585772912273159, 55.673440289988065, 0.0 ], [ 12.585583525301304, 55.673464171945398, 0.0 ], [ 12.584966325965997, 55.673177486493223, 0.0 ], [ 12.58522385968425, 55.673048116737071, 0.0 ], [ 12.585119717644977, 55.672998559696872, 0.0 ], [ 12.584861264602766, 55.673128315787373, 0.0 ], [ 12.584754083085201, 55.673078577554762, 0.0 ], [ 12.583924900596259, 55.672566994603748, 0.0 ] ] ], [ [ [ 12.586977992720664, 55.674150104799615, 0.0 ], [ 12.587057132531099, 55.67416811108491, 0.0 ], [ 12.587081622583124, 55.674194010461271, 0.0 ], [ 12.587069108776545, 55.674239785375896, 0.0 ], [ 12.587024419703337, 55.674266090114521, 0.0 ], [ 12.586977992720664, 55.674150104799615, 0.0 ] ] ], [ [ [ 12.591973381356173, 55.676367281813675, 0.0 ], [ 12.592021709040239, 55.676330348189211, 0.0 ], [ 12.59203741085374, 55.676336722007036, 0.0 ], [ 12.594090465209302, 55.674813042599162, 0.0 ], [ 12.594188296850829, 55.674809275619168, 0.0 ], [ 12.59459130056829, 55.675051391730698, 0.0 ], [ 12.596202965318417, 55.676181797571168, 0.0 ], [ 12.596237253557469, 55.676167034328074, 0.0 ], [ 12.598436011183662, 55.677710812644925, 0.0 ], [ 12.59844439950686, 55.677729359500283, 0.0 ], [ 12.598423203456244, 55.677822508009442, 0.0 ], [ 12.598403171283261, 55.677838292178492, 0.0 ], [ 12.596728850324913, 55.678384757927844, 0.0 ], [ 12.596645796793968, 55.678386654620226, 0.0 ], [ 12.595744488623296, 55.677991999683179, 0.0 ], [ 12.595727065707093, 55.67797209906788, 0.0 ], [ 12.595751292500745, 55.677943064213252, 0.0 ], [ 12.596593638727114, 55.677397999313946, 0.0 ], [ 12.596525653415359, 55.67737508598649, 0.0 ], [ 12.596450035642137, 55.677416328721428, 0.0 ], [ 12.596404985596079, 55.677400565532764, 0.0 ], [ 12.596378847423392, 55.677422642931553, 0.0 ], [ 12.596201757897783, 55.677357070937781, 0.0 ], [ 12.5960030304649, 55.677256885148637, 0.0 ], [ 12.595698434395807, 55.677442058591375, 0.0 ], [ 12.595837972075989, 55.677512868831002, 0.0 ], [ 12.59576234003949, 55.677564362277444, 0.0 ], [ 12.595594598884647, 55.677510474453364, 0.0 ], [ 12.595321450143201, 55.677686362278827, 0.0 ], [ 12.595430102191653, 55.677781277635887, 0.0 ], [ 12.595283894675809, 55.677854442501889, 0.0 ], [ 12.594273982283577, 55.677413596208062, 0.0 ], [ 12.594273166793384, 55.6773423146103, 0.0 ], [ 12.592945682738902, 55.676794232006721, 0.0 ], [ 12.591973381356173, 55.676367281813675, 0.0 ] ] ], [ [ [ 12.598470088307517, 55.680546840689438, 0.0 ], [ 12.600592050410873, 55.679963020329566, 0.0 ], [ 12.601573916995628, 55.681097285610463, 0.0 ], [ 12.599396629374581, 55.681678789777862, 0.0 ], [ 12.598470088307517, 55.680546840689438, 0.0 ] ] ], [ [ [ 12.599201511397361, 55.681893398453852, 0.0 ], [ 12.601688081379841, 55.681229350206017, 0.0 ], [ 12.602399956187217, 55.682052597288695, 0.0 ], [ 12.599896250386623, 55.682721118796387, 0.0 ], [ 12.599201511397361, 55.681893398453852, 0.0 ] ] ], [ [ [ 12.600250313958842, 55.682789762539684, 0.0 ], [ 12.602513800551932, 55.682184580672207, 0.0 ], [ 12.603601973379638, 55.683441954222893, 0.0 ], [ 12.601362607940363, 55.684062542314201, 0.0 ], [ 12.600964402248113, 55.683605939150915, 0.0 ], [ 12.601115119630006, 55.683564376631438, 0.0 ], [ 12.601092821556332, 55.683529603428546, 0.0 ], [ 12.601112006013668, 55.683511505861816, 0.0 ], [ 12.601436833970364, 55.683424905716883, 0.0 ], [ 12.601458426565083, 55.683448549641192, 0.0 ], [ 12.602404535187421, 55.683186610013699, 0.0 ], [ 12.602479832365216, 55.683129727230586, 0.0 ], [ 12.602495007262275, 55.683050782205427, 0.0 ], [ 12.602522641376449, 55.683043226433568, 0.0 ], [ 12.602507583419191, 55.683024875764261, 0.0 ], [ 12.602479213462718, 55.683033082583172, 0.0 ], [ 12.602328823883257, 55.682986516680174, 0.0 ], [ 12.602228858035639, 55.682991521492553, 0.0 ], [ 12.601286708418572, 55.683249746798687, 0.0 ], [ 12.601306895078109, 55.683275410252584, 0.0 ], [ 12.600989056342865, 55.683365311658427, 0.0 ], [ 12.600943431370796, 55.683362425291769, 0.0 ], [ 12.60091556197972, 55.683334559579883, 0.0 ], [ 12.600762664318811, 55.683376635481821, 0.0 ], [ 12.600250313958842, 55.682789762539684, 0.0 ] ] ], [ [ [ 12.600737934515115, 55.679562823645462, 0.0 ], [ 12.605736126438124, 55.678257339304963, 0.0 ], [ 12.605828873629514, 55.678371057055948, 0.0 ], [ 12.606559922337953, 55.678185993556603, 0.0 ], [ 12.606578166521233, 55.678225111249702, 0.0 ], [ 12.605862007243129, 55.67841288414786, 0.0 ], [ 12.605964554343991, 55.678541420015669, 0.0 ], [ 12.606726143515925, 55.678347544522673, 0.0 ], [ 12.606886950411852, 55.678545312114061, 0.0 ], [ 12.606834406114979, 55.678567449236851, 0.0 ], [ 12.606886986484199, 55.678633791457948, 0.0 ], [ 12.606949452944409, 55.678620893862018, 0.0 ], [ 12.607157703701404, 55.678879309669, 0.0 ], [ 12.60692962438713, 55.678960112522731, 0.0 ], [ 12.607370206064262, 55.679375526073862, 0.0 ], [ 12.607710304389208, 55.680271904766691, 0.0 ], [ 12.608147457672819, 55.681521776343999, 0.0 ], [ 12.607942795045053, 55.682903111337382, 0.0 ], [ 12.606617573006593, 55.683273358180983, 0.0 ], [ 12.606736384597907, 55.68342623286668, 0.0 ], [ 12.60667193685665, 55.683466074299382, 0.0 ], [ 12.606518347632797, 55.683504041539408, 0.0 ], [ 12.606442980721823, 55.683503110985605, 0.0 ], [ 12.606308271318902, 55.683343510056467, 0.0 ], [ 12.606276568721245, 55.683351815775261, 0.0 ], [ 12.605838100936886, 55.682837065157628, 0.0 ], [ 12.605216389160498, 55.683012703885126, 0.0 ], [ 12.605628394248587, 55.683487321578575, 0.0 ], [ 12.605590488051394, 55.683564777414134, 0.0 ], [ 12.604212499973883, 55.683739266787668, 0.0 ], [ 12.603671691622697, 55.683082477524415, 0.0 ], [ 12.603575605432368, 55.68298441221944, 0.0 ], [ 12.603552799020596, 55.682954509995376, 0.0 ], [ 12.603588455377412, 55.682944200496145, 0.0 ], [ 12.603036722298423, 55.682298160364461, 0.0 ], [ 12.603065602675143, 55.682288589623568, 0.0 ], [ 12.600737934515115, 55.679562823645462, 0.0 ] ] ], [ [ [ 12.601994936649552, 55.688998139572064, 0.0 ], [ 12.601994981755928, 55.688995170925445, 0.0 ], [ 12.603082681471449, 55.688995498980375, 0.0 ], [ 12.602235748447402, 55.689001316945685, 0.0 ], [ 12.601994936649552, 55.688998139572064, 0.0 ] ] ], [ [ [ 12.603827659298183, 55.688988804846339, 0.0 ], [ 12.603840009652506, 55.688963894043468, 0.0 ], [ 12.603859221060445, 55.688968544770013, 0.0 ], [ 12.603859956068883, 55.688992081924113, 0.0 ], [ 12.604383680189855, 55.688990627393039, 0.0 ], [ 12.605066466233561, 55.689285093806589, 0.0 ], [ 12.604383421517412, 55.688998188185721, 0.0 ], [ 12.603836315258629, 55.688996373417893, 0.0 ], [ 12.603827659298183, 55.688988804846339, 0.0 ] ] ], [ [ [ 12.60521059828633, 55.689349824501811, 0.0 ], [ 12.60523680810512, 55.689333677836061, 0.0 ], [ 12.605221993503521, 55.689350838286671, 0.0 ], [ 12.6052846899006, 55.689374801843712, 0.0 ], [ 12.606659082513072, 55.689552981717448, 0.0 ], [ 12.60733080404027, 55.689461199420329, 0.0 ], [ 12.607856838027249, 55.689263728580713, 0.0 ], [ 12.607894597437195, 55.689226110562601, 0.0 ], [ 12.607860805110224, 55.689265320331529, 0.0 ], [ 12.607332546930387, 55.689464565075461, 0.0 ], [ 12.606661541294105, 55.689558933978063, 0.0 ], [ 12.605276112045203, 55.689380179402569, 0.0 ], [ 12.60521059828633, 55.689349824501811, 0.0 ] ] ], [ [ [ 12.611636499889139, 55.703688888317217, 0.0 ], [ 12.611653511517721, 55.703636863788894, 0.0 ], [ 12.612060834427462, 55.703252244800964, 0.0 ], [ 12.612093822735375, 55.703262872899224, 0.0 ], [ 12.612112701986339, 55.703244872624346, 0.0 ], [ 12.612080165260334, 55.703233961475576, 0.0 ], [ 12.612864504605932, 55.70248683247754, 0.0 ], [ 12.613705370510448, 55.701646944421519, 0.0 ], [ 12.613755008284844, 55.70161374048903, 0.0 ], [ 12.613879463638828, 55.701590651048768, 0.0 ], [ 12.614006820348449, 55.701617920641368, 0.0 ], [ 12.614514066055561, 55.701951500263249, 0.0 ], [ 12.616087753106907, 55.70168445309514, 0.0 ], [ 12.616202463532565, 55.698739992135152, 0.0 ], [ 12.615959350249485, 55.69851795571369, 0.0 ], [ 12.615966102337161, 55.698496265942431, 0.0 ], [ 12.616045902102618, 55.69848627008809, 0.0 ], [ 12.616351785507394, 55.698741434148694, 0.0 ], [ 12.616205717593845, 55.701734117466387, 0.0 ], [ 12.614596104749742, 55.702005282113134, 0.0 ], [ 12.615331961303339, 55.703125478305644, 0.0 ], [ 12.614732378477401, 55.703714136504097, 0.0 ], [ 12.612809853163714, 55.703905207674183, 0.0 ], [ 12.613144217180581, 55.70458045240234, 0.0 ], [ 12.613289784342866, 55.704939167803239, 0.0 ], [ 12.613052889602884, 55.705379376210495, 0.0 ], [ 12.612948081284834, 55.705675599612363, 0.0 ], [ 12.61294172202739, 55.70574466494439, 0.0 ], [ 12.612892835856814, 55.70582226633028, 0.0 ], [ 12.61285757767328, 55.705956025398045, 0.0 ], [ 12.612794519406933, 55.706088804879009, 0.0 ], [ 12.61274267587631, 55.706294717897521, 0.0 ], [ 12.612690659435389, 55.706617710604554, 0.0 ], [ 12.612666901089669, 55.707074210095819, 0.0 ], [ 12.612685859978175, 55.707344937537442, 0.0 ], [ 12.612720526167241, 55.707544346137851, 0.0 ], [ 12.6127691807389, 55.70771933434758, 0.0 ], [ 12.612820277547321, 55.707731137427565, 0.0 ], [ 12.612845139208124, 55.707758909519576, 0.0 ], [ 12.612835512658853, 55.707785719175753, 0.0 ], [ 12.612798850223941, 55.707806041670857, 0.0 ], [ 12.61273040392375, 55.707809855964811, 0.0 ], [ 12.612681170299201, 55.707788916147109, 0.0 ], [ 12.612612132405891, 55.707508783411747, 0.0 ], [ 12.612567801731904, 55.707040981264001, 0.0 ], [ 12.612596709894104, 55.706635044492145, 0.0 ], [ 12.612560409641983, 55.706623075321829, 0.0 ], [ 12.612552212395666, 55.706599847864823, 0.0 ], [ 12.61258643503704, 55.706406592994121, 0.0 ], [ 12.612723867641591, 55.705973901075033, 0.0 ], [ 12.612852076121504, 55.705634456958535, 0.0 ], [ 12.61300948221985, 55.705381823750827, 0.0 ], [ 12.613243355936769, 55.704936489119419, 0.0 ], [ 12.613092116106699, 55.704585314133453, 0.0 ], [ 12.612758204512067, 55.703909786194025, 0.0 ], [ 12.612633809088219, 55.703921542792216, 0.0 ], [ 12.611764806976133, 55.70379364256619, 0.0 ], [ 12.61167748953012, 55.703755120668298, 0.0 ], [ 12.611636499889139, 55.703688888317217, 0.0 ] ] ], [ [ [ 12.663568759196282, 55.72066890298688, 0.0 ], [ 12.663861839891519, 55.719720028332077, 0.0 ], [ 12.6639199290919, 55.719658226356358, 0.0 ], [ 12.66515644761121, 55.719200910445579, 0.0 ], [ 12.665274155505459, 55.719182017271244, 0.0 ], [ 12.665394968007998, 55.71913677432336, 0.0 ], [ 12.665358654846182, 55.719104588555581, 0.0 ], [ 12.665499784326625, 55.719058558629328, 0.0 ], [ 12.665553262161112, 55.719073326360736, 0.0 ], [ 12.665559527402593, 55.719109557121286, 0.0 ], [ 12.664003034020048, 55.719695039740195, 0.0 ], [ 12.663961999531926, 55.719734841322314, 0.0 ], [ 12.663711587796303, 55.720542345384189, 0.0 ], [ 12.66399982017934, 55.720580136508062, 0.0 ], [ 12.664045845200212, 55.720435518039579, 0.0 ], [ 12.664305596154129, 55.720337749164422, 0.0 ], [ 12.664537873645052, 55.720361564063531, 0.0 ], [ 12.666377456448728, 55.719667173295029, 0.0 ], [ 12.66642878812849, 55.719535074016072, 0.0 ], [ 12.666679596146517, 55.719435498998259, 0.0 ], [ 12.667112544919018, 55.719496113419865, 0.0 ], [ 12.66713697160278, 55.719472903019927, 0.0 ], [ 12.667351453889765, 55.719498952965793, 0.0 ], [ 12.667468300817498, 55.719380900598829, 0.0 ], [ 12.667318915609529, 55.719347419715319, 0.0 ], [ 12.66599931414159, 55.719176894988479, 0.0 ], [ 12.665960399798021, 55.719159444229611, 0.0 ], [ 12.665963013548518, 55.719122768314136, 0.0 ], [ 12.666015487992086, 55.719106453196886, 0.0 ], [ 12.666287087387953, 55.719140239809619, 0.0 ], [ 12.66628345147873, 55.719157523365588, 0.0 ], [ 12.667345312666439, 55.719290879613943, 0.0 ], [ 12.667587750486085, 55.719353410631037, 0.0 ], [ 12.667794371943923, 55.719448484346806, 0.0 ], [ 12.667951845644012, 55.719569845386005, 0.0 ], [ 12.668089160640198, 55.719759879163362, 0.0 ], [ 12.668216780840941, 55.72046616928224, 0.0 ], [ 12.668212499176954, 55.720534277566671, 0.0 ], [ 12.668172043670905, 55.720668480323937, 0.0 ], [ 12.668035061225622, 55.72085718378721, 0.0 ], [ 12.667876048616483, 55.720982611917478, 0.0 ], [ 12.667179304130993, 55.721392798527162, 0.0 ], [ 12.666966939625693, 55.721476028664924, 0.0 ], [ 12.666091153132591, 55.721648953597899, 0.0 ], [ 12.665584927786981, 55.721671903033638, 0.0 ], [ 12.665085427564081, 55.721605178209508, 0.0 ], [ 12.664186463405585, 55.72133897902436, 0.0 ], [ 12.663992227195893, 55.72126726842491, 0.0 ], [ 12.663805014677941, 55.72116000889315, 0.0 ], [ 12.663657697834935, 55.721021164458605, 0.0 ], [ 12.663568759196282, 55.72066890298688, 0.0 ] ] ], [ [ [ 12.728951091607808, 55.703814010562269, 0.0 ], [ 12.729055043496285, 55.703376070389687, 0.0 ], [ 12.729157024084172, 55.703263173162476, 0.0 ], [ 12.729270407407638, 55.70321809105485, 0.0 ], [ 12.729507701229416, 55.703196577646644, 0.0 ], [ 12.731202144421919, 55.703322548851084, 0.0 ], [ 12.73348459476901, 55.702681805091913, 0.0 ], [ 12.733687024882871, 55.702690480031372, 0.0 ], [ 12.73380489560723, 55.702725828522098, 0.0 ], [ 12.733880572499407, 55.702766238280034, 0.0 ], [ 12.734223349113552, 55.703149037901234, 0.0 ], [ 12.7342543194136, 55.703224889675155, 0.0 ], [ 12.734246988679086, 55.703283203513855, 0.0 ], [ 12.734213901412762, 55.703338614701828, 0.0 ], [ 12.734080605199191, 55.703426931519296, 0.0 ], [ 12.731420884152566, 55.704166390247643, 0.0 ], [ 12.729234180213957, 55.704013845634151, 0.0 ], [ 12.729139135850316, 55.70399074767748, 0.0 ], [ 12.729035682033985, 55.703939579469477, 0.0 ], [ 12.728982344250953, 55.703889585151799, 0.0 ], [ 12.728951091607808, 55.703814010562269, 0.0 ] ] ] ] } },
{ "type": "Feature", "properties": { "id": "723", "afstemningsomraadenummer": 62, "afstemningsstedNavn": "Peder Lykke Skolen", "kommuneLokalId": 389103, "navn": "2. Peder Lykke", "opstillingskredsLokalId": 403565, "areaSquareMetres": 391396.87 }, "geometry": { "type": "Polygon", "coordinates": [ [ [ 12.594783281992994, 55.662748023849574, 0.0 ], [ 12.597092783761507, 55.661614470131589, 0.0 ], [ 12.597420385023453, 55.66143868671081, 0.0 ], [ 12.600336588849382, 55.65939508656998, 0.0 ], [ 12.597689023297113, 55.658116390604974, 0.0 ], [ 12.597002248951441, 55.657759694754276, 0.0 ], [ 12.595956031075007, 55.654956056174534, 0.0 ], [ 12.597212181275433, 55.654909847198773, 0.0 ], [ 12.597765322789922, 55.654859623684658, 0.0 ], [ 12.598353852814546, 55.654786058869931, 0.0 ], [ 12.599243962709076, 55.654612548153523, 0.0 ], [ 12.60102604108479, 55.656604877722678, 0.0 ], [ 12.602378252939832, 55.657725732351359, 0.0 ], [ 12.602812158230774, 55.658165183444886, 0.0 ], [ 12.60539174487378, 55.657094202768384, 0.0 ], [ 12.607263588435817, 55.658006214596, 0.0 ], [ 12.60772757319554, 55.658187864495083, 0.0 ], [ 12.607949439810142, 55.658146265910204, 0.0 ], [ 12.601765716697244, 55.663228706375087, 0.0 ], [ 12.601062439863707, 55.664026267499715, 0.0 ], [ 12.600533502596669, 55.664353283085347, 0.0 ], [ 12.598732942619446, 55.663811878053558, 0.0 ], [ 12.59545092105599, 55.663054939693922, 0.0 ], [ 12.595338604882876, 55.663086018684922, 0.0 ], [ 12.594783281992994, 55.662748023849574, 0.0 ] ] ] } },
{ "type": "Feature", "properties": { "id": "729", "afstemningsomraadenummer": 44, "afstemningsstedNavn": "Kirsebærhavens Skole", "kommuneLokalId": 389103, "navn": "8. Syd", "opstillingskredsLokalId": 403576, "areaSquareMetres": 996222.57 }, "geometry": { "type": "Polygon", "coordinates": [ [ [ 12.490475859593069, 55.646471027132797, 0.0 ], [ 12.490601267581384, 55.646400918515916, 0.0 ], [ 12.490735622707307, 55.646359867338305, 0.0 ], [ 12.490873951317772, 55.6462580999385, 0.0 ], [ 12.491114291102223, 55.646121686792064, 0.0 ], [ 12.491293630418177, 55.646043027928748, 0.0 ], [ 12.491587027805886, 55.645945384569409, 0.0 ], [ 12.491903295156821, 55.645874243373676, 0.0 ], [ 12.492194458925606, 55.64583187016612, 0.0 ], [ 12.49299737591282, 55.645769248754604, 0.0 ], [ 12.49335471392712, 55.645718333171097, 0.0 ], [ 12.493696608331279, 55.645640432536418, 0.0 ], [ 12.493912505374045, 55.645574214993779, 0.0 ], [ 12.494308209420009, 55.645409718746954, 0.0 ], [ 12.494673527654177, 55.645186203850415, 0.0 ], [ 12.496935261706858, 55.643491708133588, 0.0 ], [ 12.497212299070405, 55.643314402788555, 0.0 ], [ 12.497191142275891, 55.643123576283053, 0.0 ], [ 12.497204577576751, 55.643047843707905, 0.0 ], [ 12.497683805096166, 55.642800658073206, 0.0 ], [ 12.498663325071304, 55.642581720449563, 0.0 ], [ 12.499475020212589, 55.642165885959727, 0.0 ], [ 12.500036141357878, 55.641831921629191, 0.0 ], [ 12.500485347263231, 55.641619210286052, 0.0 ], [ 12.501010992114809, 55.642153940802558, 0.0 ], [ 12.501436023669827, 55.642672751249506, 0.0 ], [ 12.501519025334536, 55.642802825831524, 0.0 ], [ 12.501608480658097, 55.642896569877436, 0.0 ], [ 12.505459976674405, 55.647665934988773, 0.0 ], [ 12.507839546921424, 55.650647893896178, 0.0 ], [ 12.511531836432759, 55.655081940706211, 0.0 ], [ 12.501309249009958, 55.659011971190516, 0.0 ], [ 12.4988432337143, 55.659992231836803, 0.0 ], [ 12.497563426023493, 55.65974929401365, 0.0 ], [ 12.497161626705443, 55.659697276347231, 0.0 ], [ 12.496775482844065, 55.659669177897747, 0.0 ], [ 12.497249331325444, 55.659475290947206, 0.0 ], [ 12.497565057224575, 55.659110128816685, 0.0 ], [ 12.497790832890249, 55.658938242857126, 0.0 ], [ 12.497933857108713, 55.658863848153153, 0.0 ], [ 12.499072262855353, 55.658414242696885, 0.0 ], [ 12.499545998784528, 55.658185552351277, 0.0 ], [ 12.499697973605384, 55.658067201051857, 0.0 ], [ 12.499827289468069, 55.657908854638926, 0.0 ], [ 12.5003317135287, 55.656934244993309, 0.0 ], [ 12.500612700697474, 55.656317853001006, 0.0 ], [ 12.502548283826638, 55.652473700565302, 0.0 ], [ 12.502865324540975, 55.651715194249611, 0.0 ], [ 12.503123060541951, 55.65104586968215, 0.0 ], [ 12.500395515993409, 55.651353163468649, 0.0 ], [ 12.499078372438017, 55.651552796825385, 0.0 ], [ 12.497212811650417, 55.651904555077095, 0.0 ], [ 12.495759191996758, 55.652154082449556, 0.0 ], [ 12.49583514344714, 55.65192164308187, 0.0 ], [ 12.496098705981666, 55.651540887420602, 0.0 ], [ 12.497053274012773, 55.650583572907308, 0.0 ], [ 12.497433123499059, 55.650089529721534, 0.0 ], [ 12.497634347236925, 55.649805229947845, 0.0 ], [ 12.497786888118641, 55.649547405420726, 0.0 ], [ 12.498069471562843, 55.648924049551752, 0.0 ], [ 12.493936997791055, 55.647704151942513, 0.0 ], [ 12.49254124848313, 55.647218644213865, 0.0 ], [ 12.490475859593069, 55.646471027132797, 0.0 ] ] ] } },
{ "type": "Feature", "properties": { "id": "731", "afstemningsomraadenummer": 60, "afstemningsstedNavn": "Østerbrohuset", "kommuneLokalId": 389103, "navn": "1. Nordhavn", "opstillingskredsLokalId": 403564, "areaSquareMetres": 3543511.36 }, "geometry": { "type": "MultiPolygon", "coordinates": [ [ [ [ 12.596585263127777, 55.705070971794633, 0.0 ], [ 12.596728338694826, 55.703975705324687, 0.0 ], [ 12.59744556991769, 55.704052053669962, 0.0 ], [ 12.599383947618035, 55.705240201076066, 0.0 ], [ 12.599377978350716, 55.70529127016691, 0.0 ], [ 12.599426939766875, 55.705307637313133, 0.0 ], [ 12.599436808160133, 55.705338729322236, 0.0 ], [ 12.599408269986684, 55.705376433384608, 0.0 ], [ 12.599365030863185, 55.705384176337155, 0.0 ], [ 12.598540075766332, 55.7053125277777, 0.0 ], [ 12.596710055390405, 55.705124051232886, 0.0 ], [ 12.596650972552805, 55.705101505669063, 0.0 ], [ 12.596637731946601, 55.705075278030513, 0.0 ], [ 12.596585263127777, 55.705070971794633, 0.0 ] ] ], [ [ [ 12.599248504645431, 55.707898751904061, 0.0 ], [ 12.599237810924819, 55.706910500848821, 0.0 ], [ 12.602480228596304, 55.706231655638931, 0.0 ], [ 12.602934499209294, 55.706523047839653, 0.0 ], [ 12.602903492281735, 55.706558127703438, 0.0 ], [ 12.602971907691526, 55.70669054664544, 0.0 ], [ 12.603088473263812, 55.706726776879727, 0.0 ], [ 12.602496663679009, 55.707364328409092, 0.0 ], [ 12.600794089239891, 55.70774144295968, 0.0 ], [ 12.600691010024537, 55.707583604347612, 0.0 ], [ 12.599717210969045, 55.707805510211564, 0.0 ], [ 12.599724730604251, 55.707830107072375, 0.0 ], [ 12.599489980811665, 55.707883663528818, 0.0 ], [ 12.599260201272283, 55.707932397922072, 0.0 ], [ 12.599248504645431, 55.707898751904061, 0.0 ] ] ], [ [ [ 12.596854453079072, 55.703315961663165, 0.0 ], [ 12.596879382864069, 55.703284028884354, 0.0 ], [ 12.597768747140256, 55.703481662897985, 0.0 ], [ 12.600280459966097, 55.705194827653308, 0.0 ], [ 12.600348531123158, 55.705245791721474, 0.0 ], [ 12.600344416999711, 55.705291051634319, 0.0 ], [ 12.600298030209402, 55.705325143551761, 0.0 ], [ 12.600212316248646, 55.705352386984835, 0.0 ], [ 12.599830624771464, 55.705318000624835, 0.0 ], [ 12.597561019090293, 55.703930874336713, 0.0 ], [ 12.59651954497282, 55.703826448408066, 0.0 ], [ 12.596347781182763, 55.70504619362238, 0.0 ], [ 12.596176568377, 55.705032060721294, 0.0 ], [ 12.596155311155497, 55.705046801141137, 0.0 ], [ 12.5954141733372, 55.704972134853676, 0.0 ], [ 12.595360441716224, 55.70494889231778, 0.0 ], [ 12.595077938362758, 55.704921115253185, 0.0 ], [ 12.595236396439111, 55.703855882667852, 0.0 ], [ 12.595228301211089, 55.70374183357746, 0.0 ], [ 12.595064905308442, 55.703724322951182, 0.0 ], [ 12.595059071131763, 55.703744006253025, 0.0 ], [ 12.595010351418921, 55.703744085411614, 0.0 ], [ 12.594842343059295, 55.704899515959831, 0.0 ], [ 12.594750445581969, 55.704890699618787, 0.0 ], [ 12.594725176287852, 55.704905107770628, 0.0 ], [ 12.593800306952906, 55.704813426458969, 0.0 ], [ 12.593704417067775, 55.704783685406689, 0.0 ], [ 12.593409522374943, 55.70475446920355, 0.0 ], [ 12.593417629090974, 55.704710980967285, 0.0 ], [ 12.592568874855246, 55.704627850819172, 0.0 ], [ 12.592614437268908, 55.704782344868249, 0.0 ], [ 12.592558615829484, 55.704835143355091, 0.0 ], [ 12.592466754258576, 55.705159561678251, 0.0 ], [ 12.592382863217816, 55.705367931636424, 0.0 ], [ 12.592088602124937, 55.705983677855208, 0.0 ], [ 12.593932821041127, 55.706120284450115, 0.0 ], [ 12.594846108530142, 55.706246743423208, 0.0 ], [ 12.594836914509434, 55.706233345267663, 0.0 ], [ 12.594872853061247, 55.706210262011517, 0.0 ], [ 12.594936031260938, 55.706201127046761, 0.0 ], [ 12.595820726895814, 55.706302340428216, 0.0 ], [ 12.595903652184633, 55.706336506295358, 0.0 ], [ 12.595906616713147, 55.706365283216876, 0.0 ], [ 12.59707098311714, 55.706413059724582, 0.0 ], [ 12.597339332516583, 55.706439179347981, 0.0 ], [ 12.598678056048765, 55.706649345443878, 0.0 ], [ 12.598673471070981, 55.706442037830371, 0.0 ], [ 12.598960920658895, 55.70644034823394, 0.0 ], [ 12.598977327743555, 55.706943950368363, 0.0 ], [ 12.59894645208089, 55.706942428458881, 0.0 ], [ 12.598978143995625, 55.708335416212108, 0.0 ], [ 12.598850093784504, 55.708368216775867, 0.0 ], [ 12.599091108793369, 55.708804893613696, 0.0 ], [ 12.59928485172526, 55.709096479757626, 0.0 ], [ 12.599327640003224, 55.709327753671666, 0.0 ], [ 12.605328111654197, 55.708104436068183, 0.0 ], [ 12.605436589953769, 55.707961334027807, 0.0 ], [ 12.605525418083044, 55.70777438957424, 0.0 ], [ 12.605555276851618, 55.707666418629096, 0.0 ], [ 12.605533845506502, 55.70766543003316, 0.0 ], [ 12.60555533833546, 55.70750645127066, 0.0 ], [ 12.605624111608133, 55.70748545688452, 0.0 ], [ 12.605660668682317, 55.70749849956465, 0.0 ], [ 12.605673319133929, 55.707519977980347, 0.0 ], [ 12.605658008204955, 55.707666546099816, 0.0 ], [ 12.605597348872861, 55.707665002136082, 0.0 ], [ 12.605531772155009, 55.707864031688501, 0.0 ], [ 12.605430655423836, 55.708035151951655, 0.0 ], [ 12.605200919228206, 55.708277761215221, 0.0 ], [ 12.604898484977099, 55.708491934078694, 0.0 ], [ 12.604901878433219, 55.708573660433963, 0.0 ], [ 12.604869176716075, 55.708623177599591, 0.0 ], [ 12.603568741790788, 55.709538184762842, 0.0 ], [ 12.603277285312178, 55.709764529513748, 0.0 ], [ 12.595420304957294, 55.711366234637914, 0.0 ], [ 12.596271190337092, 55.712553123513665, 0.0 ], [ 12.597058902032876, 55.712391464291173, 0.0 ], [ 12.596986310012239, 55.711922689894678, 0.0 ], [ 12.599459852304641, 55.711423202794307, 0.0 ], [ 12.599757003919065, 55.71187594537011, 0.0 ], [ 12.610445224345954, 55.709696738410351, 0.0 ], [ 12.610278320048193, 55.709434591446268, 0.0 ], [ 12.610947192408219, 55.709298009028672, 0.0 ], [ 12.610960289453963, 55.709213908915657, 0.0 ], [ 12.611046670866914, 55.709121447074082, 0.0 ], [ 12.611006377196391, 55.709066254023156, 0.0 ], [ 12.610878040089629, 55.708987216506955, 0.0 ], [ 12.610884564701676, 55.708963016075813, 0.0 ], [ 12.61071822910302, 55.708929516919071, 0.0 ], [ 12.610750617206818, 55.708876680310198, 0.0 ], [ 12.611415386989393, 55.709016537014364, 0.0 ], [ 12.611463668555995, 55.709037505381723, 0.0 ], [ 12.611474789451965, 55.709063074640554, 0.0 ], [ 12.611454523034748, 55.709086780494943, 0.0 ], [ 12.611399298057222, 55.709100995034682, 0.0 ], [ 12.611344941907159, 55.709086679647413, 0.0 ], [ 12.611325263810778, 55.709058125220075, 0.0 ], [ 12.611317473040181, 55.709106551165043, 0.0 ], [ 12.611348175755712, 55.709204468249958, 0.0 ], [ 12.611613550226865, 55.709554982493586, 0.0 ], [ 12.611782218291571, 55.709710252069819, 0.0 ], [ 12.615675926182369, 55.711505157834836, 0.0 ], [ 12.615762835784155, 55.711570035517653, 0.0 ], [ 12.6158287292722, 55.711679772831602, 0.0 ], [ 12.615830323643038, 55.711772792144977, 0.0 ], [ 12.61579395781766, 55.711863513435198, 0.0 ], [ 12.615721407486113, 55.711947028692855, 0.0 ], [ 12.615669032230517, 55.711981752599392, 0.0 ], [ 12.615545956110109, 55.712040770327995, 0.0 ], [ 12.61540356366052, 55.712083812106719, 0.0 ], [ 12.614236687254161, 55.71232635973152, 0.0 ], [ 12.614225364840358, 55.712308979261628, 0.0 ], [ 12.605971022170653, 55.714007139981028, 0.0 ], [ 12.606305610056715, 55.714533130459806, 0.0 ], [ 12.610241908275837, 55.713719940793034, 0.0 ], [ 12.614484247759034, 55.712866133386008, 0.0 ], [ 12.616061775034833, 55.712529113456739, 0.0 ], [ 12.616895900583604, 55.712362090704318, 0.0 ], [ 12.616935624152591, 55.712412712916638, 0.0 ], [ 12.617708031079209, 55.712244896622053, 0.0 ], [ 12.63986052197194, 55.722384479596975, 0.0 ], [ 12.639840442399734, 55.722404947618173, 0.0 ], [ 12.634685776479495, 55.724178479640571, 0.0 ], [ 12.634644608155792, 55.724179519404181, 0.0 ], [ 12.634580659561831, 55.724218280922301, 0.0 ], [ 12.634486568770344, 55.724239591699579, 0.0 ], [ 12.632425116810415, 55.724953188083589, 0.0 ], [ 12.632485683192607, 55.724992847878724, 0.0 ], [ 12.632499922946154, 55.725026056227605, 0.0 ], [ 12.632481817798665, 55.725054107666878, 0.0 ], [ 12.632430698782821, 55.725076662308318, 0.0 ], [ 12.632103602461388, 55.725109275439017, 0.0 ], [ 12.630976327177358, 55.72517240488483, 0.0 ], [ 12.629791560270327, 55.725198109784237, 0.0 ], [ 12.628797888009871, 55.725176428814748, 0.0 ], [ 12.627309275305546, 55.725095639422264, 0.0 ], [ 12.625673106822045, 55.724933859056691, 0.0 ], [ 12.62449843347807, 55.724748803316004, 0.0 ], [ 12.62356879908182, 55.724582486444582, 0.0 ], [ 12.622100843455851, 55.724244574505889, 0.0 ], [ 12.621280206588718, 55.724026646182622, 0.0 ], [ 12.62088560263282, 55.723899816875551, 0.0 ], [ 12.620308950541276, 55.723641141589312, 0.0 ], [ 12.619950331754321, 55.72344176177959, 0.0 ], [ 12.6160265322386, 55.72070496770273, 0.0 ], [ 12.6159020784325, 55.720634002954974, 0.0 ], [ 12.611410189016352, 55.722325143271348, 0.0 ], [ 12.607526252506574, 55.723764719399831, 0.0 ], [ 12.60686361603619, 55.724026891802048, 0.0 ], [ 12.606241743314401, 55.724240565108801, 0.0 ], [ 12.604626815432042, 55.724862061631661, 0.0 ], [ 12.604523815956789, 55.724883700765716, 0.0 ], [ 12.604339815897205, 55.724856285923615, 0.0 ], [ 12.604309633685027, 55.724865894677933, 0.0 ], [ 12.603900077733249, 55.725120615555035, 0.0 ], [ 12.603422696970961, 55.725317171415846, 0.0 ], [ 12.603221948850281, 55.725365598502876, 0.0 ], [ 12.603045550631871, 55.725344612424223, 0.0 ], [ 12.602903962573713, 55.725359020919491, 0.0 ], [ 12.602808305327679, 55.725410206010331, 0.0 ], [ 12.602521061610952, 55.72565242846813, 0.0 ], [ 12.602399134360535, 55.725696921304539, 0.0 ], [ 12.602300718327379, 55.72569918137809, 0.0 ], [ 12.602249249924286, 55.725687024848, 0.0 ], [ 12.602188245899402, 55.72564574489536, 0.0 ], [ 12.60198482546687, 55.725039461733118, 0.0 ], [ 12.601991526152311, 55.72499115861109, 0.0 ], [ 12.602026158379601, 55.724950307988124, 0.0 ], [ 12.602127356602924, 55.72491775380027, 0.0 ], [ 12.602155772376397, 55.72488724643673, 0.0 ], [ 12.602196946401971, 55.724898356446815, 0.0 ], [ 12.602184755407114, 55.724935491040831, 0.0 ], [ 12.60225219774243, 55.724953293055854, 0.0 ], [ 12.602299408952854, 55.724988413868111, 0.0 ], [ 12.602414847593415, 55.725229602949035, 0.0 ], [ 12.602464187364703, 55.725253241554427, 0.0 ], [ 12.602525255110379, 55.725250279575874, 0.0 ], [ 12.604434413052612, 55.724537982534038, 0.0 ], [ 12.604724538338584, 55.72451030634101, 0.0 ], [ 12.606452017622129, 55.723862121072735, 0.0 ], [ 12.606520489440397, 55.723818565932476, 0.0 ], [ 12.60641129947315, 55.723631507566942, 0.0 ], [ 12.606424901222624, 55.723583810522967, 0.0 ], [ 12.606139560249868, 55.723200511788249, 0.0 ], [ 12.606084737395987, 55.723200324759418, 0.0 ], [ 12.606012848352265, 55.723130862404005, 0.0 ], [ 12.605957774147264, 55.723122769863629, 0.0 ], [ 12.601960252698419, 55.723948302510856, 0.0 ], [ 12.60193465075322, 55.723967847092034, 0.0 ], [ 12.601936932913828, 55.723983965428353, 0.0 ], [ 12.602010471901, 55.72420795158844, 0.0 ], [ 12.602050124694555, 55.724271708635399, 0.0 ], [ 12.602594835350253, 55.724551547704031, 0.0 ], [ 12.602630480172394, 55.724587367679518, 0.0 ], [ 12.602636148412257, 55.724643670090295, 0.0 ], [ 12.602560843876576, 55.724697854140452, 0.0 ], [ 12.60245181205519, 55.724721467015755, 0.0 ], [ 12.602366415886774, 55.724711115979282, 0.0 ], [ 12.602320211547028, 55.724750867772201, 0.0 ], [ 12.602281897748416, 55.724739673829269, 0.0 ], [ 12.602302464085199, 55.724698336906414, 0.0 ], [ 12.602292603455059, 55.724691612769625, 0.0 ], [ 12.601706991455222, 55.724396697794155, 0.0 ], [ 12.601654088859044, 55.724313637437632, 0.0 ], [ 12.601474582397529, 55.723823185975881, 0.0 ], [ 12.601249023691851, 55.723655904364328, 0.0 ], [ 12.601199834968252, 55.723588920157681, 0.0 ], [ 12.601181529913939, 55.723430031932942, 0.0 ], [ 12.601256290729967, 55.72298957476346, 0.0 ], [ 12.60101956371539, 55.72241052411448, 0.0 ], [ 12.60076371896626, 55.721840036913939, 0.0 ], [ 12.600508005702112, 55.721167128235749, 0.0 ], [ 12.600339233690153, 55.720801526933563, 0.0 ], [ 12.600315902719412, 55.720714271304729, 0.0 ], [ 12.600358843615398, 55.720637389718817, 0.0 ], [ 12.600292667529551, 55.720527742841362, 0.0 ], [ 12.604780867933943, 55.71961258109647, 0.0 ], [ 12.603972612856529, 55.718348422176696, 0.0 ], [ 12.601056026952257, 55.718941656121402, 0.0 ], [ 12.60093741331255, 55.718753880916637, 0.0 ], [ 12.598684515549035, 55.719218504341022, 0.0 ], [ 12.59860197817736, 55.719091982307432, 0.0 ], [ 12.59830128076154, 55.719123821155179, 0.0 ], [ 12.59615757867561, 55.719582856700775, 0.0 ], [ 12.595876007839813, 55.719626987189606, 0.0 ], [ 12.595691295541627, 55.719691926841328, 0.0 ], [ 12.595697641708018, 55.719705498352809, 0.0 ], [ 12.595680748688915, 55.719721009817185, 0.0 ], [ 12.595646365609076, 55.71972129816524, 0.0 ], [ 12.595635163072519, 55.719693032454792, 0.0 ], [ 12.595774798782941, 55.719567550219615, 0.0 ], [ 12.595552072003066, 55.719328331069846, 0.0 ], [ 12.595760743732976, 55.719265836523334, 0.0 ], [ 12.594045749059188, 55.717431581471956, 0.0 ], [ 12.593846222616341, 55.717487780793718, 0.0 ], [ 12.593564398575177, 55.717152997951914, 0.0 ], [ 12.593777327698083, 55.717102251144802, 0.0 ], [ 12.590579115054091, 55.712630209831325, 0.0 ], [ 12.59007936395202, 55.712603024152983, 0.0 ], [ 12.590058532185608, 55.712572162425644, 0.0 ], [ 12.590050139938354, 55.71217200227894, 0.0 ], [ 12.590875368712576, 55.712165473108733, 0.0 ], [ 12.591206900493003, 55.711842133290411, 0.0 ], [ 12.591167202346227, 55.711827829494432, 0.0 ], [ 12.592642075423685, 55.710385875539899, 0.0 ], [ 12.59269811228952, 55.71038387470486, 0.0 ], [ 12.591754654283028, 55.710080783066559, 0.0 ], [ 12.591767238266247, 55.709968106673465, 0.0 ], [ 12.591668663875957, 55.709937003778897, 0.0 ], [ 12.591234877952683, 55.710809772067414, 0.0 ], [ 12.590241825096086, 55.710660352259971, 0.0 ], [ 12.590246128383093, 55.710637836677193, 0.0 ], [ 12.590069073044255, 55.710595002146967, 0.0 ], [ 12.590025955568121, 55.710689149524228, 0.0 ], [ 12.588530569108121, 55.712158645768248, 0.0 ], [ 12.588576483892352, 55.712174746752304, 0.0 ], [ 12.588348871250991, 55.712391543584729, 0.0 ], [ 12.589854141160266, 55.714483330201723, 0.0 ], [ 12.589751804548348, 55.714593507243336, 0.0 ], [ 12.58983536634565, 55.714707326256836, 0.0 ], [ 12.589411680663881, 55.714808023153495, 0.0 ], [ 12.588838173549002, 55.714638761293465, 0.0 ], [ 12.588529812127057, 55.714697866148683, 0.0 ], [ 12.588501265688478, 55.714688810180725, 0.0 ], [ 12.588443820333213, 55.714607855768627, 0.0 ], [ 12.58838419011925, 55.714615894261797, 0.0 ], [ 12.586931440858601, 55.712576685793486, 0.0 ], [ 12.587305534260311, 55.712090170118181, 0.0 ], [ 12.588295083483372, 55.711000194969827, 0.0 ], [ 12.588897383191172, 55.710406200019058, 0.0 ], [ 12.589100180431405, 55.710170795539398, 0.0 ], [ 12.589319581894641, 55.709873400796162, 0.0 ], [ 12.58961129372266, 55.709425164918187, 0.0 ], [ 12.589794086235536, 55.709095121114849, 0.0 ], [ 12.589297072083598, 55.709033054514038, 0.0 ], [ 12.589131930211911, 55.708994995499502, 0.0 ], [ 12.587036709785028, 55.708081748569974, 0.0 ], [ 12.586613292845607, 55.707978045135626, 0.0 ], [ 12.583565396649064, 55.707989434321171, 0.0 ], [ 12.577409490574377, 55.707952144600618, 0.0 ], [ 12.577408530428229, 55.70611722019656, 0.0 ], [ 12.577428719155961, 55.704986993994652, 0.0 ], [ 12.577566658167806, 55.704987376928734, 0.0 ], [ 12.58139082013105, 55.705426799135367, 0.0 ], [ 12.586528223857163, 55.705935704398335, 0.0 ], [ 12.58612301187666, 55.706750969966279, 0.0 ], [ 12.591010613946413, 55.707306467715398, 0.0 ], [ 12.591271925913439, 55.706775583022619, 0.0 ], [ 12.591888071533903, 55.704499063823953, 0.0 ], [ 12.592107989819169, 55.703679042502181, 0.0 ], [ 12.592214603431065, 55.702837341618199, 0.0 ], [ 12.596854453079072, 55.703315961663165, 0.0 ] ] ] ] } },
{ "type": "Feature", "properties": { "id": "732", "afstemningsomraadenummer": 65, "afstemningsstedNavn": "Nordøstamager Skole", "kommuneLokalId": 389103, "navn": "4. Nordøst", "opstillingskredsLokalId": 403566, "areaSquareMetres": 4134609.69 }, "geometry": { "type": "Polygon", "coordinates": [ [ [ 12.604526240793431, 55.67170166564474, 0.0 ], [ 12.605401875973262, 55.671626283695865, 0.0 ], [ 12.605683879663506, 55.671531937896766, 0.0 ], [ 12.607608192216761, 55.669903991925217, 0.0 ], [ 12.60811876345006, 55.669372291024921, 0.0 ], [ 12.608976522025838, 55.669483361726016, 0.0 ], [ 12.609730865874884, 55.669535696839532, 0.0 ], [ 12.610361017996835, 55.669552479816353, 0.0 ], [ 12.611206588306798, 55.66955023592471, 0.0 ], [ 12.611922417677972, 55.669504061385716, 0.0 ], [ 12.618257106539446, 55.6688835877234, 0.0 ], [ 12.61822711771592, 55.66878286362833, 0.0 ], [ 12.618190639381908, 55.668741048554573, 0.0 ], [ 12.618074204626508, 55.668675876145436, 0.0 ], [ 12.617993637158891, 55.668654515033047, 0.0 ], [ 12.611659329108425, 55.667286217554775, 0.0 ], [ 12.612375205180419, 55.666276821551328, 0.0 ], [ 12.611914317822032, 55.666178361675108, 0.0 ], [ 12.613299960911815, 55.664429779021226, 0.0 ], [ 12.615043395885975, 55.662146846505074, 0.0 ], [ 12.617963040676672, 55.662714158482558, 0.0 ], [ 12.618234491256789, 55.662785545845189, 0.0 ], [ 12.618630459536371, 55.662921955718069, 0.0 ], [ 12.619350718631557, 55.663073158498364, 0.0 ], [ 12.620206712293793, 55.663235095602623, 0.0 ], [ 12.620230285700249, 55.663194115404806, 0.0 ], [ 12.622933455780004, 55.663725621356157, 0.0 ], [ 12.624662463792811, 55.661507980836838, 0.0 ], [ 12.626526250505249, 55.661528389882797, 0.0 ], [ 12.626755247716728, 55.661544904334548, 0.0 ], [ 12.627332465986296, 55.661613159662458, 0.0 ], [ 12.628987103718055, 55.661889607816669, 0.0 ], [ 12.631747341905129, 55.662233275381077, 0.0 ], [ 12.63200856434978, 55.662293605632819, 0.0 ], [ 12.634010628463733, 55.66287980876465, 0.0 ], [ 12.635432274011446, 55.663297958485003, 0.0 ], [ 12.635563543669681, 55.663353143118442, 0.0 ], [ 12.635526558184722, 55.663401987661715, 0.0 ], [ 12.635202745535006, 55.664141473257764, 0.0 ], [ 12.635160942058175, 55.664270399653269, 0.0 ], [ 12.635169468317883, 55.664293705930092, 0.0 ], [ 12.635030735870393, 55.664662086696019, 0.0 ], [ 12.634995390128124, 55.664721762771286, 0.0 ], [ 12.634948641104767, 55.664745988697831, 0.0 ], [ 12.634909212251051, 55.664723958387157, 0.0 ], [ 12.634857807885497, 55.664735733479155, 0.0 ], [ 12.635038245356736, 55.664323044496506, 0.0 ], [ 12.632750526971337, 55.663656031460164, 0.0 ], [ 12.632713494420303, 55.66366324344385, 0.0 ], [ 12.63242469923806, 55.663986701554023, 0.0 ], [ 12.632527170060575, 55.664017834857383, 0.0 ], [ 12.632410198775284, 55.66400187812426, 0.0 ], [ 12.632389595047703, 55.66403872645639, 0.0 ], [ 12.632495826055148, 55.664062374916654, 0.0 ], [ 12.632385956511659, 55.664056098940392, 0.0 ], [ 12.632302533580425, 55.664441360910772, 0.0 ], [ 12.632320990135504, 55.664453402866286, 0.0 ], [ 12.632316648511109, 55.664475202266672, 0.0 ], [ 12.632292998870749, 55.664484355497223, 0.0 ], [ 12.632254934045113, 55.664658849401853, 0.0 ], [ 12.632206080665599, 55.664679270039962, 0.0 ], [ 12.630613294601673, 55.664534472875083, 0.0 ], [ 12.630558510032253, 55.664679697751545, 0.0 ], [ 12.631216960413452, 55.664738156375989, 0.0 ], [ 12.63135290302616, 55.664735658204357, 0.0 ], [ 12.631294293963984, 55.664741800392534, 0.0 ], [ 12.631287099742288, 55.664796325247138, 0.0 ], [ 12.631403148779633, 55.664805746232531, 0.0 ], [ 12.631400753979388, 55.66482281207513, 0.0 ], [ 12.633501080939901, 55.665029888408768, 0.0 ], [ 12.634409844529692, 55.665289615478521, 0.0 ], [ 12.634696117646186, 55.665050482661997, 0.0 ], [ 12.63478284016646, 55.664910153565714, 0.0 ], [ 12.634848115577805, 55.664919278325009, 0.0 ], [ 12.634883213946422, 55.66490492943943, 0.0 ], [ 12.634905935511052, 55.664980058494073, 0.0 ], [ 12.634886977345626, 55.665020904890575, 0.0 ], [ 12.634788033082486, 55.665127246902827, 0.0 ], [ 12.63431766111183, 55.665501412900461, 0.0 ], [ 12.634254394664877, 55.665577382736302, 0.0 ], [ 12.634225237043005, 55.665576898318015, 0.0 ], [ 12.634225752389137, 55.66560988376029, 0.0 ], [ 12.634133182633761, 55.665644369802258, 0.0 ], [ 12.633977322307423, 55.665824874005935, 0.0 ], [ 12.633989411180652, 55.665855717966558, 0.0 ], [ 12.633977491100623, 55.66589527652372, 0.0 ], [ 12.63386273152461, 55.666064401214996, 0.0 ], [ 12.633894652381302, 55.666092948839797, 0.0 ], [ 12.63384307074047, 55.666154274755264, 0.0 ], [ 12.633767140295973, 55.666165787224536, 0.0 ], [ 12.633651923209312, 55.666324854186591, 0.0 ], [ 12.633494626402671, 55.666467633786255, 0.0 ], [ 12.633442398164831, 55.666487705314239, 0.0 ], [ 12.633480420886599, 55.666497998240509, 0.0 ], [ 12.633373614408566, 55.666620847551748, 0.0 ], [ 12.633445944509569, 55.666640824193877, 0.0 ], [ 12.63340127745612, 55.666696100149011, 0.0 ], [ 12.633325882936033, 55.66667567477954, 0.0 ], [ 12.63308910140492, 55.666928893534291, 0.0 ], [ 12.633008861506241, 55.666984863856364, 0.0 ], [ 12.632960143889679, 55.667039360467811, 0.0 ], [ 12.633010014464546, 55.667053888372216, 0.0 ], [ 12.632872571034735, 55.667215231724768, 0.0 ], [ 12.632845487082914, 55.66722682472966, 0.0 ], [ 12.632824859084231, 55.667258278613062, 0.0 ], [ 12.632846133217559, 55.667264661966882, 0.0 ], [ 12.632750231544984, 55.667378195501875, 0.0 ], [ 12.632734133579932, 55.667374446274131, 0.0 ], [ 12.632612432388239, 55.667501422923202, 0.0 ], [ 12.632631502055279, 55.667508051476851, 0.0 ], [ 12.632622398755517, 55.667535117421522, 0.0 ], [ 12.632451139250531, 55.667680107660111, 0.0 ], [ 12.632383143857751, 55.667766917012628, 0.0 ], [ 12.632214915574624, 55.667929171658855, 0.0 ], [ 12.632173413422672, 55.667931120627316, 0.0 ], [ 12.63207698620915, 55.668033878727094, 0.0 ], [ 12.632117556979098, 55.668044186523296, 0.0 ], [ 12.632095050306532, 55.668072548720232, 0.0 ], [ 12.632078677019212, 55.668067548678302, 0.0 ], [ 12.632024761970907, 55.668124356934506, 0.0 ], [ 12.632007628636741, 55.668119739080574, 0.0 ], [ 12.631970768784713, 55.668166600420832, 0.0 ], [ 12.631918317517712, 55.668172290636825, 0.0 ], [ 12.631948756497124, 55.668190002335145, 0.0 ], [ 12.63165354144825, 55.668518413809323, 0.0 ], [ 12.63163582310294, 55.668881496502785, 0.0 ], [ 12.631649045056328, 55.669003486081394, 0.0 ], [ 12.631606176400664, 55.669059337453334, 0.0 ], [ 12.631585093668054, 55.66922487541536, 0.0 ], [ 12.631533915593842, 55.669302643637955, 0.0 ], [ 12.631526214557057, 55.669392881760849, 0.0 ], [ 12.631602282444932, 55.669432531253236, 0.0 ], [ 12.632205940766639, 55.669606088042073, 0.0 ], [ 12.630935589255712, 55.67050263449871, 0.0 ], [ 12.630777759733331, 55.670679415681775, 0.0 ], [ 12.631821298653003, 55.670764773636854, 0.0 ], [ 12.632739374098682, 55.670926316035008, 0.0 ], [ 12.632967926788881, 55.671016297675884, 0.0 ], [ 12.633248829658205, 55.670825075907544, 0.0 ], [ 12.633978510213421, 55.670223464575749, 0.0 ], [ 12.636273605516603, 55.67034352674488, 0.0 ], [ 12.63660169987477, 55.670196396883533, 0.0 ], [ 12.636632277268188, 55.670080212092685, 0.0 ], [ 12.636709576867204, 55.66954199431953, 0.0 ], [ 12.636750674484642, 55.669462005039065, 0.0 ], [ 12.638047683242812, 55.668398611530314, 0.0 ], [ 12.638088943925924, 55.668394060050183, 0.0 ], [ 12.63824288358254, 55.66843786884619, 0.0 ], [ 12.638707063773735, 55.668063871619196, 0.0 ], [ 12.638450004911094, 55.667947860573577, 0.0 ], [ 12.637630735522187, 55.66697918254502, 0.0 ], [ 12.636886359585509, 55.666946776002746, 0.0 ], [ 12.636853284080587, 55.666916105281359, 0.0 ], [ 12.636712811148691, 55.666909302205603, 0.0 ], [ 12.636682839166351, 55.666889779411761, 0.0 ], [ 12.636685780101212, 55.666851206283262, 0.0 ], [ 12.636726307457007, 55.666835347034741, 0.0 ], [ 12.636824203468185, 55.666839366766247, 0.0 ], [ 12.636883430843788, 55.66680730657788, 0.0 ], [ 12.640621629007088, 55.666989131523103, 0.0 ], [ 12.640739239085914, 55.667001554733304, 0.0 ], [ 12.640803897080932, 55.667038210384725, 0.0 ], [ 12.640912624031143, 55.667042354802859, 0.0 ], [ 12.640951849894353, 55.667063849771871, 0.0 ], [ 12.640945005417525, 55.667101459956221, 0.0 ], [ 12.640904220866787, 55.667116249216505, 0.0 ], [ 12.640574930864789, 55.66711829524192, 0.0 ], [ 12.640264245304644, 55.66736670942484, 0.0 ], [ 12.640125322251439, 55.667318410895476, 0.0 ], [ 12.640065207397544, 55.667327209644, 0.0 ], [ 12.639507366942576, 55.667788787891183, 0.0 ], [ 12.639472527729962, 55.66779737548562, 0.0 ], [ 12.639368536101079, 55.667779151524421, 0.0 ], [ 12.638978359145762, 55.668108782158178, 0.0 ], [ 12.638907375227449, 55.668135887012973, 0.0 ], [ 12.638836826940674, 55.668114601739489, 0.0 ], [ 12.638779424335707, 55.668164592773117, 0.0 ], [ 12.638791929192539, 55.668184453692923, 0.0 ], [ 12.639058813880867, 55.668284616169792, 0.0 ], [ 12.639067504111377, 55.668297666427215, 0.0 ], [ 12.639002680761767, 55.668375663232581, 0.0 ], [ 12.639261659289353, 55.668476329734311, 0.0 ], [ 12.639713916287308, 55.669151873602353, 0.0 ], [ 12.639681091608331, 55.669188996110059, 0.0 ], [ 12.639372348863409, 55.669249686134613, 0.0 ], [ 12.639677160754573, 55.669730433507894, 0.0 ], [ 12.64001348196274, 55.669663438802743, 0.0 ], [ 12.640279935979075, 55.670075455545629, 0.0 ], [ 12.641830757408211, 55.670147642836469, 0.0 ], [ 12.642515944656227, 55.66959091143061, 0.0 ], [ 12.642594438734452, 55.669536785043483, 0.0 ], [ 12.642700444757796, 55.669515021808287, 0.0 ], [ 12.642833217615967, 55.66954668519346, 0.0 ], [ 12.643091451334538, 55.669940147152111, 0.0 ], [ 12.643114690130952, 55.669955642279383, 0.0 ], [ 12.643229822174677, 55.669958425470398, 0.0 ], [ 12.643424090284677, 55.669913986430998, 0.0 ], [ 12.643465054496525, 55.66987032654162, 0.0 ], [ 12.6434540925087, 55.66983971966247, 0.0 ], [ 12.643081793017403, 55.669278799085305, 0.0 ], [ 12.643016588065624, 55.669224356545293, 0.0 ], [ 12.643018301784641, 55.669205152553467, 0.0 ], [ 12.642952099198553, 55.669193002264038, 0.0 ], [ 12.643035044399745, 55.669121748328827, 0.0 ], [ 12.643090818991848, 55.669112447689528, 0.0 ], [ 12.641888876946556, 55.667231234269686, 0.0 ], [ 12.641779373775105, 55.667155447145966, 0.0 ], [ 12.641469207608086, 55.667142450277382, 0.0 ], [ 12.641438932488915, 55.667123117452995, 0.0 ], [ 12.641447897124259, 55.667087782189483, 0.0 ], [ 12.641484573104245, 55.667073294625908, 0.0 ], [ 12.641570955227664, 55.667076663460925, 0.0 ], [ 12.641627924233553, 55.667046016813465, 0.0 ], [ 12.641788779902305, 55.667061560505587, 0.0 ], [ 12.641943491998124, 55.667127372209848, 0.0 ], [ 12.642058001232424, 55.667238169378997, 0.0 ], [ 12.643219938470065, 55.669086040631974, 0.0 ], [ 12.64389653099342, 55.669174286525255, 0.0 ], [ 12.644013236752109, 55.66920939356423, 0.0 ], [ 12.64409566249244, 55.669257388963615, 0.0 ], [ 12.644278527898392, 55.669470010604037, 0.0 ], [ 12.644611023420357, 55.669992815859082, 0.0 ], [ 12.644953673293841, 55.670540855868651, 0.0 ], [ 12.644929186640246, 55.670580339638143, 0.0 ], [ 12.644888918060515, 55.670590438977605, 0.0 ], [ 12.644814154529023, 55.670544464277413, 0.0 ], [ 12.644482712096956, 55.670017671675019, 0.0 ], [ 12.644411163359885, 55.670002803614878, 0.0 ], [ 12.643660649151023, 55.670151359982221, 0.0 ], [ 12.643603313379256, 55.670138766650446, 0.0 ], [ 12.643551939629871, 55.67002951138862, 0.0 ], [ 12.643473503685408, 55.669991917739345, 0.0 ], [ 12.643239351155499, 55.67004374661979, 0.0 ], [ 12.643221395981508, 55.670054261369117, 0.0 ], [ 12.643240113818051, 55.670106668309998, 0.0 ], [ 12.643213532251798, 55.670116809964405, 0.0 ], [ 12.641290928601434, 55.670491707251131, 0.0 ], [ 12.636811763176723, 55.670272262868302, 0.0 ], [ 12.636706821975828, 55.670288414276584, 0.0 ], [ 12.636605102627547, 55.670342686136237, 0.0 ], [ 12.63655095895561, 55.670393568471518, 0.0 ], [ 12.641270827634663, 55.670614326290227, 0.0 ], [ 12.641748030679723, 55.671362407693678, 0.0 ], [ 12.642679259500929, 55.671291850576537, 0.0 ], [ 12.642984514714097, 55.671308138046221, 0.0 ], [ 12.643178758304639, 55.671335187033272, 0.0 ], [ 12.643845432547968, 55.671461764914653, 0.0 ], [ 12.644104853757838, 55.671551438202947, 0.0 ], [ 12.644392676046776, 55.6716812704814, 0.0 ], [ 12.644649457600286, 55.671836573198078, 0.0 ], [ 12.644746992234962, 55.671812632257932, 0.0 ], [ 12.645187122976621, 55.67162662973309, 0.0 ], [ 12.645650140715585, 55.671407933259395, 0.0 ], [ 12.645714504339761, 55.671335341733382, 0.0 ], [ 12.645750290597931, 55.671254877682848, 0.0 ], [ 12.645763345706145, 55.671152429593768, 0.0 ], [ 12.645641701477595, 55.670954984466668, 0.0 ], [ 12.645617266548102, 55.670952294086646, 0.0 ], [ 12.645609576011212, 55.670926086121092, 0.0 ], [ 12.645660760168292, 55.670889674907421, 0.0 ], [ 12.645730240067003, 55.670899388396379, 0.0 ], [ 12.645868136532565, 55.671054357214281, 0.0 ], [ 12.64590465340892, 55.6711594674873, 0.0 ], [ 12.645901068274263, 55.67128672182195, 0.0 ], [ 12.645834699775021, 55.671407840271158, 0.0 ], [ 12.645792141646639, 55.671451458441368, 0.0 ], [ 12.645666063121167, 55.671529392096254, 0.0 ], [ 12.644857675162376, 55.671890629931305, 0.0 ], [ 12.64484379981946, 55.671977456084591, 0.0 ], [ 12.645090768522987, 55.67223070338224, 0.0 ], [ 12.645358740665307, 55.672588173099989, 0.0 ], [ 12.645708231449342, 55.673144370597107, 0.0 ], [ 12.646495262173262, 55.674279232104325, 0.0 ], [ 12.646559570270343, 55.674344400200404, 0.0 ], [ 12.647703501839315, 55.674829483328793, 0.0 ], [ 12.648024410373113, 55.67500831910526, 0.0 ], [ 12.648112959220766, 55.675070607080613, 0.0 ], [ 12.648174390287657, 55.675144132691592, 0.0 ], [ 12.648192942198662, 55.675199781073552, 0.0 ], [ 12.648200703829923, 55.675455554187209, 0.0 ], [ 12.647774483167659, 55.675837270043509, 0.0 ], [ 12.647665498703029, 55.675875041990935, 0.0 ], [ 12.64769866545617, 55.67590139111509, 0.0 ], [ 12.648121954268708, 55.676077360635063, 0.0 ], [ 12.644668289713946, 55.679161747418917, 0.0 ], [ 12.640768325359526, 55.678795099024057, 0.0 ], [ 12.640553027897603, 55.679012624650873, 0.0 ], [ 12.640581609556511, 55.679078676743508, 0.0 ], [ 12.640553596753358, 55.679119702872292, 0.0 ], [ 12.640487798940452, 55.679141169191929, 0.0 ], [ 12.64042198042697, 55.679133322064253, 0.0 ], [ 12.64038377885664, 55.679107570097294, 0.0 ], [ 12.640379574394309, 55.679072626001961, 0.0 ], [ 12.640656051879917, 55.678715526187915, 0.0 ], [ 12.639490842807774, 55.676516048521414, 0.0 ], [ 12.639415735499034, 55.676493819639425, 0.0 ], [ 12.639354555525358, 55.676494736434051, 0.0 ], [ 12.638959064547857, 55.676571217616157, 0.0 ], [ 12.638847018025855, 55.676579578570269, 0.0 ], [ 12.638728887067431, 55.676608082295004, 0.0 ], [ 12.638772398212744, 55.676713256604259, 0.0 ], [ 12.637409241460563, 55.676947482562241, 0.0 ], [ 12.63739157754455, 55.676942341613518, 0.0 ], [ 12.637323317878739, 55.676819107731639, 0.0 ], [ 12.636351354892552, 55.676985425982174, 0.0 ], [ 12.634641803519608, 55.675687943045489, 0.0 ], [ 12.633085965989892, 55.675673628730451, 0.0 ], [ 12.63299461693329, 55.675706099071526, 0.0 ], [ 12.633881613694221, 55.676558422714933, 0.0 ], [ 12.633823836441069, 55.676573713030479, 0.0 ], [ 12.634060122925606, 55.676804908272686, 0.0 ], [ 12.634108953637124, 55.676794379027989, 0.0 ], [ 12.634142293750804, 55.676827830239624, 0.0 ], [ 12.634101704122523, 55.676846567726152, 0.0 ], [ 12.634275612833468, 55.677016037901232, 0.0 ], [ 12.634325203923176, 55.677005126355006, 0.0 ], [ 12.634359062116465, 55.677039011756776, 0.0 ], [ 12.6343171195692, 55.677056890213898, 0.0 ], [ 12.634541663722143, 55.677276383366745, 0.0 ], [ 12.634591422081433, 55.677265556678826, 0.0 ], [ 12.634624629814498, 55.677297572972641, 0.0 ], [ 12.63458331306547, 55.67731705152935, 0.0 ], [ 12.634814890867437, 55.677543709173861, 0.0 ], [ 12.634868282873533, 55.677532594817826, 0.0 ], [ 12.634900071113144, 55.677564743045011, 0.0 ], [ 12.63485689148631, 55.677584726518319, 0.0 ], [ 12.634936751191354, 55.677663287142266, 0.0 ], [ 12.634674783761835, 55.677750362705247, 0.0 ], [ 12.634682356876768, 55.678541525210612, 0.0 ], [ 12.634055348846886, 55.679153493065165, 0.0 ], [ 12.634166218784298, 55.679195796516836, 0.0 ], [ 12.634192729521818, 55.679225943272549, 0.0 ], [ 12.634201315918496, 55.679280719875955, 0.0 ], [ 12.634340038836918, 55.679309339056672, 0.0 ], [ 12.634313767587827, 55.67936919525107, 0.0 ], [ 12.634323871033006, 55.679407741264903, 0.0 ], [ 12.634355119268939, 55.679434060844045, 0.0 ], [ 12.634805837204349, 55.679550904814604, 0.0 ], [ 12.634998845718258, 55.679583129373903, 0.0 ], [ 12.63510271815008, 55.679567191375867, 0.0 ], [ 12.635192608160709, 55.679520645386255, 0.0 ], [ 12.635229677560671, 55.679493109852402, 0.0 ], [ 12.635278851081639, 55.678871023186986, 0.0 ], [ 12.635402693502563, 55.678703426981883, 0.0 ], [ 12.635479577656307, 55.678681364955601, 0.0 ], [ 12.635538090456937, 55.67870309919325, 0.0 ], [ 12.635546082749478, 55.67873775123531, 0.0 ], [ 12.635379878750305, 55.678805623265049, 0.0 ], [ 12.635326106407078, 55.678886347282486, 0.0 ], [ 12.635382296228169, 55.67891219687732, 0.0 ], [ 12.635360044344299, 55.679508847300745, 0.0 ], [ 12.635392476305384, 55.679666145169328, 0.0 ], [ 12.637579675730887, 55.680122724768481, 0.0 ], [ 12.638370471410292, 55.680271728981893, 0.0 ], [ 12.638999355528115, 55.680342986721016, 0.0 ], [ 12.639643102379123, 55.680361826167115, 0.0 ], [ 12.639697863001123, 55.680372249991244, 0.0 ], [ 12.639734269008981, 55.680400932930333, 0.0 ], [ 12.639718072742619, 55.680449251293759, 0.0 ], [ 12.639649674547185, 55.68047016486522, 0.0 ], [ 12.639589741658982, 55.68046915633478, 0.0 ], [ 12.639472967264677, 55.680414803746686, 0.0 ], [ 12.639167081538446, 55.680402751399797, 0.0 ], [ 12.637025977752966, 55.683196885491199, 0.0 ], [ 12.637315114816417, 55.683376152340223, 0.0 ], [ 12.637192579505472, 55.683465391060544, 0.0 ], [ 12.636949700104379, 55.683590390539443, 0.0 ], [ 12.636764078906914, 55.683562535559254, 0.0 ], [ 12.635626760717795, 55.685036421846256, 0.0 ], [ 12.635153777621218, 55.684898209548912, 0.0 ], [ 12.634291449109176, 55.684577937586688, 0.0 ], [ 12.633153692095075, 55.684203506109839, 0.0 ], [ 12.632652534427018, 55.684013605937707, 0.0 ], [ 12.632505870930382, 55.684000776001191, 0.0 ], [ 12.63245996345001, 55.683962301379829, 0.0 ], [ 12.632328955726289, 55.683924369384137, 0.0 ], [ 12.631960524216217, 55.683773696367702, 0.0 ], [ 12.630627334618342, 55.683318257810186, 0.0 ], [ 12.629461211274837, 55.682868830536336, 0.0 ], [ 12.627342930301563, 55.682131225054562, 0.0 ], [ 12.624911651181074, 55.680513351464548, 0.0 ], [ 12.624903602341913, 55.680476272716376, 0.0 ], [ 12.62495504080438, 55.680399309369704, 0.0 ], [ 12.626895647253265, 55.678217747117834, 0.0 ], [ 12.627278239512131, 55.677735429223169, 0.0 ], [ 12.627605153707686, 55.677392514523085, 0.0 ], [ 12.628282561774249, 55.676631620670854, 0.0 ], [ 12.629323467401223, 55.675435541136444, 0.0 ], [ 12.629712256610102, 55.674939992768365, 0.0 ], [ 12.629782468081345, 55.674809958056706, 0.0 ], [ 12.629897469303277, 55.674661872141115, 0.0 ], [ 12.630152498235791, 55.674388517988156, 0.0 ], [ 12.630456689494661, 55.673995013105717, 0.0 ], [ 12.630804664918175, 55.673864395765619, 0.0 ], [ 12.630884368073581, 55.673814467735866, 0.0 ], [ 12.633162003446655, 55.672231751742082, 0.0 ], [ 12.633479373618293, 55.671996197336362, 0.0 ], [ 12.633497238224296, 55.671917797055649, 0.0 ], [ 12.63347356987301, 55.671846202714597, 0.0 ], [ 12.633266401715323, 55.6716249342591, 0.0 ], [ 12.633015467098016, 55.671453249524021, 0.0 ], [ 12.632867112776795, 55.671371951723053, 0.0 ], [ 12.632667353420535, 55.671280217521875, 0.0 ], [ 12.632466776313288, 55.671212246144961, 0.0 ], [ 12.631962280755676, 55.67109599912019, 0.0 ], [ 12.630533218190303, 55.670942030404298, 0.0 ], [ 12.629930453293804, 55.671282871126131, 0.0 ], [ 12.629704314421424, 55.671435146847344, 0.0 ], [ 12.629497276652552, 55.671578943693618, 0.0 ], [ 12.628947155779523, 55.672012456905293, 0.0 ], [ 12.628859920531891, 55.672044622648635, 0.0 ], [ 12.628788032611222, 55.67204495201112, 0.0 ], [ 12.628727707331448, 55.672017243758447, 0.0 ], [ 12.628581614039829, 55.672063290532996, 0.0 ], [ 12.627221009463652, 55.673625895735761, 0.0 ], [ 12.627348830522854, 55.673660779693328, 0.0 ], [ 12.627290880035437, 55.673725707864662, 0.0 ], [ 12.627189586079011, 55.673719532785661, 0.0 ], [ 12.623929197909542, 55.677471812915599, 0.0 ], [ 12.62385691087394, 55.677538421865904, 0.0 ], [ 12.622069514577245, 55.679574773906772, 0.0 ], [ 12.621696373006499, 55.680027661038757, 0.0 ], [ 12.621623442303033, 55.680068480597072, 0.0 ], [ 12.621550292111293, 55.680086287167207, 0.0 ], [ 12.62127626901284, 55.679998795732757, 0.0 ], [ 12.621488245618513, 55.679783741790899, 0.0 ], [ 12.620782716345538, 55.679575012939914, 0.0 ], [ 12.620570743633015, 55.679779814672848, 0.0 ], [ 12.620973168983907, 55.67991351116985, 0.0 ], [ 12.620957505949054, 55.679928270930375, 0.0 ], [ 12.620555548329122, 55.679794470650009, 0.0 ], [ 12.620515586905888, 55.679833866433597, 0.0 ], [ 12.620893211902924, 55.679955796654731, 0.0 ], [ 12.620878033245495, 55.679970632020115, 0.0 ], [ 12.620500457911699, 55.679849239801989, 0.0 ], [ 12.620244570291701, 55.68009202477441, 0.0 ], [ 12.620967951589908, 55.680295823574276, 0.0 ], [ 12.621203454211757, 55.680066677416463, 0.0 ], [ 12.621483914064378, 55.680160093443355, 0.0 ], [ 12.621497971121865, 55.680227747423949, 0.0 ], [ 12.620811185908062, 55.68100803018212, 0.0 ], [ 12.620853300318013, 55.681076204499185, 0.0 ], [ 12.621073172810554, 55.681233724937265, 0.0 ], [ 12.621402525375345, 55.681430633585045, 0.0 ], [ 12.621597935199038, 55.681574848153559, 0.0 ], [ 12.621706279206091, 55.681626049497538, 0.0 ], [ 12.621947858688801, 55.681799652367502, 0.0 ], [ 12.622017513282465, 55.681833472814084, 0.0 ], [ 12.622122610225881, 55.681923525084095, 0.0 ], [ 12.622498621584272, 55.682172195172939, 0.0 ], [ 12.622742207095568, 55.68235535871522, 0.0 ], [ 12.624654004795561, 55.68361393668954, 0.0 ], [ 12.624873845135642, 55.683777656142638, 0.0 ], [ 12.6257444393933, 55.684090285196859, 0.0 ], [ 12.625859147996165, 55.6841189947625, 0.0 ], [ 12.626042060781524, 55.684141730931337, 0.0 ], [ 12.626178343257076, 55.68413014763432, 0.0 ], [ 12.626238754025527, 55.684155157255461, 0.0 ], [ 12.626405388653183, 55.684105269496399, 0.0 ], [ 12.626766870911549, 55.684488607095574, 0.0 ], [ 12.626868623278607, 55.684485687500867, 0.0 ], [ 12.628192583675089, 55.684951510952267, 0.0 ], [ 12.628466729377996, 55.685026035577579, 0.0 ], [ 12.628488107770931, 55.685043746633255, 0.0 ], [ 12.628457979603885, 55.685125655901764, 0.0 ], [ 12.635940362627542, 55.687759255758458, 0.0 ], [ 12.632858474098883, 55.690534346289617, 0.0 ], [ 12.628899351434056, 55.689139025187686, 0.0 ], [ 12.628728934502554, 55.688990395088027, 0.0 ], [ 12.628616314008742, 55.689020433731216, 0.0 ], [ 12.628538914419643, 55.689020026343954, 0.0 ], [ 12.628137821737221, 55.688926058056104, 0.0 ], [ 12.627503314396744, 55.689521754039546, 0.0 ], [ 12.627422724588634, 55.689569367530211, 0.0 ], [ 12.626591961085222, 55.689770450884374, 0.0 ], [ 12.626531002494923, 55.689770545113788, 0.0 ], [ 12.626458798025206, 55.689736892299671, 0.0 ], [ 12.626134861975965, 55.689807346877458, 0.0 ], [ 12.626123105711097, 55.689792138389542, 0.0 ], [ 12.626138845345414, 55.689778185026796, 0.0 ], [ 12.626386211200609, 55.68971628911072, 0.0 ], [ 12.625975426957126, 55.689206811586367, 0.0 ], [ 12.625673815812089, 55.688798322022272, 0.0 ], [ 12.626171519452445, 55.688242918746752, 0.0 ], [ 12.62613259222768, 55.688181845371957, 0.0 ], [ 12.626145955291227, 55.688157711421887, 0.0 ], [ 12.626023256271289, 55.68811161394855, 0.0 ], [ 12.625970094808661, 55.688128831892598, 0.0 ], [ 12.625806763844713, 55.688089150967251, 0.0 ], [ 12.625725236315157, 55.688142096350276, 0.0 ], [ 12.625295010567289, 55.68863210954872, 0.0 ], [ 12.625238794187615, 55.688657600161235, 0.0 ], [ 12.625139549563638, 55.688668806625223, 0.0 ], [ 12.624878847789745, 55.688602149493157, 0.0 ], [ 12.624786871271704, 55.688691820542616, 0.0 ], [ 12.622823704589694, 55.688105379312454, 0.0 ], [ 12.622925641060545, 55.687990867476032, 0.0 ], [ 12.620411048266753, 55.687255226595575, 0.0 ], [ 12.619950794033572, 55.687108037890745, 0.0 ], [ 12.619964361498281, 55.68723406421136, 0.0 ], [ 12.619921287212549, 55.687356906914459, 0.0 ], [ 12.619922908310631, 55.687419173277299, 0.0 ], [ 12.619970473761624, 55.687754427794395, 0.0 ], [ 12.619967589959595, 55.687781758532154, 0.0 ], [ 12.619896866501714, 55.687808753934092, 0.0 ], [ 12.619823120447636, 55.68777037712163, 0.0 ], [ 12.619806283038139, 55.687574579869263, 0.0 ], [ 12.619752697074908, 55.687411698861609, 0.0 ], [ 12.619741111609633, 55.687420673111333, 0.0 ], [ 12.61972202104292, 55.687408737811161, 0.0 ], [ 12.619762891928726, 55.687358435345914, 0.0 ], [ 12.61970710212826, 55.687206139956622, 0.0 ], [ 12.618617428587536, 55.686906856516316, 0.0 ], [ 12.618588844671267, 55.686792243402827, 0.0 ], [ 12.617805780583595, 55.686562134912734, 0.0 ], [ 12.617616124015806, 55.686497503000268, 0.0 ], [ 12.617493051240277, 55.68642308362233, 0.0 ], [ 12.617215363031072, 55.68612411033282, 0.0 ], [ 12.617204182613408, 55.686047918704396, 0.0 ], [ 12.617226873816648, 55.68576301408018, 0.0 ], [ 12.617215748381495, 55.685623697395535, 0.0 ], [ 12.617178835369526, 55.685527403512459, 0.0 ], [ 12.616800919329128, 55.685189213643795, 0.0 ], [ 12.616626666908894, 55.685003544057366, 0.0 ], [ 12.616530699240966, 55.684843440465073, 0.0 ], [ 12.616480464783535, 55.684172324848475, 0.0 ], [ 12.616360275748004, 55.68366908368634, 0.0 ], [ 12.616205489625797, 55.683099692926717, 0.0 ], [ 12.616001630118252, 55.682824256976808, 0.0 ], [ 12.616103111573137, 55.682680630386777, 0.0 ], [ 12.615965544342405, 55.682421582987182, 0.0 ], [ 12.615844849662896, 55.682102241514151, 0.0 ], [ 12.615737938789872, 55.681859734262446, 0.0 ], [ 12.615678042748108, 55.681766095937952, 0.0 ], [ 12.615581505655456, 55.681687565421612, 0.0 ], [ 12.615430222632099, 55.681617662738098, 0.0 ], [ 12.614917175855318, 55.681461402465189, 0.0 ], [ 12.614541293956608, 55.681522028742464, 0.0 ], [ 12.614269248087076, 55.681412792882917, 0.0 ], [ 12.614020571262053, 55.681370487023401, 0.0 ], [ 12.61401520166225, 55.681246826346857, 0.0 ], [ 12.613917280841619, 55.680937782175114, 0.0 ], [ 12.613794446446986, 55.6806260552585, 0.0 ], [ 12.613783066549503, 55.680538989044663, 0.0 ], [ 12.614189981448208, 55.680283674039096, 0.0 ], [ 12.614466248184319, 55.680050912093009, 0.0 ], [ 12.614540121195695, 55.679908190484113, 0.0 ], [ 12.614520350426295, 55.679804376896435, 0.0 ], [ 12.614387736882792, 55.679550487191932, 0.0 ], [ 12.614265859096598, 55.679438713197641, 0.0 ], [ 12.614144461461187, 55.679383843898172, 0.0 ], [ 12.613568093331912, 55.679217036014393, 0.0 ], [ 12.613398084859631, 55.679151009876527, 0.0 ], [ 12.613331628419902, 55.679093082002339, 0.0 ], [ 12.613247482537236, 55.678815912508782, 0.0 ], [ 12.613178603438911, 55.678483442295132, 0.0 ], [ 12.613047069463471, 55.678213513858793, 0.0 ], [ 12.612913020506099, 55.67799563278372, 0.0 ], [ 12.612544431315179, 55.677500337129608, 0.0 ], [ 12.61254947665827, 55.677451542123613, 0.0 ], [ 12.612599515878511, 55.677374715409364, 0.0 ], [ 12.612907355280417, 55.677051376906839, 0.0 ], [ 12.613004167104599, 55.676876148812077, 0.0 ], [ 12.613000463420983, 55.676782561988254, 0.0 ], [ 12.612939999506866, 55.676637775128341, 0.0 ], [ 12.612719902384594, 55.676411639101623, 0.0 ], [ 12.61261335736649, 55.676367570735863, 0.0 ], [ 12.612258950674672, 55.676267231850105, 0.0 ], [ 12.611636741122894, 55.676194562931357, 0.0 ], [ 12.611558963664871, 55.67617770111444, 0.0 ], [ 12.611490213482281, 55.676134496755331, 0.0 ], [ 12.611191304877911, 55.675773192917021, 0.0 ], [ 12.611039338490338, 55.675514384955981, 0.0 ], [ 12.610909535632665, 55.675380271589908, 0.0 ], [ 12.610567128498916, 55.675114842503973, 0.0 ], [ 12.61037132515831, 55.674996609647778, 0.0 ], [ 12.610218212140333, 55.674866778770713, 0.0 ], [ 12.609901573018114, 55.67464428996788, 0.0 ], [ 12.609862641110988, 55.674594811675171, 0.0 ], [ 12.609953449174963, 55.674373364494976, 0.0 ], [ 12.609971686119115, 55.674251886136965, 0.0 ], [ 12.609964373725015, 55.674167397493406, 0.0 ], [ 12.609923687301167, 55.674083351967276, 0.0 ], [ 12.609812987613546, 55.673973402894873, 0.0 ], [ 12.609716527206464, 55.67391779533493, 0.0 ], [ 12.609535607440378, 55.673860807674615, 0.0 ], [ 12.608867099388387, 55.673820510493442, 0.0 ], [ 12.608759686337629, 55.673770349985801, 0.0 ], [ 12.608374097526251, 55.673512570426638, 0.0 ], [ 12.607882016469715, 55.673176546602669, 0.0 ], [ 12.607692632011775, 55.673029346693895, 0.0 ], [ 12.607479462715556, 55.672891658426089, 0.0 ], [ 12.607309137451129, 55.672804502702292, 0.0 ], [ 12.606700209634983, 55.672578196666457, 0.0 ], [ 12.60513953435369, 55.671929022673893, 0.0 ], [ 12.604526240793431, 55.67170166564474, 0.0 ] ] ] } },
{ "type": "Feature", "properties": { "id": "733", "afstemningsomraadenummer": 61, "afstemningsstedNavn": "Kalvebod Fælled Skole", "kommuneLokalId": 389103, "navn": "2. Kalvebod Fælled", "opstillingskredsLokalId": 403565, "areaSquareMetres": 1276117.29 }, "geometry": { "type": "Polygon", "coordinates": [ [ [ 12.565218999523978, 55.615497532079623, 0.0 ], [ 12.569298527422006, 55.615497708612359, 0.0 ], [ 12.571840115029726, 55.615750938298916, 0.0 ], [ 12.572696336606347, 55.61595184746222, 0.0 ], [ 12.579000098747088, 55.618209687204875, 0.0 ], [ 12.581105339816338, 55.624686877780555, 0.0 ], [ 12.581994971701947, 55.627640418847164, 0.0 ], [ 12.582178653233541, 55.628207291585895, 0.0 ], [ 12.582287833644731, 55.62861269018115, 0.0 ], [ 12.582849232131467, 55.630464426967194, 0.0 ], [ 12.582159473782893, 55.630530990901455, 0.0 ], [ 12.581547899486287, 55.630627007025019, 0.0 ], [ 12.580023752888181, 55.631098119449888, 0.0 ], [ 12.579183775256849, 55.63128307172812, 0.0 ], [ 12.578770495412503, 55.631347205222198, 0.0 ], [ 12.578240036435007, 55.631403968874089, 0.0 ], [ 12.577791955813279, 55.631440341311688, 0.0 ], [ 12.576941282389564, 55.631436761438536, 0.0 ], [ 12.576523272071222, 55.631415962496447, 0.0 ], [ 12.57613695951876, 55.631366272446613, 0.0 ], [ 12.574914098001983, 55.63126563771457, 0.0 ], [ 12.57431427555947, 55.631276391447038, 0.0 ], [ 12.573716242393733, 55.631315504249649, 0.0 ], [ 12.571845172124227, 55.631591256674582, 0.0 ], [ 12.565218999523978, 55.615497532079623, 0.0 ] ] ] } },
{ "type": "Feature", "properties": { "id": "734", "afstemningsomraadenummer": 63, "afstemningsstedNavn": "Den Classenske Legatskole", "kommuneLokalId": 389103, "navn": "3. Midt", "opstillingskredsLokalId": 403573, "areaSquareMetres": 883523.85 }, "geometry": { "type": "Polygon", "coordinates": [ [ [ 12.564058960077633, 55.674726830250329, 0.0 ], [ 12.565006085757323, 55.673834378057926, 0.0 ], [ 12.564935047512559, 55.673809108560441, 0.0 ], [ 12.565516125762946, 55.673269071235111, 0.0 ], [ 12.565562278041687, 55.673284903388691, 0.0 ], [ 12.566172200785257, 55.672717588040598, 0.0 ], [ 12.566125890258059, 55.672701760725239, 0.0 ], [ 12.566448592755775, 55.672401580507945, 0.0 ], [ 12.566445919524895, 55.672377470401983, 0.0 ], [ 12.566930890415668, 55.671935623911068, 0.0 ], [ 12.567108235591325, 55.671996104369484, 0.0 ], [ 12.567457035082425, 55.671673401906276, 0.0 ], [ 12.567798974008277, 55.671486763741605, 0.0 ], [ 12.56880577374319, 55.670615381931064, 0.0 ], [ 12.569397792007797, 55.669978254404015, 0.0 ], [ 12.56980245812659, 55.669595111866961, 0.0 ], [ 12.570699386249018, 55.66892608009848, 0.0 ], [ 12.571639517633843, 55.668268820741211, 0.0 ], [ 12.571634952369788, 55.668223994768745, 0.0 ], [ 12.571170343711348, 55.66797559803701, 0.0 ], [ 12.571019737302587, 55.667861023472767, 0.0 ], [ 12.570911259405483, 55.667807175132992, 0.0 ], [ 12.571259232750187, 55.667561634282706, 0.0 ], [ 12.572240310379311, 55.668011325821205, 0.0 ], [ 12.572558811427696, 55.668173518747167, 0.0 ], [ 12.573104411158242, 55.667883099263129, 0.0 ], [ 12.575577901030801, 55.669279977620612, 0.0 ], [ 12.575620677038351, 55.669255351395762, 0.0 ], [ 12.576545664304041, 55.669777950675041, 0.0 ], [ 12.576309835322782, 55.669911614487283, 0.0 ], [ 12.577528844746396, 55.670601150034976, 0.0 ], [ 12.577759634337955, 55.670569058597593, 0.0 ], [ 12.578183184133069, 55.670837422584725, 0.0 ], [ 12.578146743220982, 55.670887851157659, 0.0 ], [ 12.578173469982474, 55.670905234617202, 0.0 ], [ 12.578086990181381, 55.670954785650984, 0.0 ], [ 12.579079118438115, 55.671521805184831, 0.0 ], [ 12.579136549114926, 55.671488657309325, 0.0 ], [ 12.579287968122681, 55.671575144241814, 0.0 ], [ 12.579997637288718, 55.671982974679807, 0.0 ], [ 12.579945399876795, 55.672012014920746, 0.0 ], [ 12.580110410695337, 55.672113120369254, 0.0 ], [ 12.579485592167867, 55.672501286818374, 0.0 ], [ 12.579123340386218, 55.672755899997036, 0.0 ], [ 12.576704017000994, 55.674729076333271, 0.0 ], [ 12.576720167263669, 55.67473516923107, 0.0 ], [ 12.576476619319239, 55.67495187253602, 0.0 ], [ 12.575641941876004, 55.675647814108899, 0.0 ], [ 12.575623903444988, 55.675720364471537, 0.0 ], [ 12.575658894200112, 55.675824727984796, 0.0 ], [ 12.575814198969425, 55.67595714402448, 0.0 ], [ 12.577556290396618, 55.677057727502664, 0.0 ], [ 12.577473642097431, 55.677100602037846, 0.0 ], [ 12.576915818003133, 55.677718068073567, 0.0 ], [ 12.576927865086679, 55.677787223286181, 0.0 ], [ 12.576457245787097, 55.678253328669491, 0.0 ], [ 12.576206411807435, 55.678533365953136, 0.0 ], [ 12.576155168469439, 55.678555991207105, 0.0 ], [ 12.57608618528193, 55.678619596913485, 0.0 ], [ 12.577657095079713, 55.678657126207575, 0.0 ], [ 12.579736591926707, 55.678971213317418, 0.0 ], [ 12.581303317225899, 55.679279382096986, 0.0 ], [ 12.581874302406899, 55.67942024080773, 0.0 ], [ 12.583573615936592, 55.68002033900202, 0.0 ], [ 12.584213735881493, 55.680180836913863, 0.0 ], [ 12.585026115387484, 55.680317682271358, 0.0 ], [ 12.584815331904572, 55.680806885824332, 0.0 ], [ 12.584905530470303, 55.680945510492094, 0.0 ], [ 12.585303336107785, 55.681452258822546, 0.0 ], [ 12.584223909490397, 55.68175195127769, 0.0 ], [ 12.58277109474589, 55.682119372365882, 0.0 ], [ 12.580851916309182, 55.682643095419635, 0.0 ], [ 12.580709733277386, 55.682705064689074, 0.0 ], [ 12.578449828284759, 55.683374114622154, 0.0 ], [ 12.577678582974139, 55.682773576572416, 0.0 ], [ 12.57763664945238, 55.682786669186008, 0.0 ], [ 12.576773996299631, 55.682253173912017, 0.0 ], [ 12.576046056694331, 55.68176726734481, 0.0 ], [ 12.575486369234357, 55.681509787952344, 0.0 ], [ 12.575229399484524, 55.681431948361748, 0.0 ], [ 12.57644304588103, 55.681066108314198, 0.0 ], [ 12.576128603692878, 55.680845178918112, 0.0 ], [ 12.575858247295752, 55.680683477952876, 0.0 ], [ 12.575605911669879, 55.680489060311281, 0.0 ], [ 12.574924581949807, 55.679951884119838, 0.0 ], [ 12.574236811497752, 55.679352668934371, 0.0 ], [ 12.573865609714511, 55.679074492338565, 0.0 ], [ 12.573363024476508, 55.678826579411158, 0.0 ], [ 12.572280805506272, 55.678443591335061, 0.0 ], [ 12.57219540839499, 55.678358768962617, 0.0 ], [ 12.570943197037655, 55.677978563642043, 0.0 ], [ 12.569913314856963, 55.677559952302047, 0.0 ], [ 12.569227771190619, 55.677099029310945, 0.0 ], [ 12.568453504975649, 55.676698052340292, 0.0 ], [ 12.569220889076655, 55.676361993813487, 0.0 ], [ 12.567992491632014, 55.675802040266504, 0.0 ], [ 12.565853846700628, 55.675059131944003, 0.0 ], [ 12.564477019707482, 55.67461208152983, 0.0 ], [ 12.564058960077633, 55.674726830250329, 0.0 ] ] ] } },
{ "type": "Feature", "properties": { "id": "735", "afstemningsomraadenummer": 66, "afstemningsstedNavn": "Sluseholmen Skole", "kommuneLokalId": 389103, "navn": "9. Sluseholmen", "opstillingskredsLokalId": 403574, "areaSquareMetres": 710023.41 }, "geometry": { "type": "MultiPolygon", "coordinates": [ [ [ [ 12.551518042695593, 55.643147419069251, 0.0 ], [ 12.551406882373763, 55.643059373974758, 0.0 ], [ 12.551422214388856, 55.643018017263486, 0.0 ], [ 12.551727627607894, 55.642916192300682, 0.0 ], [ 12.55176196015171, 55.64291960331343, 0.0 ], [ 12.551851270863681, 55.643001627413497, 0.0 ], [ 12.551846873921061, 55.643025043461279, 0.0 ], [ 12.551820334202736, 55.643042717071964, 0.0 ], [ 12.551518042695593, 55.643147419069251, 0.0 ] ] ], [ [ [ 12.553015791978645, 55.64449539198457, 0.0 ], [ 12.55279099305946, 55.644595602567968, 0.0 ], [ 12.55258211213882, 55.644446909346151, 0.0 ], [ 12.552803271615602, 55.644346894556399, 0.0 ], [ 12.553015791978645, 55.64449539198457, 0.0 ] ] ], [ [ [ 12.551375349887191, 55.645017340669966, 0.0 ], [ 12.551223067528019, 55.644880852466343, 0.0 ], [ 12.552399564047716, 55.644458944326431, 0.0 ], [ 12.552720408744271, 55.644697457008959, 0.0 ], [ 12.5523000926094, 55.644999983410088, 0.0 ], [ 12.551754719058403, 55.645352529723311, 0.0 ], [ 12.551375349887191, 55.645017340669966, 0.0 ] ] ], [ [ [ 12.55212919695502, 55.645588051079905, 0.0 ], [ 12.552116221297155, 55.645594002017155, 0.0 ], [ 12.551862479087559, 55.645445079087615, 0.0 ], [ 12.552430652597209, 55.645079193100848, 0.0 ], [ 12.552809634991036, 55.644806548098494, 0.0 ], [ 12.552870210390481, 55.64485038031475, 0.0 ], [ 12.552882592013333, 55.644844896098938, 0.0 ], [ 12.553961018086151, 55.645621268923861, 0.0 ], [ 12.554107966648594, 55.645665473363785, 0.0 ], [ 12.554295696534872, 55.645554466287528, 0.0 ], [ 12.554391655048946, 55.645541342994676, 0.0 ], [ 12.554385486480911, 55.645583783122639, 0.0 ], [ 12.554197886771826, 55.645703238810015, 0.0 ], [ 12.55424273267481, 55.645778727899838, 0.0 ], [ 12.554287135831162, 55.645798480950482, 0.0 ], [ 12.5542402642029, 55.645819891789991, 0.0 ], [ 12.554460889959177, 55.645980470549539, 0.0 ], [ 12.554446678396699, 55.645986817249081, 0.0 ], [ 12.554518521015318, 55.646039133863972, 0.0 ], [ 12.55453457053242, 55.646032014513189, 0.0 ], [ 12.554636703044384, 55.646108000102736, 0.0 ], [ 12.554681891366707, 55.646089065707322, 0.0 ], [ 12.554821775695894, 55.646178073306295, 0.0 ], [ 12.555061384465361, 55.646419925438771, 0.0 ], [ 12.555114899109185, 55.646550641928165, 0.0 ], [ 12.555566297386678, 55.64673455734431, 0.0 ], [ 12.55573684686585, 55.646842546162411, 0.0 ], [ 12.555817269997007, 55.646931569255067, 0.0 ], [ 12.555866602527614, 55.647031924731714, 0.0 ], [ 12.555891716904929, 55.647156271456694, 0.0 ], [ 12.55586895195831, 55.647229585300785, 0.0 ], [ 12.555795580038097, 55.647283146761922, 0.0 ], [ 12.555621889117695, 55.647307068269292, 0.0 ], [ 12.555435444594018, 55.647285051945993, 0.0 ], [ 12.555237857651424, 55.647227841114493, 0.0 ], [ 12.555091051927507, 55.64715548959466, 0.0 ], [ 12.554956413004073, 55.647059496377359, 0.0 ], [ 12.554808172230217, 55.646902933430745, 0.0 ], [ 12.553997780095148, 55.646323088128796, 0.0 ], [ 12.553824359714753, 55.646399061525592, 0.0 ], [ 12.553260523999887, 55.646358580909428, 0.0 ], [ 12.553139189425748, 55.64625140999771, 0.0 ], [ 12.553117011641147, 55.64625933623784, 0.0 ], [ 12.552952166406071, 55.646105410565518, 0.0 ], [ 12.552932310530933, 55.64611264004273, 0.0 ], [ 12.552604863568083, 55.645910196188012, 0.0 ], [ 12.552192313518448, 55.645644128678583, 0.0 ], [ 12.552210262345788, 55.64563515624112, 0.0 ], [ 12.55212919695502, 55.645588051079905, 0.0 ] ] ], [ [ [ 12.55155665841291, 55.646609559980696, 0.0 ], [ 12.550655794845131, 55.64608878303742, 0.0 ], [ 12.551249694087129, 55.645790764596072, 0.0 ], [ 12.551686026914863, 55.64554901172221, 0.0 ], [ 12.552714517642126, 55.646190257783203, 0.0 ], [ 12.552702355206277, 55.646194656611392, 0.0 ], [ 12.552881228562113, 55.646348985227021, 0.0 ], [ 12.551742958767703, 55.646759898471913, 0.0 ], [ 12.55155665841291, 55.646609559980696, 0.0 ] ] ], [ [ [ 12.551092838661662, 55.644770160843656, 0.0 ], [ 12.551016372259351, 55.644710603054705, 0.0 ], [ 12.550104332973387, 55.644234385888815, 0.0 ], [ 12.55132688773514, 55.643803241058436, 0.0 ], [ 12.551502276972503, 55.643894730219856, 0.0 ], [ 12.551517580792021, 55.643956599544126, 0.0 ], [ 12.551611989979577, 55.643961506766168, 0.0 ], [ 12.551830078086491, 55.644113621347081, 0.0 ], [ 12.552113395466352, 55.644273196517744, 0.0 ], [ 12.552224766799396, 55.644249467514761, 0.0 ], [ 12.552473489764726, 55.644153599900427, 0.0 ], [ 12.552546952200133, 55.644137893026965, 0.0 ], [ 12.55259138514494, 55.644158005460476, 0.0 ], [ 12.552571337836637, 55.644189428244985, 0.0 ], [ 12.552269010539328, 55.644306092039052, 0.0 ], [ 12.552218374700411, 55.644389474431826, 0.0 ], [ 12.551117302916579, 55.644789233858198, 0.0 ], [ 12.551092838661662, 55.644770160843656, 0.0 ] ] ], [ [ [ 12.54970344332123, 55.645278338579502, 0.0 ], [ 12.548767802429563, 55.644634469821341, 0.0 ], [ 12.549777444637812, 55.644267772002969, 0.0 ], [ 12.550814607778461, 55.644787843015237, 0.0 ], [ 12.550902709511602, 55.64486702549533, 0.0 ], [ 12.549725138682412, 55.645293176024659, 0.0 ], [ 12.54970344332123, 55.645278338579502, 0.0 ] ] ], [ [ [ 12.550009953220309, 55.645555308406522, 0.0 ], [ 12.549819129654296, 55.64538648556082, 0.0 ], [ 12.551007969513384, 55.644960097582178, 0.0 ], [ 12.551574285928979, 55.645459904507454, 0.0 ], [ 12.550895826229889, 55.645828352078787, 0.0 ], [ 12.550524649317108, 55.646010127931859, 0.0 ], [ 12.550009953220309, 55.645555308406522, 0.0 ] ] ], [ [ [ 12.543246146886505, 55.649917429590097, 0.0 ], [ 12.543298934960815, 55.649922647400935, 0.0 ], [ 12.544037341970611, 55.650574329145293, 0.0 ], [ 12.54400485887456, 55.6505509907198, 0.0 ], [ 12.542098523339773, 55.651233445392222, 0.0 ], [ 12.54166518630686, 55.650846285738218, 0.0 ], [ 12.54033675649711, 55.65132885202658, 0.0 ], [ 12.539761796098229, 55.651505599314042, 0.0 ], [ 12.542271419406964, 55.646634855741908, 0.0 ], [ 12.541804875254474, 55.646574696180053, 0.0 ], [ 12.541544534284045, 55.646568821286564, 0.0 ], [ 12.534423515503198, 55.649024001710465, 0.0 ], [ 12.534052462425, 55.648711000235735, 0.0 ], [ 12.534087680511767, 55.648487890350175, 0.0 ], [ 12.534488856750771, 55.647488047025895, 0.0 ], [ 12.530882490176346, 55.647154904195624, 0.0 ], [ 12.531630100662321, 55.643273869632587, 0.0 ], [ 12.530177380912269, 55.643105675567938, 0.0 ], [ 12.530224302616579, 55.643098839150611, 0.0 ], [ 12.530278630825055, 55.643048899113559, 0.0 ], [ 12.53035464655583, 55.643019105110227, 0.0 ], [ 12.531646670595258, 55.642841881700591, 0.0 ], [ 12.531820589937835, 55.642866452667263, 0.0 ], [ 12.53264616494832, 55.642834207416499, 0.0 ], [ 12.533417145469544, 55.64283832833862, 0.0 ], [ 12.535124200420462, 55.642928383771206, 0.0 ], [ 12.538408783234731, 55.643348285154957, 0.0 ], [ 12.538430995598771, 55.643289647420033, 0.0 ], [ 12.539332856416474, 55.643408463205766, 0.0 ], [ 12.540563027544929, 55.643520126528003, 0.0 ], [ 12.541155672715902, 55.643547513784277, 0.0 ], [ 12.54177215706509, 55.643551909847226, 0.0 ], [ 12.542787636161899, 55.643500980447627, 0.0 ], [ 12.543693765905156, 55.64338891353011, 0.0 ], [ 12.544998040517791, 55.643124334233235, 0.0 ], [ 12.546383168319206, 55.642648253669464, 0.0 ], [ 12.546754574775457, 55.642987554134514, 0.0 ], [ 12.547738052758392, 55.642541063952258, 0.0 ], [ 12.548823248622165, 55.642119044996825, 0.0 ], [ 12.549922550550395, 55.64175649245076, 0.0 ], [ 12.551164495111902, 55.641405082622406, 0.0 ], [ 12.55128244608267, 55.641562886883001, 0.0 ], [ 12.55126797285714, 55.641597924483158, 0.0 ], [ 12.551224133164922, 55.641622932990664, 0.0 ], [ 12.550364217676195, 55.641858433331848, 0.0 ], [ 12.550270113786551, 55.64186035010696, 0.0 ], [ 12.550205572089425, 55.641830568799925, 0.0 ], [ 12.549690613673038, 55.641997265294762, 0.0 ], [ 12.549108801660372, 55.642208786125408, 0.0 ], [ 12.549129936538119, 55.642263113608145, 0.0 ], [ 12.549485462320153, 55.642560245149376, 0.0 ], [ 12.550375610211123, 55.643242921396158, 0.0 ], [ 12.550597426358776, 55.643432785284766, 0.0 ], [ 12.551145799343747, 55.643704993144908, 0.0 ], [ 12.551107498353399, 55.643740271508989, 0.0 ], [ 12.549950626944854, 55.644166364574033, 0.0 ], [ 12.549839044789451, 55.644073654589121, 0.0 ], [ 12.54862679186242, 55.644509970850152, 0.0 ], [ 12.54831447370897, 55.644256454550124, 0.0 ], [ 12.548117423355025, 55.644329597182214, 0.0 ], [ 12.54851583808577, 55.644680609360833, 0.0 ], [ 12.547452650678968, 55.645067279260218, 0.0 ], [ 12.547563768195579, 55.645151372756246, 0.0 ], [ 12.548633145125608, 55.64476632105255, 0.0 ], [ 12.549417717956244, 55.645297583324748, 0.0 ], [ 12.549391087215106, 55.645307256355501, 0.0 ], [ 12.549500650299271, 55.645374129048982, 0.0 ], [ 12.548382293152779, 55.645778499761199, 0.0 ], [ 12.548494280699716, 55.645863376536198, 0.0 ], [ 12.549607803744694, 55.645463550775595, 0.0 ], [ 12.55030276207037, 55.646081206038239, 0.0 ], [ 12.55028597992613, 55.646087267035021, 0.0 ], [ 12.550309997132844, 55.646108421264074, 0.0 ], [ 12.550253070547111, 55.646134707580423, 0.0 ], [ 12.549353634593485, 55.64650909720698, 0.0 ], [ 12.549452109676519, 55.646595713225189, 0.0 ], [ 12.550460730535216, 55.646180394799487, 0.0 ], [ 12.551336944602252, 55.646688849356728, 0.0 ], [ 12.551501659788798, 55.646846647351886, 0.0 ], [ 12.548843927707861, 55.647807516162985, 0.0 ], [ 12.54867053641369, 55.647653922267658, 0.0 ], [ 12.548657754932595, 55.647658518436891, 0.0 ], [ 12.548190867979471, 55.646988843472357, 0.0 ], [ 12.549135156320494, 55.64671270246361, 0.0 ], [ 12.549031892489893, 55.646618851639431, 0.0 ], [ 12.548708851697469, 55.646726574700217, 0.0 ], [ 12.548152832185862, 55.646881324468055, 0.0 ], [ 12.54722800529229, 55.647075699207868, 0.0 ], [ 12.546632277627634, 55.646542195589177, 0.0 ], [ 12.548268643340521, 55.645947507577638, 0.0 ], [ 12.548155192517456, 55.645860514945937, 0.0 ], [ 12.546390446888486, 55.64649488303089, 0.0 ], [ 12.545660752185354, 55.645852944567174, 0.0 ], [ 12.545869934470598, 55.645769654131307, 0.0 ], [ 12.545857388717575, 55.645757518590017, 0.0 ], [ 12.547336470199701, 55.645232942583178, 0.0 ], [ 12.547216639695268, 55.645145684197516, 0.0 ], [ 12.545736171528318, 55.64567776203252, 0.0 ], [ 12.545270562705932, 55.645852902030263, 0.0 ], [ 12.545289482510542, 55.645872226466793, 0.0 ], [ 12.545225437986575, 55.645893680926363, 0.0 ], [ 12.545213257800325, 55.646038530178679, 0.0 ], [ 12.545099611962453, 55.646079402709411, 0.0 ], [ 12.544785136760014, 55.646069165980713, 0.0 ], [ 12.544703661641373, 55.64609831764789, 0.0 ], [ 12.544851468003326, 55.646225951402513, 0.0 ], [ 12.544897480911549, 55.646247729330852, 0.0 ], [ 12.545370605876524, 55.646670682504364, 0.0 ], [ 12.545394333680468, 55.646702726013466, 0.0 ], [ 12.545389693653222, 55.646756900468091, 0.0 ], [ 12.545009662837909, 55.647256053062534, 0.0 ], [ 12.544946850746435, 55.647299950985328, 0.0 ], [ 12.54494532402229, 55.647341087291927, 0.0 ], [ 12.543696191457746, 55.648997964764348, 0.0 ], [ 12.543447882916801, 55.649301240479794, 0.0 ], [ 12.543386928608795, 55.649300664758925, 0.0 ], [ 12.543335582471931, 55.649362393556018, 0.0 ], [ 12.541114772900553, 55.650155889995752, 0.0 ], [ 12.541477254632568, 55.650478829787538, 0.0 ], [ 12.54180478358438, 55.650434298541967, 0.0 ], [ 12.543246146886505, 55.649917429590097, 0.0 ] ] ], [ [ [ 12.548436927758315, 55.647734417795604, 0.0 ], [ 12.548430298299973, 55.64774198294068, 0.0 ], [ 12.548602599481567, 55.647894080133064, 0.0 ], [ 12.547078155090192, 55.648445429361601, 0.0 ], [ 12.54662763413085, 55.647274615968286, 0.0 ], [ 12.547259743871107, 55.647183940213793, 0.0 ], [ 12.547954984843299, 55.647045935563824, 0.0 ], [ 12.548436927758315, 55.647734417795604, 0.0 ] ] ] ] } },
{ "type": "Feature", "properties": { "id": "736", "afstemningsomraadenummer": 64, "afstemningsstedNavn": "Sølvgades Skole", "kommuneLokalId": 389103, "navn": "3. Sølvgade", "opstillingskredsLokalId": 403573, "areaSquareMetres": 1270392.05 }, "geometry": { "type": "MultiPolygon", "coordinates": [ [ [ [ 12.563048305923745, 55.687151962257545, 0.0 ], [ 12.563376577281954, 55.686883461775636, 0.0 ], [ 12.56536038217158, 55.686122736595806, 0.0 ], [ 12.565901003515668, 55.68661469212639, 0.0 ], [ 12.573770616522564, 55.684569086063171, 0.0 ], [ 12.578633175915801, 55.683327132009708, 0.0 ], [ 12.580709733277386, 55.682705064689074, 0.0 ], [ 12.580851916309182, 55.682643095419635, 0.0 ], [ 12.58277109474589, 55.682119372365882, 0.0 ], [ 12.584223909490397, 55.68175195127769, 0.0 ], [ 12.585303336107785, 55.681452258822546, 0.0 ], [ 12.584905530470303, 55.680945510492094, 0.0 ], [ 12.584815331904572, 55.680806885824332, 0.0 ], [ 12.585026115387484, 55.680317682271358, 0.0 ], [ 12.584213735881493, 55.680180836913863, 0.0 ], [ 12.583573615936592, 55.68002033900202, 0.0 ], [ 12.581874302406899, 55.67942024080773, 0.0 ], [ 12.581303317225899, 55.679279382096986, 0.0 ], [ 12.579736591926707, 55.678971213317418, 0.0 ], [ 12.577657095079713, 55.678657126207575, 0.0 ], [ 12.57608618528193, 55.678619596913485, 0.0 ], [ 12.576155168469439, 55.678555991207105, 0.0 ], [ 12.576206411807435, 55.678533365953136, 0.0 ], [ 12.576457245787097, 55.678253328669491, 0.0 ], [ 12.576927865086679, 55.677787223286181, 0.0 ], [ 12.576915818003133, 55.677718068073567, 0.0 ], [ 12.577473642097431, 55.677100602037846, 0.0 ], [ 12.577556290396618, 55.677057727502664, 0.0 ], [ 12.577755139964745, 55.677161535631853, 0.0 ], [ 12.578256766878225, 55.67737277206259, 0.0 ], [ 12.578861532421275, 55.677552851833489, 0.0 ], [ 12.579277624847064, 55.677636019631379, 0.0 ], [ 12.579788181114431, 55.677708065816695, 0.0 ], [ 12.579821159220289, 55.677682375525428, 0.0 ], [ 12.580123190048655, 55.677652786172189, 0.0 ], [ 12.580159234068308, 55.677671066164621, 0.0 ], [ 12.58046956218968, 55.677594745993133, 0.0 ], [ 12.580801098228523, 55.677482377910941, 0.0 ], [ 12.582384807318292, 55.676755886434997, 0.0 ], [ 12.582712908154861, 55.676621763199655, 0.0 ], [ 12.582889770482726, 55.676667758754832, 0.0 ], [ 12.583408266266456, 55.676411086273639, 0.0 ], [ 12.584202322527808, 55.676127923423181, 0.0 ], [ 12.584902324455344, 55.676049821467238, 0.0 ], [ 12.587219645100657, 55.675870727756077, 0.0 ], [ 12.587263073122061, 55.675768119125507, 0.0 ], [ 12.587511746862191, 55.675715614465346, 0.0 ], [ 12.587931144604111, 55.675848740727801, 0.0 ], [ 12.587792568154105, 55.675991360050915, 0.0 ], [ 12.589932310110513, 55.676697533278833, 0.0 ], [ 12.590710508376713, 55.677033071800402, 0.0 ], [ 12.591452667961164, 55.677417947442358, 0.0 ], [ 12.592872272715489, 55.67823633981962, 0.0 ], [ 12.593640154190854, 55.678855856130319, 0.0 ], [ 12.591353027775201, 55.679464624685906, 0.0 ], [ 12.591327419786461, 55.679504669115659, 0.0 ], [ 12.591342928080877, 55.679536675491043, 0.0 ], [ 12.591371257542983, 55.679545377117847, 0.0 ], [ 12.591358262601936, 55.679561583389564, 0.0 ], [ 12.591170083558531, 55.679611064965052, 0.0 ], [ 12.591142654604525, 55.67960350585939, 0.0 ], [ 12.591151315025515, 55.67958688704703, 0.0 ], [ 12.59109590001902, 55.6795344689464, 0.0 ], [ 12.590991382081976, 55.679567832438067, 0.0 ], [ 12.590982809595349, 55.679557652941391, 0.0 ], [ 12.587763578461606, 55.680425906025604, 0.0 ], [ 12.587957735701412, 55.680658598702017, 0.0 ], [ 12.591191150961324, 55.679806020768403, 0.0 ], [ 12.591227329979612, 55.67979273225167, 0.0 ], [ 12.591170215054419, 55.67972525765267, 0.0 ], [ 12.591241477374219, 55.679693677271317, 0.0 ], [ 12.591444997786162, 55.679646623643599, 0.0 ], [ 12.59146301679387, 55.679657425609918, 0.0 ], [ 12.591452805702001, 55.679677956362021, 0.0 ], [ 12.591509599399778, 55.679724579142174, 0.0 ], [ 12.591613594168765, 55.679688982568756, 0.0 ], [ 12.591633119921211, 55.679667639454358, 0.0 ], [ 12.59393866028322, 55.679054819256059, 0.0 ], [ 12.593989163256959, 55.679053698667829, 0.0 ], [ 12.59402824686693, 55.679072065442412, 0.0 ], [ 12.587378920103971, 55.680877310714415, 0.0 ], [ 12.587826930777467, 55.681398408189487, 0.0 ], [ 12.586595840635731, 55.682177328213569, 0.0 ], [ 12.586035936541869, 55.682328311245783, 0.0 ], [ 12.587142433517894, 55.683621254251285, 0.0 ], [ 12.584076984561367, 55.684461346347213, 0.0 ], [ 12.58567350545769, 55.686316715268923, 0.0 ], [ 12.582490175930316, 55.687165335655408, 0.0 ], [ 12.581923350949632, 55.686525131108112, 0.0 ], [ 12.578403822610992, 55.687482372971147, 0.0 ], [ 12.576717092725783, 55.68832016009241, 0.0 ], [ 12.574394635081509, 55.689418692252161, 0.0 ], [ 12.571607215300537, 55.690708847231164, 0.0 ], [ 12.56937840713649, 55.691981959742002, 0.0 ], [ 12.569537206940989, 55.692089375285342, 0.0 ], [ 12.566478073369668, 55.690086173005831, 0.0 ], [ 12.563094684640694, 55.687533753035559, 0.0 ], [ 12.56315687691318, 55.687435374695788, 0.0 ], [ 12.563167590470981, 55.68734325768358, 0.0 ], [ 12.563131893774427, 55.687243137712834, 0.0 ], [ 12.563048305923745, 55.687151962257545, 0.0 ] ] ], [ [ [ 12.575989235826714, 55.675772472962542, 0.0 ], [ 12.576833244853429, 55.675063758146102, 0.0 ], [ 12.576820883752957, 55.675059083331305, 0.0 ], [ 12.577052003230884, 55.674856139703735, 0.0 ], [ 12.577066566631123, 55.674862278852245, 0.0 ], [ 12.577777447180729, 55.674283415962499, 0.0 ], [ 12.579571006479613, 55.672796871918123, 0.0 ], [ 12.580422352260713, 55.672261997607912, 0.0 ], [ 12.580486261587007, 55.67225968169376, 0.0 ], [ 12.580683869501252, 55.672346616492327, 0.0 ], [ 12.580727083846567, 55.67231460239757, 0.0 ], [ 12.582150652588338, 55.672942640331577, 0.0 ], [ 12.582100292155564, 55.672978280607424, 0.0 ], [ 12.582182679777022, 55.673014448494371, 0.0 ], [ 12.582246600591958, 55.672960068662903, 0.0 ], [ 12.583622807502762, 55.6734664656829, 0.0 ], [ 12.58353064074055, 55.673547748114942, 0.0 ], [ 12.58508819524087, 55.6742026791405, 0.0 ], [ 12.585566631347358, 55.674304863384059, 0.0 ], [ 12.585809225480638, 55.674441458390177, 0.0 ], [ 12.586648144139888, 55.674789362927321, 0.0 ], [ 12.58715986365851, 55.675063660479012, 0.0 ], [ 12.587282025036291, 55.67516565066186, 0.0 ], [ 12.587326798967332, 55.675221888487094, 0.0 ], [ 12.587397573384163, 55.675233665210925, 0.0 ], [ 12.587416233664459, 55.675260184692512, 0.0 ], [ 12.587379446616776, 55.675296329207661, 0.0 ], [ 12.586723779522929, 55.675423952614622, 0.0 ], [ 12.586701827670254, 55.675392763644986, 0.0 ], [ 12.584939507036481, 55.675779878485464, 0.0 ], [ 12.584549131956848, 55.675807207167075, 0.0 ], [ 12.584513977108578, 55.675796905194964, 0.0 ], [ 12.58371504852335, 55.675983280696379, 0.0 ], [ 12.582209452990055, 55.676635933304603, 0.0 ], [ 12.580092363594082, 55.677463599251951, 0.0 ], [ 12.580069606283759, 55.677486203739129, 0.0 ], [ 12.579766011309887, 55.677517816844464, 0.0 ], [ 12.579725477527987, 55.677497419864451, 0.0 ], [ 12.579437644907276, 55.677464730099359, 0.0 ], [ 12.579066504331221, 55.677373686740715, 0.0 ], [ 12.578341839067411, 55.677131826611443, 0.0 ], [ 12.577896143555074, 55.676963198202699, 0.0 ], [ 12.576053450139815, 55.675836150392733, 0.0 ], [ 12.575989235826714, 55.675772472962542, 0.0 ] ] ] ] } },
{ "type": "Feature", "properties": { "id": "737", "afstemningsomraadenummer": 56, "afstemningsstedNavn": "Skolen på Strandboulevarden", "kommuneLokalId": 389103, "navn": "1. Øst", "opstillingskredsLokalId": 403564, "areaSquareMetres": 782691.75 }, "geometry": { "type": "MultiPolygon", "coordinates": [ [ [ [ 12.600157063322829, 55.695424019930059, 0.0 ], [ 12.600514201981419, 55.695564599270938, 0.0 ], [ 12.601252153833844, 55.703774811626324, 0.0 ], [ 12.601364770636861, 55.703894513906249, 0.0 ], [ 12.601369809202341, 55.703918104502257, 0.0 ], [ 12.601344387875692, 55.703951581293673, 0.0 ], [ 12.601283269855251, 55.703969201433267, 0.0 ], [ 12.601230016303681, 55.703965010159983, 0.0 ], [ 12.600812144849305, 55.703777928364467, 0.0 ], [ 12.599682246098327, 55.702785481018594, 0.0 ], [ 12.599296597447252, 55.698430259211619, 0.0 ], [ 12.598846844980166, 55.69575327058984, 0.0 ], [ 12.600157063322829, 55.695424019930059, 0.0 ] ] ], [ [ [ 12.591010613946413, 55.707306467715398, 0.0 ], [ 12.58612301187666, 55.706750969966279, 0.0 ], [ 12.586528223857163, 55.705935704398335, 0.0 ], [ 12.587419017980112, 55.704291308184807, 0.0 ], [ 12.583812101187801, 55.703933667471183, 0.0 ], [ 12.584155472466664, 55.702827353484736, 0.0 ], [ 12.585379888717727, 55.701313315158366, 0.0 ], [ 12.582257287728387, 55.700529380680337, 0.0 ], [ 12.583675002879149, 55.698766844532678, 0.0 ], [ 12.584096755618695, 55.698839673336423, 0.0 ], [ 12.586166697255507, 55.699325421401319, 0.0 ], [ 12.5871248643441, 55.698085484548614, 0.0 ], [ 12.587338013215245, 55.697953095157324, 0.0 ], [ 12.591794740097212, 55.699038537213632, 0.0 ], [ 12.591980785511614, 55.698630164492712, 0.0 ], [ 12.592045662501736, 55.698164555291982, 0.0 ], [ 12.59208030586394, 55.697874273186208, 0.0 ], [ 12.592089428114001, 55.697619896605964, 0.0 ], [ 12.592040150466781, 55.696994788357827, 0.0 ], [ 12.591991100352436, 55.696668652133525, 0.0 ], [ 12.591936354378188, 55.69643826597742, 0.0 ], [ 12.591868853878324, 55.696252762949271, 0.0 ], [ 12.59172391998657, 55.695941753512507, 0.0 ], [ 12.591586411959845, 55.695701202336686, 0.0 ], [ 12.59135984958791, 55.695407958977597, 0.0 ], [ 12.593814199880041, 55.694744760758056, 0.0 ], [ 12.59380846214348, 55.694685762520734, 0.0 ], [ 12.594604067953279, 55.694459590237706, 0.0 ], [ 12.594754434850179, 55.694384237256948, 0.0 ], [ 12.595005832417614, 55.694207731587419, 0.0 ], [ 12.595159954787924, 55.694031199547254, 0.0 ], [ 12.595405590125004, 55.69366036805561, 0.0 ], [ 12.595549387175677, 55.693530895809474, 0.0 ], [ 12.595680682340321, 55.693480198912908, 0.0 ], [ 12.595791073761445, 55.693453223834375, 0.0 ], [ 12.596287959338818, 55.693453580856314, 0.0 ], [ 12.596848597867702, 55.69349630608, 0.0 ], [ 12.596830658175218, 55.693663091733214, 0.0 ], [ 12.596853874944534, 55.693827321566687, 0.0 ], [ 12.596953791550018, 55.693965203715585, 0.0 ], [ 12.597117933022268, 55.694096885992188, 0.0 ], [ 12.597591296638594, 55.694320925971176, 0.0 ], [ 12.598656414826099, 55.694712834520949, 0.0 ], [ 12.598935353483744, 55.694915508759372, 0.0 ], [ 12.599016090950087, 55.695035159168597, 0.0 ], [ 12.59912870571406, 55.695044443022702, 0.0 ], [ 12.599182881682729, 55.695084755260297, 0.0 ], [ 12.599197246757484, 55.695140532871498, 0.0 ], [ 12.599150998412492, 55.695172552369961, 0.0 ], [ 12.599264981670052, 55.695226125857694, 0.0 ], [ 12.599497943403883, 55.695484459084803, 0.0 ], [ 12.598842400081264, 55.695647836503909, 0.0 ], [ 12.598829485471329, 55.695644169124279, 0.0 ], [ 12.598815303867076, 55.695554037163525, 0.0 ], [ 12.597586500528134, 55.69565384056569, 0.0 ], [ 12.598092217369786, 55.697640234226881, 0.0 ], [ 12.597958678767077, 55.69765107546332, 0.0 ], [ 12.598390938427762, 55.698675695420974, 0.0 ], [ 12.597588691080547, 55.698740322460836, 0.0 ], [ 12.59764706024435, 55.698969880985075, 0.0 ], [ 12.59761102911998, 55.698972826152378, 0.0 ], [ 12.597600104835706, 55.699015048649166, 0.0 ], [ 12.597550363711626, 55.699035120797724, 0.0 ], [ 12.597489662293651, 55.699031236384982, 0.0 ], [ 12.597442399175437, 55.698986494423181, 0.0 ], [ 12.597406209226854, 55.698989444188186, 0.0 ], [ 12.597347841437371, 55.698759885531082, 0.0 ], [ 12.597207052163503, 55.69877156797655, 0.0 ], [ 12.596445734077264, 55.695746733891916, 0.0 ], [ 12.594963439756535, 55.695867071977261, 0.0 ], [ 12.596733502311992, 55.701070825727349, 0.0 ], [ 12.596182079251449, 55.701302709034636, 0.0 ], [ 12.596492756700554, 55.701543663148378, 0.0 ], [ 12.596513302238092, 55.701535057961159, 0.0 ], [ 12.596577528157182, 55.701584158508879, 0.0 ], [ 12.596584027539471, 55.701613281371046, 0.0 ], [ 12.596678728248486, 55.701687294881467, 0.0 ], [ 12.596699273817874, 55.701678689662785, 0.0 ], [ 12.596730752847163, 55.701702404258342, 0.0 ], [ 12.596731712655165, 55.701737084668274, 0.0 ], [ 12.596806733273846, 55.701796209193638, 0.0 ], [ 12.596841911314545, 55.701789153069136, 0.0 ], [ 12.5968681212867, 55.701809245566814, 0.0 ], [ 12.596879803466942, 55.70184451072911, 0.0 ], [ 12.59721837449159, 55.702109912256752, 0.0 ], [ 12.597243566699351, 55.702101620266198, 0.0 ], [ 12.597303727510232, 55.702148052205274, 0.0 ], [ 12.597281148277061, 55.702158785293562, 0.0 ], [ 12.597452027075951, 55.702292338105437, 0.0 ], [ 12.597478384647834, 55.702281134494321, 0.0 ], [ 12.597541678778846, 55.702328733284759, 0.0 ], [ 12.597513681570627, 55.702341153941084, 0.0 ], [ 12.597682701717551, 55.702471793655334, 0.0 ], [ 12.597714435973456, 55.70246537781005, 0.0 ], [ 12.597751008287418, 55.702494247962335, 0.0 ], [ 12.597772561866465, 55.702564111909645, 0.0 ], [ 12.597749155571407, 55.702567585937565, 0.0 ], [ 12.597762975738123, 55.702570687389724, 0.0 ], [ 12.597763472562999, 55.702595130666921, 0.0 ], [ 12.597750167780557, 55.702614943331781, 0.0 ], [ 12.597693697028884, 55.702605180052565, 0.0 ], [ 12.597582274939505, 55.702635064059976, 0.0 ], [ 12.597477519233488, 55.702612779516002, 0.0 ], [ 12.595192240478356, 55.70139718731717, 0.0 ], [ 12.594725455050432, 55.701676937314438, 0.0 ], [ 12.59495708752892, 55.702054100399366, 0.0 ], [ 12.594857813860788, 55.702559204616215, 0.0 ], [ 12.594874333509756, 55.702562227273518, 0.0 ], [ 12.594708319656252, 55.702802049677857, 0.0 ], [ 12.596879935627674, 55.70328311348959, 0.0 ], [ 12.596854453079072, 55.703315961663165, 0.0 ], [ 12.592214603431065, 55.702837341618199, 0.0 ], [ 12.592107989819169, 55.703679042502181, 0.0 ], [ 12.591888071533903, 55.704499063823953, 0.0 ], [ 12.591271925913439, 55.706775583022619, 0.0 ], [ 12.591010613946413, 55.707306467715398, 0.0 ] ] ] ] } },
{ "type": "Feature", "properties": { "id": "738", "afstemningsomraadenummer": 58, "afstemningsstedNavn": "Nørrebrohallen", "kommuneLokalId": 389103, "navn": "5. Nørrebrohallen", "opstillingskredsLokalId": 403567, "areaSquareMetres": 847306.71 }, "geometry": { "type": "Polygon", "coordinates": [ [ [ 12.537765404318543, 55.700865798260608, 0.0 ], [ 12.537814543451123, 55.701025331386063, 0.0 ], [ 12.537904711012517, 55.70106634015989, 0.0 ], [ 12.538078677377086, 55.701014565722105, 0.0 ], [ 12.538171978555315, 55.700924745401089, 0.0 ], [ 12.538334724516375, 55.7008070258155, 0.0 ], [ 12.539803940890884, 55.700202476604709, 0.0 ], [ 12.539977058317799, 55.700097403372546, 0.0 ], [ 12.540308504822079, 55.699956109452252, 0.0 ], [ 12.540843087045538, 55.699629836906624, 0.0 ], [ 12.544196457330697, 55.697407535599744, 0.0 ], [ 12.544263522383885, 55.697439586168514, 0.0 ], [ 12.54436359275938, 55.697528409455238, 0.0 ], [ 12.544540496508896, 55.697734241838646, 0.0 ], [ 12.546744968440906, 55.699822673158117, 0.0 ], [ 12.547882025230326, 55.700351858596612, 0.0 ], [ 12.55044288361055, 55.701807154850286, 0.0 ], [ 12.548087886769187, 55.703128738665086, 0.0 ], [ 12.556344477812656, 55.707752256323054, 0.0 ], [ 12.556382925083337, 55.707798527955603, 0.0 ], [ 12.555574700565398, 55.709400989417958, 0.0 ], [ 12.555494621994431, 55.709548436436066, 0.0 ], [ 12.555310960704086, 55.70982306082594, 0.0 ], [ 12.555022445999272, 55.710125091044738, 0.0 ], [ 12.554611884307695, 55.710473907064639, 0.0 ], [ 12.55426852906719, 55.710714132939067, 0.0 ], [ 12.553215177791138, 55.711350597271739, 0.0 ], [ 12.553143960175193, 55.7114537265998, 0.0 ], [ 12.552823458520489, 55.711286592188877, 0.0 ], [ 12.552408412041128, 55.711097287857953, 0.0 ], [ 12.551620465981877, 55.710759985607602, 0.0 ], [ 12.546476374331334, 55.709031886292721, 0.0 ], [ 12.546052420597077, 55.708878965242462, 0.0 ], [ 12.545161987522311, 55.708522016393047, 0.0 ], [ 12.544652428532505, 55.708294236307438, 0.0 ], [ 12.544540102748627, 55.708356916849802, 0.0 ], [ 12.543410437761388, 55.707668871576203, 0.0 ], [ 12.542683620552822, 55.707247025015747, 0.0 ], [ 12.54203625381888, 55.706749238640818, 0.0 ], [ 12.541899086154299, 55.706808408000185, 0.0 ], [ 12.541632044959602, 55.706627473311052, 0.0 ], [ 12.541450906233987, 55.706744469155517, 0.0 ], [ 12.541407367525551, 55.706724415898471, 0.0 ], [ 12.54163304335875, 55.70657870973271, 0.0 ], [ 12.541156330623153, 55.70614333931438, 0.0 ], [ 12.54012993493237, 55.7051381161466, 0.0 ], [ 12.539474469132513, 55.704430416142664, 0.0 ], [ 12.539206351586545, 55.704101774870757, 0.0 ], [ 12.538596849134745, 55.70306922507833, 0.0 ], [ 12.538473228530112, 55.702813382313977, 0.0 ], [ 12.538406402038925, 55.702725933115865, 0.0 ], [ 12.538255891696403, 55.702331225613719, 0.0 ], [ 12.538292498019409, 55.702325763769018, 0.0 ], [ 12.537945746427864, 55.701565811271109, 0.0 ], [ 12.537765404318543, 55.700865798260608, 0.0 ] ] ] } },
{ "type": "Feature", "properties": { "id": "739", "afstemningsomraadenummer": 53, "afstemningsstedNavn": "Vesterbro Ny Skole", "kommuneLokalId": 389103, "navn": "9. Vest", "opstillingskredsLokalId": 403574, "areaSquareMetres": 692147.47 }, "geometry": { "type": "Polygon", "coordinates": [ [ [ 12.528218696189866, 55.667351686435005, 0.0 ], [ 12.529244125839499, 55.66545155105743, 0.0 ], [ 12.529653846280425, 55.664753513370115, 0.0 ], [ 12.530042599906203, 55.66403126079819, 0.0 ], [ 12.530093130287527, 55.663903563063997, 0.0 ], [ 12.530485388631849, 55.663883995359036, 0.0 ], [ 12.530523619776869, 55.663879297735164, 0.0 ], [ 12.530540160163582, 55.663859849023758, 0.0 ], [ 12.53058830858502, 55.663271577307277, 0.0 ], [ 12.53597205607524, 55.663127384751924, 0.0 ], [ 12.537335629773334, 55.663046686473329, 0.0 ], [ 12.539262810009081, 55.66286068549703, 0.0 ], [ 12.540491044053544, 55.662706530445128, 0.0 ], [ 12.541285949051094, 55.662553911073637, 0.0 ], [ 12.54158418929433, 55.662555546198632, 0.0 ], [ 12.541767056827291, 55.663022866612721, 0.0 ], [ 12.541932808820816, 55.663401124031644, 0.0 ], [ 12.542044049804732, 55.663607506453474, 0.0 ], [ 12.545475337110204, 55.669590938135968, 0.0 ], [ 12.546172303423548, 55.670862619196022, 0.0 ], [ 12.545761518798043, 55.671537547461597, 0.0 ], [ 12.545676067524365, 55.671598914243681, 0.0 ], [ 12.545374681759675, 55.671898960493131, 0.0 ], [ 12.545159959929681, 55.672261779853748, 0.0 ], [ 12.539511370347725, 55.670637337721331, 0.0 ], [ 12.539404696876451, 55.670208726765402, 0.0 ], [ 12.53831912328425, 55.670292751289296, 0.0 ], [ 12.534821483251408, 55.669293149849096, 0.0 ], [ 12.53503499397827, 55.668970667301409, 0.0 ], [ 12.534899423355723, 55.668933394262986, 0.0 ], [ 12.534931750209223, 55.668819167278336, 0.0 ], [ 12.533509439203948, 55.668452125345269, 0.0 ], [ 12.533482292150717, 55.668422785674785, 0.0 ], [ 12.533253857370191, 55.668364808876241, 0.0 ], [ 12.53324442518805, 55.668374881601181, 0.0 ], [ 12.532720036095638, 55.668226434201252, 0.0 ], [ 12.530435204981041, 55.667767765026966, 0.0 ], [ 12.530376041410499, 55.667745011372553, 0.0 ], [ 12.529953015327393, 55.667783717018644, 0.0 ], [ 12.529562587048805, 55.66764749443486, 0.0 ], [ 12.52882980121853, 55.667475897041903, 0.0 ], [ 12.528218696189866, 55.667351686435005, 0.0 ] ] ] } },
{ "type": "Feature", "properties": { "id": "740", "afstemningsomraadenummer": 43, "afstemningsstedNavn": "Prøvehallen", "kommuneLokalId": 389103, "navn": "8. Nord", "opstillingskredsLokalId": 403576, "areaSquareMetres": 869123.75 }, "geometry": { "type": "Polygon", "coordinates": [ [ [ 12.503572568638045, 55.668570072424878, 0.0 ], [ 12.50356419729308, 55.668271971924469, 0.0 ], [ 12.503595473329748, 55.667981370354134, 0.0 ], [ 12.503662216716432, 55.667692452696528, 0.0 ], [ 12.504003554687589, 55.666927137574831, 0.0 ], [ 12.504108101653951, 55.666815441703349, 0.0 ], [ 12.504237513682481, 55.666601160714038, 0.0 ], [ 12.504441523628573, 55.666312095533854, 0.0 ], [ 12.504630844929814, 55.666093583993458, 0.0 ], [ 12.505123082502493, 55.665630114148691, 0.0 ], [ 12.505370155466357, 55.665427753534871, 0.0 ], [ 12.505814179382643, 55.665117166961998, 0.0 ], [ 12.506492348104414, 55.664737210932948, 0.0 ], [ 12.50695426576503, 55.664527173394646, 0.0 ], [ 12.507323245828893, 55.66438426236445, 0.0 ], [ 12.507313520384583, 55.664348484393827, 0.0 ], [ 12.507419903790693, 55.664269911772848, 0.0 ], [ 12.507450723086965, 55.664157534601671, 0.0 ], [ 12.507747756882331, 55.663438612355108, 0.0 ], [ 12.512437415333613, 55.663367464473829, 0.0 ], [ 12.514129051795015, 55.663375634401135, 0.0 ], [ 12.516286811945337, 55.663469410277244, 0.0 ], [ 12.516726408508353, 55.661638249262175, 0.0 ], [ 12.518828828918725, 55.661683573076473, 0.0 ], [ 12.519462804181851, 55.661771565446934, 0.0 ], [ 12.519633957962618, 55.66036584799776, 0.0 ], [ 12.521251421063514, 55.660431435464901, 0.0 ], [ 12.520799056023353, 55.663459587658465, 0.0 ], [ 12.521727358580515, 55.663420336543822, 0.0 ], [ 12.523200490324129, 55.663393655971028, 0.0 ], [ 12.523699181549459, 55.663400813549003, 0.0 ], [ 12.523817565964871, 55.663461341354235, 0.0 ], [ 12.529775675929777, 55.663365741465995, 0.0 ], [ 12.53058830858502, 55.663271577307277, 0.0 ], [ 12.530540160163582, 55.663859849023758, 0.0 ], [ 12.530523619776869, 55.663879297735164, 0.0 ], [ 12.530485388631849, 55.663883995359036, 0.0 ], [ 12.530093130287527, 55.663903563063997, 0.0 ], [ 12.530042599906203, 55.66403126079819, 0.0 ], [ 12.529653846280425, 55.664753513370115, 0.0 ], [ 12.529244125839499, 55.66545155105743, 0.0 ], [ 12.528218696189866, 55.667351686435005, 0.0 ], [ 12.526181477167603, 55.66696511971702, 0.0 ], [ 12.523615783350893, 55.666540928459604, 0.0 ], [ 12.52331291579056, 55.666505843340211, 0.0 ], [ 12.523241003138263, 55.666725057629286, 0.0 ], [ 12.523089225944789, 55.666698398061826, 0.0 ], [ 12.522526638400606, 55.666711775765521, 0.0 ], [ 12.520756412069787, 55.667151241221404, 0.0 ], [ 12.520763961720377, 55.667182135406406, 0.0 ], [ 12.5203195639232, 55.667214947484716, 0.0 ], [ 12.520328658824896, 55.667255957844766, 0.0 ], [ 12.51953828500333, 55.667448500801584, 0.0 ], [ 12.519547925013402, 55.667516830051987, 0.0 ], [ 12.519187039012296, 55.667533663257139, 0.0 ], [ 12.517603929439671, 55.667914031071582, 0.0 ], [ 12.517601693465799, 55.667956445669766, 0.0 ], [ 12.517339579033784, 55.667951826902424, 0.0 ], [ 12.517337176876847, 55.667988851297864, 0.0 ], [ 12.515967212625709, 55.668328464816312, 0.0 ], [ 12.511004172398886, 55.669612259435091, 0.0 ], [ 12.510976390297506, 55.669515316547518, 0.0 ], [ 12.510957463865486, 55.669506507275976, 0.0 ], [ 12.503719581872712, 55.669142859302639, 0.0 ], [ 12.503626796649728, 55.668863265914005, 0.0 ], [ 12.503572568638045, 55.668570072424878, 0.0 ] ] ] } },
{ "type": "Feature", "properties": { "id": "741", "afstemningsomraadenummer": 52, "afstemningsstedNavn": "Skolen ved Dybbølsbro", "kommuneLokalId": 389103, "navn": "9. Øst", "opstillingskredsLokalId": 403574, "areaSquareMetres": 992005.89 }, "geometry": { "type": "MultiPolygon", "coordinates": [ [ [ [ 12.550977734549768, 55.669845856036126, 0.0 ], [ 12.551198319394894, 55.668562373134769, 0.0 ], [ 12.55399525207925, 55.669389043356411, 0.0 ], [ 12.554720590713274, 55.667576862230128, 0.0 ], [ 12.555045376006611, 55.667723271707516, 0.0 ], [ 12.557013466867224, 55.66555285832866, 0.0 ], [ 12.558773987489369, 55.66518489719509, 0.0 ], [ 12.561463950033557, 55.663263112075597, 0.0 ], [ 12.561889434754075, 55.663187538491179, 0.0 ], [ 12.562418147519947, 55.663423225956905, 0.0 ], [ 12.562581226472808, 55.663309866452209, 0.0 ], [ 12.56534055209408, 55.664556655195497, 0.0 ], [ 12.565577105285877, 55.6643872041873, 0.0 ], [ 12.566227383195457, 55.664682192628618, 0.0 ], [ 12.566677827912207, 55.66465703966346, 0.0 ], [ 12.566702297291055, 55.664667207824962, 0.0 ], [ 12.566751411239476, 55.664920066451785, 0.0 ], [ 12.568250176770244, 55.665596784681192, 0.0 ], [ 12.56838262005491, 55.665512183550952, 0.0 ], [ 12.568706138868508, 55.665656526105884, 0.0 ], [ 12.568580710941244, 55.66574478985153, 0.0 ], [ 12.570438710092091, 55.666583307860279, 0.0 ], [ 12.570281380899806, 55.666695071804419, 0.0 ], [ 12.570412489701921, 55.666754645745797, 0.0 ], [ 12.570571690018532, 55.666642467465316, 0.0 ], [ 12.570863544184926, 55.66677432900299, 0.0 ], [ 12.571002183630492, 55.666675697190158, 0.0 ], [ 12.571299813523508, 55.666809817265339, 0.0 ], [ 12.571158468888729, 55.666908438299096, 0.0 ], [ 12.572262370435277, 55.667407243592272, 0.0 ], [ 12.573104411158242, 55.667883099263129, 0.0 ], [ 12.572558811427696, 55.668173518747167, 0.0 ], [ 12.572240310379311, 55.668011325821205, 0.0 ], [ 12.571259232750187, 55.667561634282706, 0.0 ], [ 12.570911259405483, 55.667807175132992, 0.0 ], [ 12.571019737302587, 55.667861023472767, 0.0 ], [ 12.571170343711348, 55.66797559803701, 0.0 ], [ 12.571634952369788, 55.668223994768745, 0.0 ], [ 12.571639517633843, 55.668268820741211, 0.0 ], [ 12.570699386249018, 55.66892608009848, 0.0 ], [ 12.56980245812659, 55.669595111866961, 0.0 ], [ 12.569397792007797, 55.669978254404015, 0.0 ], [ 12.56880577374319, 55.670615381931064, 0.0 ], [ 12.567798974008277, 55.671486763741605, 0.0 ], [ 12.567457035082425, 55.671673401906276, 0.0 ], [ 12.567108235591325, 55.671996104369484, 0.0 ], [ 12.566930890415668, 55.671935623911068, 0.0 ], [ 12.566445919524895, 55.672377470401983, 0.0 ], [ 12.566448592755775, 55.672401580507945, 0.0 ], [ 12.566125890258059, 55.672701760725239, 0.0 ], [ 12.566172200785257, 55.672717588040598, 0.0 ], [ 12.565562278041687, 55.673284903388691, 0.0 ], [ 12.565516125762946, 55.673269071235111, 0.0 ], [ 12.564935047512559, 55.673809108560441, 0.0 ], [ 12.565006085757323, 55.673834378057926, 0.0 ], [ 12.564058960077633, 55.674726830250329, 0.0 ], [ 12.56113936666328, 55.673728604590856, 0.0 ], [ 12.560870183080924, 55.673566298583196, 0.0 ], [ 12.560302992172616, 55.674466298787486, 0.0 ], [ 12.560244593768221, 55.674482021614395, 0.0 ], [ 12.556904359785387, 55.673807114123136, 0.0 ], [ 12.555947314192581, 55.67368300340322, 0.0 ], [ 12.555086694715728, 55.67352731595124, 0.0 ], [ 12.554099640692042, 55.673472128437318, 0.0 ], [ 12.55447253413057, 55.673485416755241, 0.0 ], [ 12.554728141714328, 55.672399538500159, 0.0 ], [ 12.553802702533813, 55.672505762498808, 0.0 ], [ 12.552499949666014, 55.672625340036774, 0.0 ], [ 12.552561822644206, 55.671681574503879, 0.0 ], [ 12.552820837820015, 55.669899732350174, 0.0 ], [ 12.550977734549768, 55.669845856036126, 0.0 ] ] ], [ [ [ 12.562909467059395, 55.663286210234759, 0.0 ], [ 12.563590951115863, 55.662809081099347, 0.0 ], [ 12.563624426225735, 55.662823843619393, 0.0 ], [ 12.563658660406364, 55.66279973961808, 0.0 ], [ 12.564019537658023, 55.662963509234466, 0.0 ], [ 12.563606374988177, 55.663254894282744, 0.0 ], [ 12.564763348562833, 55.663778027929965, 0.0 ], [ 12.565177068964744, 55.663485813465996, 0.0 ], [ 12.565864369335664, 55.663796271791504, 0.0 ], [ 12.565542388224012, 55.664025036082094, 0.0 ], [ 12.565696037661541, 55.6640947493959, 0.0 ], [ 12.565318794070807, 55.664359558840744, 0.0 ], [ 12.565293768222507, 55.66436424302227, 0.0 ], [ 12.562909467059395, 55.663286210234759, 0.0 ] ] ] ] } },
{ "type": "Feature", "properties": { "id": "742", "afstemningsomraadenummer": 50, "afstemningsstedNavn": "Oehlenschlægersgades Skole", "kommuneLokalId": 389103, "navn": "9. Nord", "opstillingskredsLokalId": 403574, "areaSquareMetres": 352463.33 }, "geometry": { "type": "Polygon", "coordinates": [ [ [ 12.545159959929681, 55.672261779853748, 0.0 ], [ 12.545374681759675, 55.671898960493131, 0.0 ], [ 12.545676067524365, 55.671598914243681, 0.0 ], [ 12.545761518798043, 55.671537547461597, 0.0 ], [ 12.546172303423548, 55.670862619196022, 0.0 ], [ 12.545479501974587, 55.669598280808039, 0.0 ], [ 12.54875830251691, 55.669785940859711, 0.0 ], [ 12.549895709852578, 55.669814247485121, 0.0 ], [ 12.550078134598404, 55.667289756221543, 0.0 ], [ 12.550165188528117, 55.665575391998125, 0.0 ], [ 12.551003342100499, 55.66587850677719, 0.0 ], [ 12.552241285078461, 55.664513487102511, 0.0 ], [ 12.55483251323912, 55.664862698706749, 0.0 ], [ 12.558773987489369, 55.66518489719509, 0.0 ], [ 12.557013466867224, 55.66555285832866, 0.0 ], [ 12.555045376006611, 55.667723271707516, 0.0 ], [ 12.554720590713274, 55.667576862230128, 0.0 ], [ 12.55399525207925, 55.669389043356411, 0.0 ], [ 12.551198319394894, 55.668562373134769, 0.0 ], [ 12.550977734549768, 55.669845856036126, 0.0 ], [ 12.552820837820015, 55.669899732350174, 0.0 ], [ 12.552561822644206, 55.671681574503879, 0.0 ], [ 12.552499949666014, 55.672625340036774, 0.0 ], [ 12.553802702533813, 55.672505762498808, 0.0 ], [ 12.554728141714328, 55.672399538500159, 0.0 ], [ 12.55447253413057, 55.673485416755241, 0.0 ], [ 12.554066542565373, 55.673472098747773, 0.0 ], [ 12.554063344705252, 55.673496469103192, 0.0 ], [ 12.549926960466447, 55.674439668819602, 0.0 ], [ 12.549892483179201, 55.674426190353188, 0.0 ], [ 12.550003738557223, 55.67366487806482, 0.0 ], [ 12.549854287599516, 55.673662641094687, 0.0 ], [ 12.54989131237628, 55.673340924721927, 0.0 ], [ 12.549915185629132, 55.673342751212751, 0.0 ], [ 12.54999384020749, 55.672832622035557, 0.0 ], [ 12.549975086747894, 55.672729310731739, 0.0 ], [ 12.549950878445168, 55.672700968407462, 0.0 ], [ 12.549771145244666, 55.672699877903916, 0.0 ], [ 12.549749756828664, 55.672672802658845, 0.0 ], [ 12.548468493720351, 55.672984047484015, 0.0 ], [ 12.548028140798317, 55.673033926612128, 0.0 ], [ 12.547529935054905, 55.673066955106279, 0.0 ], [ 12.547365082566042, 55.672973715130787, 0.0 ], [ 12.547132477120496, 55.672905363893427, 0.0 ], [ 12.547022037020147, 55.672891114967214, 0.0 ], [ 12.547073576193652, 55.672811935672065, 0.0 ], [ 12.545159959929681, 55.672261779853748, 0.0 ] ] ] } },
{ "type": "Feature", "properties": { "id": "743", "afstemningsomraadenummer": 47, "afstemningsstedNavn": "Sankt Annæ Gymnasium", "kommuneLokalId": 389103, "navn": "8. Sydøst", "opstillingskredsLokalId": 403576, "areaSquareMetres": 2877898.99 }, "geometry": { "type": "Polygon", "coordinates": [ [ [ 12.500485347263231, 55.641619210286052, 0.0 ], [ 12.500661331336978, 55.641539014410597, 0.0 ], [ 12.500935691897803, 55.641470934234029, 0.0 ], [ 12.501102351993032, 55.641357555397391, 0.0 ], [ 12.501204362723703, 55.641257262624009, 0.0 ], [ 12.501808601614579, 55.640354420010951, 0.0 ], [ 12.501728121363255, 55.640254305467721, 0.0 ], [ 12.502415887174362, 55.639226157958205, 0.0 ], [ 12.502537972517866, 55.639083749148554, 0.0 ], [ 12.502675049223996, 55.638957905833131, 0.0 ], [ 12.506461086206254, 55.63594688765059, 0.0 ], [ 12.506612389455334, 55.635793747611835, 0.0 ], [ 12.506618658683214, 55.635846079135078, 0.0 ], [ 12.506591305781328, 55.635913489493618, 0.0 ], [ 12.506556296703923, 55.635952165978026, 0.0 ], [ 12.506713917996208, 55.635983442451952, 0.0 ], [ 12.506880904078837, 55.635939910434097, 0.0 ], [ 12.50693319976455, 55.635890129101618, 0.0 ], [ 12.507027337530724, 55.63585497558168, 0.0 ], [ 12.507296026530945, 55.635658282982064, 0.0 ], [ 12.507370409895355, 55.635549783608838, 0.0 ], [ 12.507789350964927, 55.635355353485735, 0.0 ], [ 12.508844498547473, 55.634511587277622, 0.0 ], [ 12.509223553297511, 55.634454247016372, 0.0 ], [ 12.519625245029351, 55.637230012154383, 0.0 ], [ 12.519703632206927, 55.63723198699121, 0.0 ], [ 12.520042040848484, 55.637313172991902, 0.0 ], [ 12.520326544506867, 55.637351667627783, 0.0 ], [ 12.52193102623259, 55.63741427770865, 0.0 ], [ 12.5222881589706, 55.637318053805515, 0.0 ], [ 12.522354583041013, 55.637264712481723, 0.0 ], [ 12.522548941342972, 55.63701815002775, 0.0 ], [ 12.522589760332147, 55.637000072458306, 0.0 ], [ 12.522007578118169, 55.639216880761964, 0.0 ], [ 12.522000855807619, 55.639462365999556, 0.0 ], [ 12.522013841518103, 55.639544985695103, 0.0 ], [ 12.522051785895203, 55.639632912531624, 0.0 ], [ 12.521738623259266, 55.639664930399739, 0.0 ], [ 12.521420395156129, 55.639748525195003, 0.0 ], [ 12.521364312634063, 55.639897599509375, 0.0 ], [ 12.521355252424184, 55.640219760586298, 0.0 ], [ 12.521328588291945, 55.640292819492259, 0.0 ], [ 12.521277843532372, 55.640365041683154, 0.0 ], [ 12.52109116701104, 55.640520385566944, 0.0 ], [ 12.521037832617482, 55.640600954353438, 0.0 ], [ 12.521065382529297, 55.640723618073153, 0.0 ], [ 12.521018687779957, 55.640902904123777, 0.0 ], [ 12.52103374442426, 55.640953723904111, 0.0 ], [ 12.521091178958279, 55.64100908084017, 0.0 ], [ 12.521230692686823, 55.641103890711115, 0.0 ], [ 12.52127999855286, 55.64118025179549, 0.0 ], [ 12.521283281888477, 55.641253978825596, 0.0 ], [ 12.52131231172886, 55.641340004006032, 0.0 ], [ 12.521369648036181, 55.641392486321301, 0.0 ], [ 12.521465795853388, 55.641455812348696, 0.0 ], [ 12.521958356901061, 55.641580130144064, 0.0 ], [ 12.522123170668625, 55.641637975701265, 0.0 ], [ 12.522303178887102, 55.641730451775736, 0.0 ], [ 12.522479570993019, 55.641860526680709, 0.0 ], [ 12.522625270647616, 55.642050648523274, 0.0 ], [ 12.522685758889843, 55.642175332487042, 0.0 ], [ 12.522727637909618, 55.642299921886476, 0.0 ], [ 12.52276048402276, 55.642477911520366, 0.0 ], [ 12.52276684136816, 55.642690201338333, 0.0 ], [ 12.522726443471004, 55.64283334052574, 0.0 ], [ 12.522481288126137, 55.643420797110416, 0.0 ], [ 12.522399144912136, 55.643754050292991, 0.0 ], [ 12.522346297198391, 55.643854207387761, 0.0 ], [ 12.522335633225893, 55.643976170761093, 0.0 ], [ 12.522269103255899, 55.64409038831468, 0.0 ], [ 12.522835218217008, 55.64502570349228, 0.0 ], [ 12.523067599646133, 55.645017855187625, 0.0 ], [ 12.523033075378436, 55.645192745920376, 0.0 ], [ 12.52311813329769, 55.645521732946214, 0.0 ], [ 12.522857108665962, 55.645738111490523, 0.0 ], [ 12.522576368085861, 55.646004060501568, 0.0 ], [ 12.520125670883438, 55.648482247130161, 0.0 ], [ 12.518597487117155, 55.650053891761779, 0.0 ], [ 12.518358774914317, 55.650319253027043, 0.0 ], [ 12.517129613994857, 55.651297748717241, 0.0 ], [ 12.516407608589637, 55.651798705244509, 0.0 ], [ 12.515958689092143, 55.652075216631189, 0.0 ], [ 12.515488355889214, 55.652338223572301, 0.0 ], [ 12.515985313336733, 55.65236488199924, 0.0 ], [ 12.516486386843935, 55.652366513572822, 0.0 ], [ 12.517052066417973, 55.652331401965753, 0.0 ], [ 12.5174357622928, 55.652281458627328, 0.0 ], [ 12.517832267315882, 55.652214781724282, 0.0 ], [ 12.518454519928591, 55.652071219563638, 0.0 ], [ 12.519852213019931, 55.651680329354853, 0.0 ], [ 12.520088606976103, 55.651580387767638, 0.0 ], [ 12.520435109103104, 55.651500661668237, 0.0 ], [ 12.520784334953182, 55.651430027793879, 0.0 ], [ 12.521491530527555, 55.651327709309435, 0.0 ], [ 12.522320547160028, 55.651252098031222, 0.0 ], [ 12.523178864174538, 55.651230038329061, 0.0 ], [ 12.524121536288215, 55.651253023247889, 0.0 ], [ 12.527375886721895, 55.651526815111318, 0.0 ], [ 12.527287155788851, 55.651834275375371, 0.0 ], [ 12.527504335907983, 55.651888539425769, 0.0 ], [ 12.527471769110949, 55.652047909525663, 0.0 ], [ 12.524844570281445, 55.661114224391859, 0.0 ], [ 12.524504573166483, 55.662343804485204, 0.0 ], [ 12.524453356746291, 55.662474666478339, 0.0 ], [ 12.527181749796419, 55.663010956951268, 0.0 ], [ 12.52802124605611, 55.663135612854276, 0.0 ], [ 12.529080441944219, 55.663225165702727, 0.0 ], [ 12.530552061838369, 55.663271811904217, 0.0 ], [ 12.529775675929777, 55.663365741465995, 0.0 ], [ 12.523817565964871, 55.663461341354235, 0.0 ], [ 12.523699181549459, 55.663400813549003, 0.0 ], [ 12.523200490324129, 55.663393655971028, 0.0 ], [ 12.521727358580515, 55.663420336543822, 0.0 ], [ 12.520799056023353, 55.663459587658465, 0.0 ], [ 12.521251421063514, 55.660431435464901, 0.0 ], [ 12.519633957962618, 55.66036584799776, 0.0 ], [ 12.519462804181851, 55.661771565446934, 0.0 ], [ 12.518828828918725, 55.661683573076473, 0.0 ], [ 12.516726408508353, 55.661638249262175, 0.0 ], [ 12.516684950971918, 55.661360698739209, 0.0 ], [ 12.515565087469414, 55.660085438580552, 0.0 ], [ 12.511531836432759, 55.655081940706211, 0.0 ], [ 12.507839546921424, 55.650647893896178, 0.0 ], [ 12.505459976674405, 55.647665934988773, 0.0 ], [ 12.501608480658097, 55.642896569877436, 0.0 ], [ 12.501519025334536, 55.642802825831524, 0.0 ], [ 12.501436023669827, 55.642672751249506, 0.0 ], [ 12.501010992114809, 55.642153940802558, 0.0 ], [ 12.500485347263231, 55.641619210286052, 0.0 ] ] ] } },
{ "type": "Feature", "properties": { "id": "744", "afstemningsomraadenummer": 19, "afstemningsstedNavn": "Skolen ved Sundet", "kommuneLokalId": 389103, "navn": "4. Øst", "opstillingskredsLokalId": 403566, "areaSquareMetres": 2758126.9 }, "geometry": { "type": "MultiPolygon", "coordinates": [ [ [ [ 12.617877831371169, 55.661040660766005, 0.0 ], [ 12.6185176486812, 55.660042460621561, 0.0 ], [ 12.619704942732625, 55.65842140273066, 0.0 ], [ 12.622757569784762, 55.654898980861304, 0.0 ], [ 12.622518460273156, 55.654832852880205, 0.0 ], [ 12.618898354025504, 55.654130149364455, 0.0 ], [ 12.619163166649754, 55.653775599989864, 0.0 ], [ 12.620433213743743, 55.651687471299986, 0.0 ], [ 12.621663927732845, 55.64827515957677, 0.0 ], [ 12.621700074226712, 55.648213755199578, 0.0 ], [ 12.62180918281987, 55.648064321228389, 0.0 ], [ 12.62199437450456, 55.647876131249198, 0.0 ], [ 12.622161457976238, 55.647744945845943, 0.0 ], [ 12.622376933912104, 55.647609182742748, 0.0 ], [ 12.62558718826655, 55.646072031802042, 0.0 ], [ 12.626462333079591, 55.645594021463936, 0.0 ], [ 12.626878773371924, 55.645295122935849, 0.0 ], [ 12.627622404373119, 55.644683237936846, 0.0 ], [ 12.62812799111928, 55.644378818649201, 0.0 ], [ 12.628369880956395, 55.644296933852921, 0.0 ], [ 12.628617289917116, 55.644326206363324, 0.0 ], [ 12.63396092200847, 55.645135598944435, 0.0 ], [ 12.634327241839946, 55.644404833773478, 0.0 ], [ 12.638265108863694, 55.644955564608665, 0.0 ], [ 12.639588865680942, 55.645124066117056, 0.0 ], [ 12.641366448122188, 55.645386885213874, 0.0 ], [ 12.646896032519269, 55.646161599592048, 0.0 ], [ 12.647944529061288, 55.646320488050065, 0.0 ], [ 12.648096016240387, 55.646747059658296, 0.0 ], [ 12.648204055603964, 55.646969904802866, 0.0 ], [ 12.648444881765959, 55.647297061775497, 0.0 ], [ 12.648676704225325, 55.647524044725969, 0.0 ], [ 12.649805409092334, 55.647399706927224, 0.0 ], [ 12.650201750329678, 55.647398873600359, 0.0 ], [ 12.650363004688723, 55.647429769440095, 0.0 ], [ 12.650519112106775, 55.647492470558952, 0.0 ], [ 12.65067489736496, 55.647592678129307, 0.0 ], [ 12.650738632142451, 55.647653814248109, 0.0 ], [ 12.65071067512176, 55.647681443466276, 0.0 ], [ 12.650644641649835, 55.64768439953712, 0.0 ], [ 12.650432418210018, 55.647551882826242, 0.0 ], [ 12.650222536981873, 55.647480352341482, 0.0 ], [ 12.649883146661766, 55.647459257490191, 0.0 ], [ 12.648417437925806, 55.647629147319904, 0.0 ], [ 12.64849230645309, 55.647866287990809, 0.0 ], [ 12.648473093888084, 55.647870007160591, 0.0 ], [ 12.648244996258823, 55.647893162764689, 0.0 ], [ 12.648232267915992, 55.647850379624693, 0.0 ], [ 12.646537811509772, 55.64802642603383, 0.0 ], [ 12.643340990657844, 55.650026199361648, 0.0 ], [ 12.643188429671479, 55.650126499824701, 0.0 ], [ 12.642474283709527, 55.650682843342302, 0.0 ], [ 12.642293990309605, 55.650782528044509, 0.0 ], [ 12.642266315901603, 55.650820127988318, 0.0 ], [ 12.642280356886555, 55.650868537640662, 0.0 ], [ 12.642253700625155, 55.651030017964139, 0.0 ], [ 12.64222528330766, 55.651066471002935, 0.0 ], [ 12.642042697725882, 55.651186005947146, 0.0 ], [ 12.64201293637746, 55.651221689583295, 0.0 ], [ 12.64200407043916, 55.651292270961967, 0.0 ], [ 12.640157776660054, 55.654437328315609, 0.0 ], [ 12.63967287122354, 55.655368827451703, 0.0 ], [ 12.639031038715569, 55.656330250855589, 0.0 ], [ 12.638175477471661, 55.657449979667661, 0.0 ], [ 12.638109104232027, 55.657509408812409, 0.0 ], [ 12.638079479782006, 55.657567207699465, 0.0 ], [ 12.637930469850698, 55.657687357795297, 0.0 ], [ 12.637933874706439, 55.657727451172391, 0.0 ], [ 12.637881098299792, 55.657758601312324, 0.0 ], [ 12.637915955832117, 55.657777708972141, 0.0 ], [ 12.636005604333519, 55.659956420521603, 0.0 ], [ 12.635872232184957, 55.66013724981304, 0.0 ], [ 12.63527155107076, 55.661182224604168, 0.0 ], [ 12.635233399156304, 55.661365894204856, 0.0 ], [ 12.635400027374953, 55.662487743902595, 0.0 ], [ 12.635382655996859, 55.662504534638842, 0.0 ], [ 12.635399196561053, 55.662614196464766, 0.0 ], [ 12.635423462447356, 55.66263227017474, 0.0 ], [ 12.63549332551082, 55.663153624279751, 0.0 ], [ 12.635561512713352, 55.663189008907231, 0.0 ], [ 12.635589102983321, 55.663232611280876, 0.0 ], [ 12.635563543669681, 55.663353143118442, 0.0 ], [ 12.635432274011446, 55.663297958485003, 0.0 ], [ 12.634010628463733, 55.66287980876465, 0.0 ], [ 12.63200856434978, 55.662293605632819, 0.0 ], [ 12.631747341905129, 55.662233275381077, 0.0 ], [ 12.628987103718055, 55.661889607816669, 0.0 ], [ 12.627158225427381, 55.661588461941136, 0.0 ], [ 12.626526250505249, 55.661528389882797, 0.0 ], [ 12.624662463792811, 55.661507980836838, 0.0 ], [ 12.622153164727926, 55.661406538029141, 0.0 ], [ 12.619637387234988, 55.661236536619413, 0.0 ], [ 12.617877831371169, 55.661040660766005, 0.0 ] ] ], [ [ [ 12.636934963573669, 55.662779415472052, 0.0 ], [ 12.636941307358159, 55.662753510044134, 0.0 ], [ 12.63699311998851, 55.662699908951438, 0.0 ], [ 12.637197145824905, 55.662255493828816, 0.0 ], [ 12.637266467297662, 55.662261979420101, 0.0 ], [ 12.637281673227545, 55.662286975699892, 0.0 ], [ 12.637203894840244, 55.662442957359765, 0.0 ], [ 12.637314888992048, 55.662409990309179, 0.0 ], [ 12.637364665356547, 55.662281365960538, 0.0 ], [ 12.637369337747604, 55.662091855038341, 0.0 ], [ 12.63753621881186, 55.661857336480416, 0.0 ], [ 12.637640228692932, 55.66166182047148, 0.0 ], [ 12.637740892417545, 55.661524492219577, 0.0 ], [ 12.638063036765693, 55.661243911919357, 0.0 ], [ 12.638455480210512, 55.660822856604852, 0.0 ], [ 12.638631295366338, 55.66060758388786, 0.0 ], [ 12.638704607941635, 55.660444719914558, 0.0 ], [ 12.638783166403279, 55.660382860646791, 0.0 ], [ 12.638839084396684, 55.660313580570104, 0.0 ], [ 12.638933121899422, 55.660247125360804, 0.0 ], [ 12.639090493786735, 55.660174114011362, 0.0 ], [ 12.639188006429592, 55.660093707677454, 0.0 ], [ 12.639328902021829, 55.659911841879463, 0.0 ], [ 12.639617391077024, 55.65964592416271, 0.0 ], [ 12.6396620828557, 55.659550000849151, 0.0 ], [ 12.639661966749486, 55.65950252628901, 0.0 ], [ 12.639764662008055, 55.659328987792428, 0.0 ], [ 12.640073144303667, 55.658985593191183, 0.0 ], [ 12.640075537873802, 55.658953150736551, 0.0 ], [ 12.640060704945324, 55.65894073257973, 0.0 ], [ 12.639954779407532, 55.65889801860537, 0.0 ], [ 12.639713629776111, 55.658706095301042, 0.0 ], [ 12.639665612633864, 55.658648083621159, 0.0 ], [ 12.639648220313907, 55.658359865387638, 0.0 ], [ 12.639598693878208, 55.658081863091823, 0.0 ], [ 12.639609134008101, 55.658057274572066, 0.0 ], [ 12.63964106884065, 55.658043197961135, 0.0 ], [ 12.639844367748147, 55.658076006990058, 0.0 ], [ 12.639968833437242, 55.658068354522094, 0.0 ], [ 12.640085320288495, 55.657957710136323, 0.0 ], [ 12.640140896658371, 55.657853999950184, 0.0 ], [ 12.640202317499535, 55.657790940077575, 0.0 ], [ 12.640292053366313, 55.657738189418524, 0.0 ], [ 12.640405603131269, 55.6577037945939, 0.0 ], [ 12.641198444753595, 55.657662261392737, 0.0 ], [ 12.641583860201411, 55.657624914746158, 0.0 ], [ 12.642038334862093, 55.657557100085192, 0.0 ], [ 12.642194935705916, 55.657508475849184, 0.0 ], [ 12.64227759699782, 55.657458361747302, 0.0 ], [ 12.642415283852676, 55.657314084203556, 0.0 ], [ 12.642781970775751, 55.657123256244368, 0.0 ], [ 12.642976120070614, 55.656984133984118, 0.0 ], [ 12.643837032487607, 55.656445097559427, 0.0 ], [ 12.644305084562738, 55.656097666902141, 0.0 ], [ 12.64512388839105, 55.65553208723604, 0.0 ], [ 12.645709377107835, 55.655200940935572, 0.0 ], [ 12.645891159992557, 55.655074410747801, 0.0 ], [ 12.646028982609838, 55.654969420087475, 0.0 ], [ 12.646146170668313, 55.654822150881309, 0.0 ], [ 12.646180960664854, 55.654637138125523, 0.0 ], [ 12.646202038734739, 55.654617537827853, 0.0 ], [ 12.646249027038149, 55.654611464151898, 0.0 ], [ 12.646253179413868, 55.654486890305108, 0.0 ], [ 12.646385670572977, 55.654488703809349, 0.0 ], [ 12.646387859049691, 55.654433607199799, 0.0 ], [ 12.646413478123751, 55.654406408347675, 0.0 ], [ 12.646582330897381, 55.65439221304657, 0.0 ], [ 12.646633267594485, 55.654367048467826, 0.0 ], [ 12.646646869920348, 55.654147506865478, 0.0 ], [ 12.64661566315214, 55.653945484127419, 0.0 ], [ 12.646466888277748, 55.65360119753538, 0.0 ], [ 12.64629487393745, 55.65337629755301, 0.0 ], [ 12.645821762489543, 55.652930426517244, 0.0 ], [ 12.645394370137884, 55.652645950581132, 0.0 ], [ 12.644224534419765, 55.652035646866096, 0.0 ], [ 12.643875879847695, 55.651875972697979, 0.0 ], [ 12.643073158712413, 55.651406260166226, 0.0 ], [ 12.642970093463719, 55.651322280360013, 0.0 ], [ 12.642871467161143, 55.651185115351502, 0.0 ], [ 12.642847228869147, 55.651109133430907, 0.0 ], [ 12.642851761505977, 55.650897865003493, 0.0 ], [ 12.642949902598685, 55.650824540165225, 0.0 ], [ 12.64306829077143, 55.650765450339897, 0.0 ], [ 12.643222722665563, 55.65075366633107, 0.0 ], [ 12.644033042046683, 55.650229528025335, 0.0 ], [ 12.645067223768413, 55.649602601173633, 0.0 ], [ 12.647112803862662, 55.648304886731204, 0.0 ], [ 12.648335622823064, 55.6481919697789, 0.0 ], [ 12.648322852588318, 55.648152155282688, 0.0 ], [ 12.648552170224447, 55.648130132209999, 0.0 ], [ 12.648632291103944, 55.648396340743126, 0.0 ], [ 12.649620231644107, 55.648305509768036, 0.0 ], [ 12.650356822380262, 55.648198238275391, 0.0 ], [ 12.650524857111032, 55.648112394435316, 0.0 ], [ 12.650595795004561, 55.648057947484126, 0.0 ], [ 12.650711299719044, 55.647881049425919, 0.0 ], [ 12.650764905810741, 55.647872708564975, 0.0 ], [ 12.65082097593862, 55.647889112471205, 0.0 ], [ 12.650833513616304, 55.647912747898168, 0.0 ], [ 12.650809080995382, 55.647971384808805, 0.0 ], [ 12.65069279807491, 55.648119441509103, 0.0 ], [ 12.650521709973573, 55.648218594913082, 0.0 ], [ 12.650320914877005, 55.648285631864198, 0.0 ], [ 12.650203736183892, 55.6483045882445, 0.0 ], [ 12.649236805096688, 55.648409275664918, 0.0 ], [ 12.649023839328102, 55.648514709360391, 0.0 ], [ 12.648935856157586, 55.648591064005366, 0.0 ], [ 12.648867920724966, 55.648681209069331, 0.0 ], [ 12.648603680542204, 55.649093360004308, 0.0 ], [ 12.648458518468544, 55.649358361948018, 0.0 ], [ 12.648344852040657, 55.649519286908941, 0.0 ], [ 12.648282373743749, 55.649695413342599, 0.0 ], [ 12.648207474684799, 55.649828657512025, 0.0 ], [ 12.648162981649287, 55.649974214945544, 0.0 ], [ 12.648131611004356, 55.650260737357442, 0.0 ], [ 12.648092140966385, 55.650332140371638, 0.0 ], [ 12.648109886604233, 55.650391229703843, 0.0 ], [ 12.648167763088237, 55.650468007912139, 0.0 ], [ 12.648167304537219, 55.650502371329004, 0.0 ], [ 12.648056571318685, 55.650623103924246, 0.0 ], [ 12.647929070173573, 55.650876339279996, 0.0 ], [ 12.647904339632738, 55.650962590061837, 0.0 ], [ 12.647903814459248, 55.651038948489429, 0.0 ], [ 12.647955390215236, 55.651160784831617, 0.0 ], [ 12.64801425228311, 55.651217391516141, 0.0 ], [ 12.648122218062133, 55.651230903276556, 0.0 ], [ 12.648167149636048, 55.651284777298187, 0.0 ], [ 12.648153138398561, 55.651479333457289, 0.0 ], [ 12.648068962869754, 55.651647922698508, 0.0 ], [ 12.648050626860208, 55.6518028625391, 0.0 ], [ 12.648053975731402, 55.651932788401588, 0.0 ], [ 12.648151747807086, 55.652207463937799, 0.0 ], [ 12.648385397658686, 55.652617741984102, 0.0 ], [ 12.648502969422381, 55.652741210499521, 0.0 ], [ 12.648580360852476, 55.652935293894643, 0.0 ], [ 12.648770234707065, 55.653228898250873, 0.0 ], [ 12.648843828776792, 55.653373638078691, 0.0 ], [ 12.649199725178597, 55.653829282339217, 0.0 ], [ 12.649291774907208, 55.653907470544624, 0.0 ], [ 12.649604777770525, 55.654100562967592, 0.0 ], [ 12.649800409854743, 55.654145093441038, 0.0 ], [ 12.649999365501499, 55.654329441545116, 0.0 ], [ 12.650113655138506, 55.654400492590277, 0.0 ], [ 12.650388610828392, 55.654497511652842, 0.0 ], [ 12.650539660451756, 55.654524395417056, 0.0 ], [ 12.651543420687862, 55.654538557470296, 0.0 ], [ 12.65161423346912, 55.65454921661982, 0.0 ], [ 12.651642717480522, 55.654571567629432, 0.0 ], [ 12.651968595231898, 55.654574987073453, 0.0 ], [ 12.65196890228631, 55.654559511519501, 0.0 ], [ 12.652000388772146, 55.654557764094193, 0.0 ], [ 12.652050008407397, 55.65457651788266, 0.0 ], [ 12.652049845701612, 55.654612311274199, 0.0 ], [ 12.651984487058195, 55.65463116378502, 0.0 ], [ 12.651965730052298, 55.654629564543029, 0.0 ], [ 12.651965585977955, 55.654610955196823, 0.0 ], [ 12.651637479329406, 55.654609220720545, 0.0 ], [ 12.651634526055741, 55.654625314633392, 0.0 ], [ 12.651592489661351, 55.654640145037703, 0.0 ], [ 12.651423086045058, 55.654645011892732, 0.0 ], [ 12.650486796483946, 55.654638101229061, 0.0 ], [ 12.650149245714333, 55.654715954260098, 0.0 ], [ 12.649871579169183, 55.654799846266464, 0.0 ], [ 12.649134930052854, 55.655271563732441, 0.0 ], [ 12.648731520644219, 55.655472316920871, 0.0 ], [ 12.648399261406436, 55.655608815650467, 0.0 ], [ 12.648199194146963, 55.6557199778686, 0.0 ], [ 12.647062644219812, 55.656464893670154, 0.0 ], [ 12.646943084690761, 55.656559360857557, 0.0 ], [ 12.646504572149539, 55.656783091364076, 0.0 ], [ 12.646184428445892, 55.657043134102771, 0.0 ], [ 12.645981122638252, 55.657232439983979, 0.0 ], [ 12.645218342343922, 55.657721724723679, 0.0 ], [ 12.644620514063885, 55.658201064393531, 0.0 ], [ 12.643383844741681, 55.659107450464482, 0.0 ], [ 12.643172346619561, 55.659330355296724, 0.0 ], [ 12.642893477025005, 55.659518124715191, 0.0 ], [ 12.642695675373911, 55.659729291604613, 0.0 ], [ 12.642367912921681, 55.659969497622427, 0.0 ], [ 12.641921948978785, 55.660370395660699, 0.0 ], [ 12.641736621532669, 55.660505387209419, 0.0 ], [ 12.641561665457573, 55.660674959516996, 0.0 ], [ 12.641186652117042, 55.661124012408202, 0.0 ], [ 12.640940831156954, 55.66146734690625, 0.0 ], [ 12.640767227104567, 55.661644700865047, 0.0 ], [ 12.640607427929705, 55.661890163969098, 0.0 ], [ 12.640431366042296, 55.662066781100989, 0.0 ], [ 12.64025505856273, 55.662350320678563, 0.0 ], [ 12.640182131826473, 55.662426580733197, 0.0 ], [ 12.640082648154097, 55.662631316381045, 0.0 ], [ 12.639900681437133, 55.662833465551877, 0.0 ], [ 12.639827631134548, 55.662937514452992, 0.0 ], [ 12.639761216515867, 55.663140368685987, 0.0 ], [ 12.639676964436745, 55.663267679785889, 0.0 ], [ 12.639611187308107, 55.663448304635438, 0.0 ], [ 12.639273919319677, 55.663838411281759, 0.0 ], [ 12.639087727333258, 55.663995184774365, 0.0 ], [ 12.638849535379649, 55.664340535938592, 0.0 ], [ 12.63885401125232, 55.66437843940696, 0.0 ], [ 12.638920834012307, 55.664455585807524, 0.0 ], [ 12.639522827679352, 55.665058525310428, 0.0 ], [ 12.639616496634661, 55.665229380693987, 0.0 ], [ 12.639630119176777, 55.665297225845073, 0.0 ], [ 12.639627770337205, 55.665400344377751, 0.0 ], [ 12.639609596071379, 55.665427320561278, 0.0 ], [ 12.639611584161869, 55.665467545882173, 0.0 ], [ 12.639586162047831, 55.665495276766592, 0.0 ], [ 12.639477409613686, 55.665516489552331, 0.0 ], [ 12.639389767460749, 55.665484112413054, 0.0 ], [ 12.639373249670747, 55.665450163266911, 0.0 ], [ 12.639417911776327, 55.665369257800812, 0.0 ], [ 12.639397165029946, 55.665269252785386, 0.0 ], [ 12.639263165777448, 55.665064975165635, 0.0 ], [ 12.637506310605351, 55.663337324020112, 0.0 ], [ 12.637389786853342, 55.663267946074058, 0.0 ], [ 12.637336177875456, 55.663190856437922, 0.0 ], [ 12.637210621638268, 55.663118419286903, 0.0 ], [ 12.636967734859654, 55.66284282615964, 0.0 ], [ 12.636934963573669, 55.662779415472052, 0.0 ] ] ], [ [ [ 12.64826072944026, 55.647951143008534, 0.0 ], [ 12.648920785605167, 55.64788608318517, 0.0 ], [ 12.648962745815901, 55.648025919822544, 0.0 ], [ 12.64830410622254, 55.648090847746396, 0.0 ], [ 12.64826072944026, 55.647951143008534, 0.0 ] ] ] ] } },
{ "type": "Feature", "properties": { "id": "745", "afstemningsomraadenummer": 28, "afstemningsstedNavn": "Holbergskolen", "kommuneLokalId": 389103, "navn": "6. Nord", "opstillingskredsLokalId": 403568, "areaSquareMetres": 3025264.55 }, "geometry": { "type": "Polygon", "coordinates": [ [ [ 12.513006892928329, 55.719845865650043, 0.0 ], [ 12.51310616940123, 55.719665440199222, 0.0 ], [ 12.513183728936152, 55.719470260962503, 0.0 ], [ 12.513224163414401, 55.719294487460104, 0.0 ], [ 12.513252136572081, 55.719134266464266, 0.0 ], [ 12.513264426508089, 55.7186719292188, 0.0 ], [ 12.513213801083968, 55.718404621728482, 0.0 ], [ 12.512971881901096, 55.717715603579208, 0.0 ], [ 12.51321174935717, 55.717736609011531, 0.0 ], [ 12.513793906404048, 55.717737830794682, 0.0 ], [ 12.514280516153695, 55.717684420615221, 0.0 ], [ 12.514917390669257, 55.717546588975516, 0.0 ], [ 12.516032834086799, 55.717234181177361, 0.0 ], [ 12.516571988183216, 55.717113347831422, 0.0 ], [ 12.517045952503175, 55.717023963057954, 0.0 ], [ 12.517947238429388, 55.716893371367831, 0.0 ], [ 12.519364831742434, 55.716800654043453, 0.0 ], [ 12.520689069592699, 55.716790983837328, 0.0 ], [ 12.521455521307473, 55.716769346722515, 0.0 ], [ 12.521013353236659, 55.716493587760027, 0.0 ], [ 12.520620342828241, 55.716213539368717, 0.0 ], [ 12.520203730102549, 55.715869427728173, 0.0 ], [ 12.519907312746023, 55.715577614081724, 0.0 ], [ 12.521876562662763, 55.7112742885, 0.0 ], [ 12.531638893818569, 55.712212721823207, 0.0 ], [ 12.532071102055927, 55.712236874660633, 0.0 ], [ 12.532084753585407, 55.711874928859949, 0.0 ], [ 12.533254339063088, 55.712104973351174, 0.0 ], [ 12.533635834790394, 55.712237671396323, 0.0 ], [ 12.534037613771252, 55.712423823623503, 0.0 ], [ 12.534382310633287, 55.712637425084303, 0.0 ], [ 12.534669754948679, 55.712876592925355, 0.0 ], [ 12.534893606316123, 55.713136385007424, 0.0 ], [ 12.535101921339551, 55.713472693533276, 0.0 ], [ 12.536525630955396, 55.711855697730492, 0.0 ], [ 12.539703238073848, 55.70833401159382, 0.0 ], [ 12.540320757378849, 55.707740456364093, 0.0 ], [ 12.540792277831896, 55.707365562775003, 0.0 ], [ 12.542108602164925, 55.706802538160026, 0.0 ], [ 12.542683620552822, 55.707247025015747, 0.0 ], [ 12.543410437761388, 55.707668871576203, 0.0 ], [ 12.544540102748627, 55.708356916849802, 0.0 ], [ 12.544652428532505, 55.708294236307438, 0.0 ], [ 12.545161987522311, 55.708522016393047, 0.0 ], [ 12.546052420597077, 55.708878965242462, 0.0 ], [ 12.546476374331334, 55.709031886292721, 0.0 ], [ 12.551620465981877, 55.710759985607602, 0.0 ], [ 12.552408412041128, 55.711097287857953, 0.0 ], [ 12.552823458520489, 55.711286592188877, 0.0 ], [ 12.553143960175193, 55.7114537265998, 0.0 ], [ 12.552433535444003, 55.711824347391541, 0.0 ], [ 12.55205804779812, 55.711746202418205, 0.0 ], [ 12.551623689208691, 55.711679201982143, 0.0 ], [ 12.551205265615732, 55.711636825537958, 0.0 ], [ 12.550781694009878, 55.711614917881285, 0.0 ], [ 12.549957562205947, 55.711631575707273, 0.0 ], [ 12.549513504050331, 55.711673467985662, 0.0 ], [ 12.549101869538367, 55.711733932541861, 0.0 ], [ 12.548471615823596, 55.711870494904716, 0.0 ], [ 12.547880540504755, 55.712054475917746, 0.0 ], [ 12.547339485152204, 55.712282505460081, 0.0 ], [ 12.546882967464734, 55.712534793622211, 0.0 ], [ 12.546814372451829, 55.712621388395242, 0.0 ], [ 12.546767050023185, 55.712719506859798, 0.0 ], [ 12.546620332220812, 55.713296877189556, 0.0 ], [ 12.546484637361967, 55.713685013758067, 0.0 ], [ 12.546347649717479, 55.713944786558613, 0.0 ], [ 12.546121858321685, 55.71428265604608, 0.0 ], [ 12.545314525823741, 55.715372220213716, 0.0 ], [ 12.54532088904485, 55.715394965053413, 0.0 ], [ 12.544647406977898, 55.716278253827717, 0.0 ], [ 12.542733286647508, 55.718865859436612, 0.0 ], [ 12.541710885436819, 55.720198176439112, 0.0 ], [ 12.540991375990897, 55.721192378829024, 0.0 ], [ 12.540771269035073, 55.721555249367441, 0.0 ], [ 12.540265358279147, 55.722500302346852, 0.0 ], [ 12.540244877090641, 55.722717411815488, 0.0 ], [ 12.540202417070429, 55.722797403637131, 0.0 ], [ 12.540133673185457, 55.722865115941445, 0.0 ], [ 12.539982040493598, 55.723164506291617, 0.0 ], [ 12.539717681751421, 55.72382177838189, 0.0 ], [ 12.539145683581504, 55.725376476197638, 0.0 ], [ 12.539067660537405, 55.725679586436598, 0.0 ], [ 12.538935850402934, 55.725986945413489, 0.0 ], [ 12.538954316702224, 55.726287632229855, 0.0 ], [ 12.535730664401669, 55.727048462718905, 0.0 ], [ 12.535253795679266, 55.727111926455699, 0.0 ], [ 12.534899842745046, 55.727118077551083, 0.0 ], [ 12.533253022457476, 55.726987834585145, 0.0 ], [ 12.53310464219744, 55.72698734155037, 0.0 ], [ 12.529694226199178, 55.72713935228208, 0.0 ], [ 12.529350123197391, 55.727139898953446, 0.0 ], [ 12.527442568501488, 55.726826815534039, 0.0 ], [ 12.526245105543344, 55.727106344234535, 0.0 ], [ 12.525587044067233, 55.726819899684621, 0.0 ], [ 12.525466699938869, 55.726978282252723, 0.0 ], [ 12.525241609335604, 55.727340815565285, 0.0 ], [ 12.524799067732067, 55.727417638621866, 0.0 ], [ 12.523691889544212, 55.727567946982759, 0.0 ], [ 12.523700934075757, 55.727482716926993, 0.0 ], [ 12.521282598816518, 55.727864506480479, 0.0 ], [ 12.519604178952124, 55.72756891314453, 0.0 ], [ 12.519431872096119, 55.727493830509403, 0.0 ], [ 12.518950352916557, 55.727238793004624, 0.0 ], [ 12.518374141906225, 55.726814999999775, 0.0 ], [ 12.517901942930113, 55.726341196697582, 0.0 ], [ 12.51731564574821, 55.725636882181398, 0.0 ], [ 12.515294107073808, 55.722867782662078, 0.0 ], [ 12.514619809496159, 55.722889796802392, 0.0 ], [ 12.514716274230508, 55.72235212677721, 0.0 ], [ 12.51470604871678, 55.722316363607007, 0.0 ], [ 12.514725765394646, 55.722140553659642, 0.0 ], [ 12.514455381089588, 55.721528871362388, 0.0 ], [ 12.514218314493986, 55.721167188204916, 0.0 ], [ 12.513851727995664, 55.720831962615996, 0.0 ], [ 12.513661652685991, 55.720619001513796, 0.0 ], [ 12.513568866671314, 55.720474646958614, 0.0 ], [ 12.513518201751198, 55.720339876001347, 0.0 ], [ 12.513485193738424, 55.720133925900591, 0.0 ], [ 12.513573399594758, 55.719970361508196, 0.0 ], [ 12.513475624977193, 55.719867960420601, 0.0 ], [ 12.513006892928329, 55.719845865650043, 0.0 ] ] ] } },
{ "type": "Feature", "properties": { "id": "746", "afstemningsomraadenummer": 33, "afstemningsstedNavn": "Rødkilde Skole", "kommuneLokalId": 389103, "navn": "7. Rødkilde", "opstillingskredsLokalId": 403575, "areaSquareMetres": 2009997.53 }, "geometry": { "type": "Polygon", "coordinates": [ [ [ 12.490981908049648, 55.697388187982469, 0.0 ], [ 12.491886195197445, 55.69496576693011, 0.0 ], [ 12.491884725824336, 55.694920761412369, 0.0 ], [ 12.491757523120876, 55.69479940108944, 0.0 ], [ 12.493075690359264, 55.694309325838994, 0.0 ], [ 12.494559460589025, 55.693800490913198, 0.0 ], [ 12.495944215171097, 55.693520146443134, 0.0 ], [ 12.495894508726975, 55.693455565603443, 0.0 ], [ 12.49586053733041, 55.693360414722413, 0.0 ], [ 12.495867301800963, 55.693263293519351, 0.0 ], [ 12.495914679514282, 55.693169960039818, 0.0 ], [ 12.499168152187144, 55.690125447531038, 0.0 ], [ 12.501264853409911, 55.688029837285612, 0.0 ], [ 12.502124302751874, 55.68757379436925, 0.0 ], [ 12.502381603494667, 55.687757966177152, 0.0 ], [ 12.50245033540147, 55.687784326620225, 0.0 ], [ 12.503918188075522, 55.68823953977288, 0.0 ], [ 12.504392484789793, 55.688317431857087, 0.0 ], [ 12.506078699511292, 55.688546267055273, 0.0 ], [ 12.506663439110818, 55.688575855511708, 0.0 ], [ 12.508495845152432, 55.688906398168776, 0.0 ], [ 12.510387910431129, 55.689104918597245, 0.0 ], [ 12.513081726670766, 55.689751694515657, 0.0 ], [ 12.514071980377597, 55.690010695370987, 0.0 ], [ 12.515020091059091, 55.69016542511617, 0.0 ], [ 12.515510654915081, 55.690276796759143, 0.0 ], [ 12.516097344262503, 55.690566860677272, 0.0 ], [ 12.516479885771888, 55.690620362526786, 0.0 ], [ 12.517060500874788, 55.690771856104199, 0.0 ], [ 12.517381933562616, 55.690814879038676, 0.0 ], [ 12.517525280301916, 55.690851229940193, 0.0 ], [ 12.517999250573959, 55.6911231179335, 0.0 ], [ 12.51880094096871, 55.691536121144004, 0.0 ], [ 12.519424327587835, 55.691909817621919, 0.0 ], [ 12.519756625363737, 55.692142514968843, 0.0 ], [ 12.520107952019442, 55.692354883822816, 0.0 ], [ 12.520343848143874, 55.692519223019985, 0.0 ], [ 12.520649400680755, 55.692817245379011, 0.0 ], [ 12.521103690475213, 55.693156494465143, 0.0 ], [ 12.521144899160538, 55.693202247501638, 0.0 ], [ 12.521189701513515, 55.693305623370527, 0.0 ], [ 12.521247033022741, 55.693366019367048, 0.0 ], [ 12.521435932716649, 55.693526310920852, 0.0 ], [ 12.521800828131635, 55.693772453694045, 0.0 ], [ 12.522032874626506, 55.694012339869154, 0.0 ], [ 12.522504217957742, 55.694243644838885, 0.0 ], [ 12.522979140721983, 55.694465134335452, 0.0 ], [ 12.523346891619269, 55.69461372182122, 0.0 ], [ 12.524967826677864, 55.695157895034718, 0.0 ], [ 12.526149400491009, 55.695419305307908, 0.0 ], [ 12.526584046222141, 55.69548674410828, 0.0 ], [ 12.527476922611147, 55.695572384141755, 0.0 ], [ 12.52683509818552, 55.695937018441967, 0.0 ], [ 12.526478049041097, 55.696165331304918, 0.0 ], [ 12.52608385344274, 55.696469071551405, 0.0 ], [ 12.526004644193028, 55.696574122725892, 0.0 ], [ 12.525672561625225, 55.69671566567478, 0.0 ], [ 12.523473004337815, 55.698427121657375, 0.0 ], [ 12.522896256066549, 55.698928335036292, 0.0 ], [ 12.521885792442035, 55.699707251346247, 0.0 ], [ 12.521310284349696, 55.700187290755451, 0.0 ], [ 12.520302914619885, 55.701079128284292, 0.0 ], [ 12.52015639555885, 55.701232683365532, 0.0 ], [ 12.519576715731143, 55.701702223543677, 0.0 ], [ 12.51900881017108, 55.702095713890195, 0.0 ], [ 12.518631655663549, 55.702397230884046, 0.0 ], [ 12.518178831265674, 55.702795778049598, 0.0 ], [ 12.517955133819768, 55.703013765471809, 0.0 ], [ 12.517807944176727, 55.703044961416715, 0.0 ], [ 12.517644790217899, 55.703206723007852, 0.0 ], [ 12.517322554058374, 55.703618066254101, 0.0 ], [ 12.517107812562465, 55.703933983079004, 0.0 ], [ 12.516727893842468, 55.704614207742289, 0.0 ], [ 12.516218377703696, 55.705760671865349, 0.0 ], [ 12.515979225941859, 55.70635971096133, 0.0 ], [ 12.515820396695126, 55.706569810295882, 0.0 ], [ 12.515770094694446, 55.706619626566116, 0.0 ], [ 12.515746977197493, 55.70662109835618, 0.0 ], [ 12.514227996192957, 55.706488838014067, 0.0 ], [ 12.514185275592487, 55.706335946601513, 0.0 ], [ 12.514002810700593, 55.705933946101254, 0.0 ], [ 12.512495542318328, 55.702931585918257, 0.0 ], [ 12.512142142795506, 55.702240993382276, 0.0 ], [ 12.511959341037132, 55.702001477258747, 0.0 ], [ 12.50701340036532, 55.69750038415048, 0.0 ], [ 12.506765634728941, 55.697315229008602, 0.0 ], [ 12.506490282207848, 55.697147316568952, 0.0 ], [ 12.506148152392315, 55.696976816647037, 0.0 ], [ 12.505839769276594, 55.696848870264233, 0.0 ], [ 12.505513181970226, 55.696736279446185, 0.0 ], [ 12.505116591023839, 55.69662595804953, 0.0 ], [ 12.499328961953307, 55.695190185758406, 0.0 ], [ 12.498441282892891, 55.697638360228915, 0.0 ], [ 12.49838582030214, 55.697988452944486, 0.0 ], [ 12.494068559445818, 55.697845902824071, 0.0 ], [ 12.493810461575281, 55.697665602380255, 0.0 ], [ 12.492984040703378, 55.697594549104174, 0.0 ], [ 12.492971904493896, 55.69751567969962, 0.0 ], [ 12.490981908049648, 55.697388187982469, 0.0 ] ] ] } },
{ "type": "Feature", "properties": { "id": "747", "afstemningsomraadenummer": 55, "afstemningsstedNavn": "Skolen i Sydhavnen", "kommuneLokalId": 389103, "navn": "9. Sydhavn", "opstillingskredsLokalId": 403574, "areaSquareMetres": 1103129.43 }, "geometry": { "type": "MultiPolygon", "coordinates": [ [ [ [ 12.538463202739834, 55.65401688710817, 0.0 ], [ 12.539133258659449, 55.652566515326143, 0.0 ], [ 12.539761796098229, 55.651505599314042, 0.0 ], [ 12.54033675649711, 55.65132885202658, 0.0 ], [ 12.54166518630686, 55.650846285738218, 0.0 ], [ 12.542098523339773, 55.651233445392222, 0.0 ], [ 12.54400485887456, 55.6505509907198, 0.0 ], [ 12.544182907180156, 55.650699870664489, 0.0 ], [ 12.543739738591832, 55.650918144500423, 0.0 ], [ 12.54371267493072, 55.6509002241758, 0.0 ], [ 12.543152678093827, 55.651177172332027, 0.0 ], [ 12.543250703912056, 55.651265874346095, 0.0 ], [ 12.544377723140848, 55.650868856535403, 0.0 ], [ 12.545099892216346, 55.651497083933585, 0.0 ], [ 12.545183427004021, 55.651453665707116, 0.0 ], [ 12.545386465931921, 55.651228305360476, 0.0 ], [ 12.545930983576813, 55.651265515587106, 0.0 ], [ 12.545976347363942, 55.651215018566056, 0.0 ], [ 12.54603983717638, 55.651220734889506, 0.0 ], [ 12.546046712576942, 55.651208846753022, 0.0 ], [ 12.54645436295257, 55.65128175487586, 0.0 ], [ 12.546453990540909, 55.651293454886208, 0.0 ], [ 12.546593602121996, 55.651242388731887, 0.0 ], [ 12.546633148840835, 55.651278739948339, 0.0 ], [ 12.546665239117614, 55.651283656047816, 0.0 ], [ 12.547107326957471, 55.651123848910977, 0.0 ], [ 12.547090497563296, 55.651062652712795, 0.0 ], [ 12.54810780162966, 55.650697818078314, 0.0 ], [ 12.546860275830733, 55.64958891763299, 0.0 ], [ 12.55174438655308, 55.647819713717901, 0.0 ], [ 12.552368626959343, 55.648368552536631, 0.0 ], [ 12.55224823165841, 55.648412145008677, 0.0 ], [ 12.552999260042123, 55.649073659464854, 0.0 ], [ 12.552650216216005, 55.649199860245325, 0.0 ], [ 12.553045635834351, 55.649546629675442, 0.0 ], [ 12.552999328943876, 55.649553277120823, 0.0 ], [ 12.552959049647534, 55.64953520236589, 0.0 ], [ 12.5529502348178, 55.649604604392309, 0.0 ], [ 12.553162621378396, 55.649651319263882, 0.0 ], [ 12.553497014571883, 55.649947524442176, 0.0 ], [ 12.553310548544475, 55.649995551030138, 0.0 ], [ 12.553351490606161, 55.650043728811092, 0.0 ], [ 12.553481017661744, 55.650074502070119, 0.0 ], [ 12.553596904934819, 55.650123204543306, 0.0 ], [ 12.553794828095567, 55.650303235704399, 0.0 ], [ 12.554063986675779, 55.650335894444808, 0.0 ], [ 12.554046019658511, 55.650383262411374, 0.0 ], [ 12.554110362843653, 55.650447486079564, 0.0 ], [ 12.554020999299423, 55.650661473199165, 0.0 ], [ 12.554352637898376, 55.650700951791841, 0.0 ], [ 12.55437113348508, 55.650719028377388, 0.0 ], [ 12.556380420296803, 55.64999427769326, 0.0 ], [ 12.556462804380825, 55.650022459288223, 0.0 ], [ 12.556615221047618, 55.650124948757295, 0.0 ], [ 12.558626350556905, 55.651648856698465, 0.0 ], [ 12.55863312067604, 55.651711152894102, 0.0 ], [ 12.558576012308684, 55.651768739635756, 0.0 ], [ 12.558624060521929, 55.651863556549451, 0.0 ], [ 12.55861236827856, 55.651936189768939, 0.0 ], [ 12.55855581837211, 55.652008686605612, 0.0 ], [ 12.558453477940491, 55.652069025114969, 0.0 ], [ 12.558420864094774, 55.652168701455523, 0.0 ], [ 12.558390124651206, 55.652189195872488, 0.0 ], [ 12.556691614262514, 55.652626036870686, 0.0 ], [ 12.554665168588752, 55.650854099837616, 0.0 ], [ 12.554466621630024, 55.650926756207632, 0.0 ], [ 12.556454511219792, 55.652689204844322, 0.0 ], [ 12.555636253439104, 55.652905906182944, 0.0 ], [ 12.555494958608337, 55.652901552457394, 0.0 ], [ 12.553179209464064, 55.653505238998257, 0.0 ], [ 12.552911671152419, 55.653269677368286, 0.0 ], [ 12.552848978355152, 55.653264031359065, 0.0 ], [ 12.551585838748398, 55.652150233539444, 0.0 ], [ 12.551498583632497, 55.652089369948001, 0.0 ], [ 12.550861046069517, 55.652319235920451, 0.0 ], [ 12.550874338632932, 55.652344836964502, 0.0 ], [ 12.552384408272419, 55.653696870492396, 0.0 ], [ 12.552381600223125, 55.653736065932833, 0.0 ], [ 12.550769526050409, 55.654166451208894, 0.0 ], [ 12.550781677303876, 55.654181205331454, 0.0 ], [ 12.550546536043701, 55.654239898785164, 0.0 ], [ 12.55050194099905, 55.65423040040757, 0.0 ], [ 12.549877837043692, 55.654389556159394, 0.0 ], [ 12.549848420274168, 55.654419451341916, 0.0 ], [ 12.549783100270695, 55.654435729724533, 0.0 ], [ 12.549695504808481, 55.654413269362209, 0.0 ], [ 12.548860740669976, 55.654631121576145, 0.0 ], [ 12.548921558641894, 55.654679264874218, 0.0 ], [ 12.548932408968243, 55.654716536148385, 0.0 ], [ 12.549493923615483, 55.654600200023438, 0.0 ], [ 12.550497137047941, 55.655383189504427, 0.0 ], [ 12.55102725015665, 55.65525372885412, 0.0 ], [ 12.55117851175355, 55.65517669369202, 0.0 ], [ 12.551276941063621, 55.655081766800578, 0.0 ], [ 12.55137789639714, 55.65474273098534, 0.0 ], [ 12.551435899878941, 55.654659765225659, 0.0 ], [ 12.551535017063854, 55.654589995019343, 0.0 ], [ 12.551678672412265, 55.654532601704432, 0.0 ], [ 12.552372612326094, 55.654357925253436, 0.0 ], [ 12.553125753468649, 55.655364122399675, 0.0 ], [ 12.55323338195252, 55.655482930632303, 0.0 ], [ 12.553159668134722, 55.65561886441737, 0.0 ], [ 12.552648339525655, 55.656788673388277, 0.0 ], [ 12.552946570660144, 55.656831013003007, 0.0 ], [ 12.553062538096219, 55.656573455327923, 0.0 ], [ 12.553134756825436, 55.656626211655812, 0.0 ], [ 12.55315024954214, 55.656619917960739, 0.0 ], [ 12.553259628070338, 55.65666503314354, 0.0 ], [ 12.555183990432059, 55.656928893990639, 0.0 ], [ 12.555239986010076, 55.656923763205469, 0.0 ], [ 12.555255005853315, 55.656891227058189, 0.0 ], [ 12.555207254218514, 55.656873279724095, 0.0 ], [ 12.553355036866547, 55.656628009012643, 0.0 ], [ 12.553221730065742, 55.656583857259676, 0.0 ], [ 12.553162908829036, 55.656545549014943, 0.0 ], [ 12.553105476029579, 55.656450642464932, 0.0 ], [ 12.553544745617474, 55.655475523324434, 0.0 ], [ 12.552757680468147, 55.654449630801075, 0.0 ], [ 12.552760682818146, 55.654426614848603, 0.0 ], [ 12.554331777071353, 55.654044238459839, 0.0 ], [ 12.55436857615747, 55.654053691758044, 0.0 ], [ 12.555166143868464, 55.653859269589873, 0.0 ], [ 12.555473515948137, 55.653836057543096, 0.0 ], [ 12.555711010122604, 55.653780613167775, 0.0 ], [ 12.555739316583631, 55.653773587751445, 0.0 ], [ 12.55569174956724, 55.65370330331524, 0.0 ], [ 12.55611333527658, 55.653603313911631, 0.0 ], [ 12.556125037259012, 55.653625363885865, 0.0 ], [ 12.556433042427159, 55.653551327622253, 0.0 ], [ 12.556498029767353, 55.653622545034168, 0.0 ], [ 12.556626350578059, 55.65358204556879, 0.0 ], [ 12.556878849626512, 55.653537762869114, 0.0 ], [ 12.557261955788796, 55.653430883341649, 0.0 ], [ 12.557374628567693, 55.653380946250699, 0.0 ], [ 12.557721422154286, 55.653280514134359, 0.0 ], [ 12.557817676034288, 55.653237167561677, 0.0 ], [ 12.557898986980796, 55.653230671263309, 0.0 ], [ 12.558037712191048, 55.653187440503054, 0.0 ], [ 12.558285746782879, 55.653155333383829, 0.0 ], [ 12.558341146678165, 55.653148959534256, 0.0 ], [ 12.558396499953824, 55.65316308822598, 0.0 ], [ 12.558600295218003, 55.653111403833627, 0.0 ], [ 12.560223471467674, 55.65521662861854, 0.0 ], [ 12.560354642540347, 55.655163723771707, 0.0 ], [ 12.560287474295681, 55.65507036195325, 0.0 ], [ 12.560610257856094, 55.654992648976048, 0.0 ], [ 12.56080911298203, 55.655245295995002, 0.0 ], [ 12.561603046305489, 55.65585255362781, 0.0 ], [ 12.561504044940854, 55.655895443450227, 0.0 ], [ 12.561517489782753, 55.655908630390712, 0.0 ], [ 12.561907266910159, 55.656203924407976, 0.0 ], [ 12.561418277285769, 55.656409387111225, 0.0 ], [ 12.561194725882741, 55.656571079721033, 0.0 ], [ 12.560827009857032, 55.65669002270716, 0.0 ], [ 12.560905592192102, 55.656765428848992, 0.0 ], [ 12.5613634079427, 55.656621118847596, 0.0 ], [ 12.561540000052025, 55.656493969928455, 0.0 ], [ 12.561879998110681, 55.65635883569945, 0.0 ], [ 12.562653903872274, 55.656953541007482, 0.0 ], [ 12.562558427833903, 55.6569984872202, 0.0 ], [ 12.562927985179369, 55.657279349617248, 0.0 ], [ 12.562125203579139, 55.657612716309515, 0.0 ], [ 12.561627653028937, 55.657655947093069, 0.0 ], [ 12.561666039566189, 55.657728294525668, 0.0 ], [ 12.562041887689617, 55.657700469215897, 0.0 ], [ 12.562237823136631, 55.65763210294665, 0.0 ], [ 12.562259808896764, 55.657657000674789, 0.0 ], [ 12.562909682042276, 55.657459357380525, 0.0 ], [ 12.563640885546029, 55.658157714402776, 0.0 ], [ 12.563686543475042, 55.658142090159537, 0.0 ], [ 12.563760277424718, 55.658216556523897, 0.0 ], [ 12.563500094779535, 55.658299021691626, 0.0 ], [ 12.563453470367696, 55.658255058497431, 0.0 ], [ 12.562503244386601, 55.658546585601769, 0.0 ], [ 12.561678880416707, 55.658431167565148, 0.0 ], [ 12.561670242276204, 55.658334397376059, 0.0 ], [ 12.561375279674822, 55.65834575449599, 0.0 ], [ 12.561378970550846, 55.658375859601875, 0.0 ], [ 12.56151836116376, 55.658420275535924, 0.0 ], [ 12.561650366769662, 55.658512921918685, 0.0 ], [ 12.562713480112293, 55.658658177962806, 0.0 ], [ 12.563688092247899, 55.658351463560905, 0.0 ], [ 12.563743864121264, 55.658408558484496, 0.0 ], [ 12.563567448643012, 55.658464220798699, 0.0 ], [ 12.564262280331036, 55.659140073376982, 0.0 ], [ 12.563049244415764, 55.659513427579256, 0.0 ], [ 12.558932981276268, 55.658924628597013, 0.0 ], [ 12.558942817389626, 55.658898087104326, 0.0 ], [ 12.558820055449271, 55.658880880121671, 0.0 ], [ 12.558830993492251, 55.658850709945987, 0.0 ], [ 12.55874049212424, 55.658836702526806, 0.0 ], [ 12.558713328186018, 55.658898365294633, 0.0 ], [ 12.558593429917478, 55.658881164870785, 0.0 ], [ 12.558619308662475, 55.658819359605573, 0.0 ], [ 12.558525106089043, 55.658806628401699, 0.0 ], [ 12.558516403776222, 55.658826393127768, 0.0 ], [ 12.55841194655356, 55.658811082153569, 0.0 ], [ 12.558189771493657, 55.659299938809802, 0.0 ], [ 12.559762561483444, 55.659521062728352, 0.0 ], [ 12.560473477614172, 55.660397165049204, 0.0 ], [ 12.560679834156838, 55.660350528688561, 0.0 ], [ 12.560330153818121, 55.659920987806622, 0.0 ], [ 12.560419480495671, 55.659897532569957, 0.0 ], [ 12.560404610042852, 55.659879171682178, 0.0 ], [ 12.560531703387115, 55.65984598738163, 0.0 ], [ 12.560515376330819, 55.659825600708146, 0.0 ], [ 12.561093354930769, 55.659679960214291, 0.0 ], [ 12.563136103484544, 55.659973529574089, 0.0 ], [ 12.563120329410044, 55.66000995514495, 0.0 ], [ 12.563180874942523, 55.66001808627253, 0.0 ], [ 12.563011854130886, 55.660176128815628, 0.0 ], [ 12.563032694675583, 55.660183166090988, 0.0 ], [ 12.562837792911862, 55.660355718004432, 0.0 ], [ 12.562915433317951, 55.660389158813679, 0.0 ], [ 12.563169950581139, 55.660144558348669, 0.0 ], [ 12.563160114093405, 55.660141337466676, 0.0 ], [ 12.563261223101247, 55.660030587244115, 0.0 ], [ 12.56328960572035, 55.660040102781331, 0.0 ], [ 12.563305417329001, 55.660025076511545, 0.0 ], [ 12.563287371570214, 55.660019037059079, 0.0 ], [ 12.563366003913416, 55.659967206751176, 0.0 ], [ 12.563429985794231, 55.659988635608258, 0.0 ], [ 12.563449453325346, 55.659970086173516, 0.0 ], [ 12.563555108167753, 55.66000549968286, 0.0 ], [ 12.563537539829305, 55.660022195572338, 0.0 ], [ 12.563555585626569, 55.660028234987429, 0.0 ], [ 12.56352280767986, 55.660059580007356, 0.0 ], [ 12.56349377755779, 55.660063930674269, 0.0 ], [ 12.563659286064393, 55.660087623339116, 0.0 ], [ 12.563676312460911, 55.660050981450922, 0.0 ], [ 12.56415967524063, 55.660120732306602, 0.0 ], [ 12.564389066996149, 55.660414747650655, 0.0 ], [ 12.564326326132059, 55.660429699881114, 0.0 ], [ 12.564366248758711, 55.660482130081604, 0.0 ], [ 12.564094317047482, 55.660673378682993, 0.0 ], [ 12.564114218894327, 55.660682331344759, 0.0 ], [ 12.564078799249499, 55.660707369154487, 0.0 ], [ 12.564002792623212, 55.66073736347979, 0.0 ], [ 12.564023203043883, 55.660746661041792, 0.0 ], [ 12.563997198460582, 55.660765040943446, 0.0 ], [ 12.563917388777506, 55.660796944132429, 0.0 ], [ 12.563938625055579, 55.660806577370188, 0.0 ], [ 12.563903497996353, 55.660831336866117, 0.0 ], [ 12.563846697681511, 55.660839911810704, 0.0 ], [ 12.563810826271956, 55.660865232424264, 0.0 ], [ 12.563922783355221, 55.660894707707754, 0.0 ], [ 12.564249300699904, 55.660649540349695, 0.0 ], [ 12.564279320193553, 55.660647318769158, 0.0 ], [ 12.564262896666394, 55.660639883521448, 0.0 ], [ 12.564341318494103, 55.660576998827722, 0.0 ], [ 12.564364047799058, 55.660587307923038, 0.0 ], [ 12.564383321219248, 55.660573619541012, 0.0 ], [ 12.564367056345572, 55.660566179694399, 0.0 ], [ 12.564454721542223, 55.660494753730703, 0.0 ], [ 12.56451892253385, 55.660523818678278, 0.0 ], [ 12.564497408287604, 55.660539100840865, 0.0 ], [ 12.564515658464927, 55.66054738212123, 0.0 ], [ 12.564539572245359, 55.660530501581839, 0.0 ], [ 12.564574579567555, 55.660546388199187, 0.0 ], [ 12.564592815846821, 55.660533539199925, 0.0 ], [ 12.564676259871662, 55.660571306053008, 0.0 ], [ 12.564590152055905, 55.660624883178109, 0.0 ], [ 12.564573736641124, 55.66061753765316, 0.0 ], [ 12.56458673634619, 55.660629298550894, 0.0 ], [ 12.564563424453677, 55.660645801926378, 0.0 ], [ 12.565087895432839, 55.661334966368059, 0.0 ], [ 12.565031230839018, 55.661350281739722, 0.0 ], [ 12.565379999328179, 55.66180753132614, 0.0 ], [ 12.565406472869476, 55.661820518797121, 0.0 ], [ 12.56545400024287, 55.661883068049121, 0.0 ], [ 12.565446537350212, 55.661902437586633, 0.0 ], [ 12.566528240754732, 55.663298957114847, 0.0 ], [ 12.566245563423351, 55.663178328350078, 0.0 ], [ 12.566206177804618, 55.663206988919256, 0.0 ], [ 12.566145991024786, 55.663180145868388, 0.0 ], [ 12.564096451923051, 55.662254609804933, 0.0 ], [ 12.56413986511704, 55.662224753813291, 0.0 ], [ 12.562788424711876, 55.661612583549442, 0.0 ], [ 12.563038504024759, 55.661436270112503, 0.0 ], [ 12.562559366290477, 55.66122423199041, 0.0 ], [ 12.56248507904635, 55.661276654790342, 0.0 ], [ 12.560803432007766, 55.660509869367218, 0.0 ], [ 12.560760898063954, 55.660454906317078, 0.0 ], [ 12.560553280695355, 55.660505176131515, 0.0 ], [ 12.560624902011384, 55.660601915353951, 0.0 ], [ 12.562344712718065, 55.661380812136535, 0.0 ], [ 12.562170765519037, 55.661504018538494, 0.0 ], [ 12.563980069625678, 55.662321655065305, 0.0 ], [ 12.562418147519947, 55.663423225956905, 0.0 ], [ 12.561889434754075, 55.663187538491179, 0.0 ], [ 12.561463950033557, 55.663263112075597, 0.0 ], [ 12.558089490853138, 55.661707154173563, 0.0 ], [ 12.55786731374962, 55.661572701707378, 0.0 ], [ 12.557684871206796, 55.66142037108245, 0.0 ], [ 12.557546471208495, 55.661253813990669, 0.0 ], [ 12.557455669007981, 55.661077153526556, 0.0 ], [ 12.557252212047812, 55.660500661893117, 0.0 ], [ 12.557201361759345, 55.659739187482458, 0.0 ], [ 12.557094086224046, 55.658850228789177, 0.0 ], [ 12.557045463886354, 55.658715864224455, 0.0 ], [ 12.556953055590053, 55.658540688752041, 0.0 ], [ 12.55683002819079, 55.658371616852548, 0.0 ], [ 12.556718296629523, 55.658249873377038, 0.0 ], [ 12.556397153440196, 55.657986830590801, 0.0 ], [ 12.555999425982659, 55.657759637775833, 0.0 ], [ 12.55553751231246, 55.657575217904075, 0.0 ], [ 12.555025623559615, 55.657439452332028, 0.0 ], [ 12.554169178198471, 55.657285441057375, 0.0 ], [ 12.545827877318546, 55.656085719731124, 0.0 ], [ 12.544328996199296, 55.655685775904175, 0.0 ], [ 12.544017744409503, 55.655715545839016, 0.0 ], [ 12.540178033902615, 55.654713774382834, 0.0 ], [ 12.54034513274306, 55.654509063028989, 0.0 ], [ 12.538463202739834, 55.65401688710817, 0.0 ] ] ], [ [ [ 12.546233125596368, 55.649831497189709, 0.0 ], [ 12.546593778619471, 55.649703270783, 0.0 ], [ 12.547584706258766, 55.650586265471233, 0.0 ], [ 12.547810513201114, 55.650653012401705, 0.0 ], [ 12.547771530231369, 55.650696671589372, 0.0 ], [ 12.547674112043355, 55.650667480682813, 0.0 ], [ 12.547714915508337, 55.650705413694659, 0.0 ], [ 12.547352191598952, 55.650831904893046, 0.0 ], [ 12.546233125596368, 55.649831497189709, 0.0 ] ] ], [ [ [ 12.551957595155306, 55.647744029084315, 0.0 ], [ 12.552529505134542, 55.647536559400869, 0.0 ], [ 12.553218012559917, 55.647603282087076, 0.0 ], [ 12.553477844174951, 55.647799862024698, 0.0 ], [ 12.554056781514381, 55.647592810781582, 0.0 ], [ 12.554184381060377, 55.64770762202582, 0.0 ], [ 12.553623599571619, 55.647909741507029, 0.0 ], [ 12.553803891799662, 55.648051529257216, 0.0 ], [ 12.554381468754833, 55.647841728515701, 0.0 ], [ 12.554509972830967, 55.647955973709259, 0.0 ], [ 12.553949165189321, 55.648157825653634, 0.0 ], [ 12.5542802206572, 55.648412044021619, 0.0 ], [ 12.5548567144511, 55.648202542250722, 0.0 ], [ 12.554984245156289, 55.648316545460034, 0.0 ], [ 12.553180510519832, 55.64896814738929, 0.0 ], [ 12.552651080554043, 55.648498928770138, 0.0 ], [ 12.552750398592963, 55.648463140234071, 0.0 ], [ 12.551957595155306, 55.647744029084315, 0.0 ] ] ], [ [ [ 12.552956228948309, 55.649262025019858, 0.0 ], [ 12.555189695486391, 55.648456882243288, 0.0 ], [ 12.555317671246112, 55.64857051255094, 0.0 ], [ 12.554754809708582, 55.648770809162585, 0.0 ], [ 12.555058828499673, 55.649002071453459, 0.0 ], [ 12.555634472583261, 55.648793669758433, 0.0 ], [ 12.555763983885193, 55.648908424016184, 0.0 ], [ 12.555267949500459, 55.649084664555168, 0.0 ], [ 12.555467996105676, 55.649214457491773, 0.0 ], [ 12.555669232996072, 55.649388904608358, 0.0 ], [ 12.556172995536427, 55.649206683537763, 0.0 ], [ 12.556301049882556, 55.649321119868894, 0.0 ], [ 12.555733266531956, 55.649525070461252, 0.0 ], [ 12.55581099594732, 55.649526502158146, 0.0 ], [ 12.556120415122427, 55.649755806965359, 0.0 ], [ 12.556645655559564, 55.649566666632751, 0.0 ], [ 12.556775123593713, 55.649680881647306, 0.0 ], [ 12.554752053772598, 55.65041296256598, 0.0 ], [ 12.553846194971594, 55.649601828809523, 0.0 ], [ 12.553486039192027, 55.649731770979173, 0.0 ], [ 12.553446260078038, 55.649696417725849, 0.0 ], [ 12.553457496296778, 55.649692315445066, 0.0 ], [ 12.552956228948309, 55.649262025019858, 0.0 ] ] ] ] } },
{ "type": "Feature", "properties": { "id": "748", "afstemningsomraadenummer": 51, "afstemningsstedNavn": "Ellebjerg Skole", "kommuneLokalId": 389103, "navn": "9. Syd", "opstillingskredsLokalId": 403574, "areaSquareMetres": 1886772.91 }, "geometry": { "type": "MultiPolygon", "coordinates": [ [ [ [ 12.544868878225302, 55.640871327608728, 0.0 ], [ 12.544863605825778, 55.640851698316759, 0.0 ], [ 12.544883426326244, 55.64083529959143, 0.0 ], [ 12.544993481543422, 55.640786528233669, 0.0 ], [ 12.545033807479971, 55.640794713184299, 0.0 ], [ 12.545546329024766, 55.6412655302574, 0.0 ], [ 12.545649156727231, 55.641335478353007, 0.0 ], [ 12.545696596720319, 55.641422314719392, 0.0 ], [ 12.545804912318617, 55.641535354127669, 0.0 ], [ 12.545797588807153, 55.641575669106274, 0.0 ], [ 12.54571052718177, 55.641613255625913, 0.0 ], [ 12.545643122894328, 55.641600998736727, 0.0 ], [ 12.544868878225302, 55.640871327608728, 0.0 ] ] ], [ [ [ 12.533141207268976, 55.652544345020964, 0.0 ], [ 12.528239698419975, 55.651145345238447, 0.0 ], [ 12.527764397958537, 55.651046539803502, 0.0 ], [ 12.527576436035135, 55.651777935281451, 0.0 ], [ 12.527504335907983, 55.651888539425769, 0.0 ], [ 12.527287155788851, 55.651834275375371, 0.0 ], [ 12.527375886721895, 55.651526815111318, 0.0 ], [ 12.524121536288215, 55.651253023247889, 0.0 ], [ 12.523600281032035, 55.651231951927379, 0.0 ], [ 12.522715084578026, 55.651236264303847, 0.0 ], [ 12.521879876846151, 55.651285440920176, 0.0 ], [ 12.520784334953182, 55.651430027793879, 0.0 ], [ 12.520088606976103, 55.651580387767638, 0.0 ], [ 12.519852213019931, 55.651680329354853, 0.0 ], [ 12.518454519928591, 55.652071219563638, 0.0 ], [ 12.517832267315882, 55.652214781724282, 0.0 ], [ 12.5174357622928, 55.652281458627328, 0.0 ], [ 12.517052066417973, 55.652331401965753, 0.0 ], [ 12.516486386843935, 55.652366513572822, 0.0 ], [ 12.515985313336733, 55.65236488199924, 0.0 ], [ 12.515488355889214, 55.652338223572301, 0.0 ], [ 12.515958689092143, 55.652075216631189, 0.0 ], [ 12.516407608589637, 55.651798705244509, 0.0 ], [ 12.517129613994857, 55.651297748717241, 0.0 ], [ 12.518358774914317, 55.650319253027043, 0.0 ], [ 12.518597487117155, 55.650053891761779, 0.0 ], [ 12.520125670883438, 55.648482247130161, 0.0 ], [ 12.522576368085861, 55.646004060501568, 0.0 ], [ 12.522857108665962, 55.645738111490523, 0.0 ], [ 12.52311813329769, 55.645521732946214, 0.0 ], [ 12.523033075378436, 55.645192745920376, 0.0 ], [ 12.523067599646133, 55.645017855187625, 0.0 ], [ 12.522835218217008, 55.64502570349228, 0.0 ], [ 12.522269103255899, 55.64409038831468, 0.0 ], [ 12.522335633225893, 55.643976170761093, 0.0 ], [ 12.522346297198391, 55.643854207387761, 0.0 ], [ 12.522399144912136, 55.643754050292991, 0.0 ], [ 12.522481288126137, 55.643420797110416, 0.0 ], [ 12.522726443471004, 55.64283334052574, 0.0 ], [ 12.52276684136816, 55.642690201338333, 0.0 ], [ 12.52276048402276, 55.642477911520366, 0.0 ], [ 12.522727637909618, 55.642299921886476, 0.0 ], [ 12.522685758889843, 55.642175332487042, 0.0 ], [ 12.522625270647616, 55.642050648523274, 0.0 ], [ 12.522479570993019, 55.641860526680709, 0.0 ], [ 12.522303178887102, 55.641730451775736, 0.0 ], [ 12.522123170668625, 55.641637975701265, 0.0 ], [ 12.521958356901061, 55.641580130144064, 0.0 ], [ 12.521465795853388, 55.641455812348696, 0.0 ], [ 12.521369648036181, 55.641392486321301, 0.0 ], [ 12.52131231172886, 55.641340004006032, 0.0 ], [ 12.521283281888477, 55.641253978825596, 0.0 ], [ 12.52127999855286, 55.64118025179549, 0.0 ], [ 12.521230692686823, 55.641103890711115, 0.0 ], [ 12.521091178958279, 55.64100908084017, 0.0 ], [ 12.52103374442426, 55.640953723904111, 0.0 ], [ 12.521018687779957, 55.640902904123777, 0.0 ], [ 12.521065382529297, 55.640723618073153, 0.0 ], [ 12.521037832617482, 55.640600954353438, 0.0 ], [ 12.52109116701104, 55.640520385566944, 0.0 ], [ 12.521277843532372, 55.640365041683154, 0.0 ], [ 12.521328588291945, 55.640292819492259, 0.0 ], [ 12.521355252424184, 55.640219760586298, 0.0 ], [ 12.521364312634063, 55.639897599509375, 0.0 ], [ 12.521420395156129, 55.639748525195003, 0.0 ], [ 12.521738623259266, 55.639664930399739, 0.0 ], [ 12.522051785895203, 55.639632912531624, 0.0 ], [ 12.522013841518103, 55.639544985695103, 0.0 ], [ 12.522000855807619, 55.639462365999556, 0.0 ], [ 12.522007578118169, 55.639216880761964, 0.0 ], [ 12.522589760332147, 55.637000072458306, 0.0 ], [ 12.525514921393821, 55.637314018991006, 0.0 ], [ 12.52614299671577, 55.637086084026585, 0.0 ], [ 12.526517646970692, 55.637032773280964, 0.0 ], [ 12.52668839540919, 55.636988835965795, 0.0 ], [ 12.526691909519124, 55.636969582598468, 0.0 ], [ 12.526925146915419, 55.636844540209566, 0.0 ], [ 12.527797026199259, 55.63651912364567, 0.0 ], [ 12.528015528469087, 55.636495389761613, 0.0 ], [ 12.528163381580573, 55.636504440944741, 0.0 ], [ 12.528709897894252, 55.636594627822689, 0.0 ], [ 12.529104320961933, 55.636616269740856, 0.0 ], [ 12.529532967361339, 55.636661382106062, 0.0 ], [ 12.529722685461204, 55.636658705428552, 0.0 ], [ 12.530151249274811, 55.636701120522602, 0.0 ], [ 12.53040559738424, 55.636699458414832, 0.0 ], [ 12.531220802293502, 55.636811206545843, 0.0 ], [ 12.531347457177155, 55.636805488946742, 0.0 ], [ 12.531529808246969, 55.636825141292022, 0.0 ], [ 12.531683263548322, 55.636864598532441, 0.0 ], [ 12.531749250990609, 55.636866563319984, 0.0 ], [ 12.531878433144794, 55.63691184509041, 0.0 ], [ 12.531789482066616, 55.637224981230929, 0.0 ], [ 12.531622959535802, 55.63729461007506, 0.0 ], [ 12.531506310194183, 55.637296712692091, 0.0 ], [ 12.530902512986026, 55.637220237257303, 0.0 ], [ 12.530665721258, 55.637153867066637, 0.0 ], [ 12.530568237976214, 55.637153438461915, 0.0 ], [ 12.53039632474497, 55.637180870115124, 0.0 ], [ 12.53005095363706, 55.6371249997487, 0.0 ], [ 12.529874091528457, 55.637122181356446, 0.0 ], [ 12.529641088607523, 55.637078449022944, 0.0 ], [ 12.529365717787796, 55.637058505504697, 0.0 ], [ 12.529183065551553, 55.637014311345474, 0.0 ], [ 12.528988733822327, 55.637013433427555, 0.0 ], [ 12.528772625952023, 55.636979013878751, 0.0 ], [ 12.52844577435439, 55.636980512141115, 0.0 ], [ 12.52823639937257, 55.636952012140952, 0.0 ], [ 12.527890901421486, 55.636998914163819, 0.0 ], [ 12.527525439180756, 55.637096023842716, 0.0 ], [ 12.527328833404976, 55.637177662307259, 0.0 ], [ 12.527176757691642, 55.637284274497738, 0.0 ], [ 12.527121828388301, 55.637286844479718, 0.0 ], [ 12.527013917518207, 55.637234111916719, 0.0 ], [ 12.526943549060526, 55.637229393319508, 0.0 ], [ 12.52677746802483, 55.637277512659558, 0.0 ], [ 12.526799129174481, 55.637299188626464, 0.0 ], [ 12.526883311944548, 55.637326708246015, 0.0 ], [ 12.526932949416421, 55.637413757715294, 0.0 ], [ 12.527026243918689, 55.637463044592373, 0.0 ], [ 12.527064441792998, 55.637504206088771, 0.0 ], [ 12.528370100417758, 55.637644657503252, 0.0 ], [ 12.52836875606468, 55.637666815711405, 0.0 ], [ 12.528389435600323, 55.637668738003882, 0.0 ], [ 12.528397342394191, 55.637645311858186, 0.0 ], [ 12.529066202935587, 55.637718757200524, 0.0 ], [ 12.529134821425167, 55.63770931814814, 0.0 ], [ 12.529186762739288, 55.637682375970485, 0.0 ], [ 12.529173823097947, 55.637731123783809, 0.0 ], [ 12.529316128772587, 55.637738535064209, 0.0 ], [ 12.529369734612828, 55.637721255877693, 0.0 ], [ 12.529557539696949, 55.6377679089914, 0.0 ], [ 12.530094129686095, 55.637811169587195, 0.0 ], [ 12.530147735205166, 55.637832734098417, 0.0 ], [ 12.530572405731034, 55.637881194568763, 0.0 ], [ 12.530693882477404, 55.637872659621607, 0.0 ], [ 12.530845093336413, 55.637904809444706, 0.0 ], [ 12.531419526679111, 55.637942837813313, 0.0 ], [ 12.531446003046788, 55.637959698576651, 0.0 ], [ 12.531590087213754, 55.637972720742447, 0.0 ], [ 12.531811026885325, 55.638127754451723, 0.0 ], [ 12.532143033043701, 55.638121602948218, 0.0 ], [ 12.532166264213936, 55.638014202142308, 0.0 ], [ 12.532297028908054, 55.637881132872387, 0.0 ], [ 12.532291017797656, 55.637729706371964, 0.0 ], [ 12.532233784923582, 55.637419074843088, 0.0 ], [ 12.532206917845858, 55.637353760345128, 0.0 ], [ 12.532152270805048, 55.63729769868749, 0.0 ], [ 12.531988772178895, 55.637236771585954, 0.0 ], [ 12.532079539433846, 55.636929697276436, 0.0 ], [ 12.532145253361996, 55.636919800715077, 0.0 ], [ 12.532173495759011, 55.636883919159324, 0.0 ], [ 12.532268752593845, 55.636824346207952, 0.0 ], [ 12.532259607172017, 55.636793408664403, 0.0 ], [ 12.532275562218921, 55.636767592252049, 0.0 ], [ 12.532366318658751, 55.636728649968518, 0.0 ], [ 12.532384580172325, 55.636707262901353, 0.0 ], [ 12.532369603634978, 55.63665041755764, 0.0 ], [ 12.532384481982461, 55.63660206303809, 0.0 ], [ 12.532477507983412, 55.636531854104497, 0.0 ], [ 12.532487637497985, 55.636427258594686, 0.0 ], [ 12.5325438401547, 55.636348849580081, 0.0 ], [ 12.532530619737932, 55.63629914697934, 0.0 ], [ 12.532493977701025, 55.636266484366637, 0.0 ], [ 12.532320326755039, 55.636186338444233, 0.0 ], [ 12.532266441600306, 55.636186362996689, 0.0 ], [ 12.531992931900028, 55.63619055944487, 0.0 ], [ 12.531364324664708, 55.636235559829132, 0.0 ], [ 12.530623026133727, 55.636234798944564, 0.0 ], [ 12.530457500694631, 55.636253684460506, 0.0 ], [ 12.529363882989607, 55.636273405497569, 0.0 ], [ 12.52926974046512, 55.636234125572734, 0.0 ], [ 12.529240154546075, 55.63619505456942, 0.0 ], [ 12.529234603488664, 55.636154572069536, 0.0 ], [ 12.529280177456901, 55.636063972306012, 0.0 ], [ 12.529383381887728, 55.635970813644683, 0.0 ], [ 12.529595999005839, 55.635869378467888, 0.0 ], [ 12.529747139975553, 55.635819617378274, 0.0 ], [ 12.529997792150734, 55.635771665436032, 0.0 ], [ 12.530584761115938, 55.635786856960429, 0.0 ], [ 12.530846062602732, 55.635745969638592, 0.0 ], [ 12.530909353056249, 55.635714473591605, 0.0 ], [ 12.531050426990038, 55.635590010301797, 0.0 ], [ 12.531203056345689, 55.635373228982829, 0.0 ], [ 12.531236318946119, 55.635108904211641, 0.0 ], [ 12.531188976772025, 55.635013877548197, 0.0 ], [ 12.53119939938181, 55.634873666674785, 0.0 ], [ 12.53116326311177, 55.634795401302398, 0.0 ], [ 12.531118077644752, 55.634383625479089, 0.0 ], [ 12.531126485193756, 55.634295174832211, 0.0 ], [ 12.531016305239952, 55.634075985281235, 0.0 ], [ 12.530986654616934, 55.633983236220253, 0.0 ], [ 12.530950994228883, 55.633933190962743, 0.0 ], [ 12.530942480406418, 55.633803326652036, 0.0 ], [ 12.530904805599498, 55.633651463682696, 0.0 ], [ 12.530932274165934, 55.633358082935125, 0.0 ], [ 12.530891296855637, 55.633130695079018, 0.0 ], [ 12.530892169885758, 55.63303976402733, 0.0 ], [ 12.53084615778965, 55.632902977538144, 0.0 ], [ 12.530844241866733, 55.632740463142959, 0.0 ], [ 12.530778751237982, 55.632689209247054, 0.0 ], [ 12.530746623429739, 55.632641310084594, 0.0 ], [ 12.530743402912165, 55.63246606509054, 0.0 ], [ 12.53071471997645, 55.632343435714255, 0.0 ], [ 12.530730332504424, 55.632239671470252, 0.0 ], [ 12.530886715922465, 55.631969371544081, 0.0 ], [ 12.530970266834982, 55.631892872675095, 0.0 ], [ 12.53103726916839, 55.631856773656892, 0.0 ], [ 12.53130080907386, 55.631747483641938, 0.0 ], [ 12.531373339467255, 55.631737480847519, 0.0 ], [ 12.531490709801622, 55.631759455038903, 0.0 ], [ 12.531743655459168, 55.631758459490982, 0.0 ], [ 12.532074947685725, 55.631817337809487, 0.0 ], [ 12.532305243601293, 55.631894861951757, 0.0 ], [ 12.532515193924407, 55.631997069893849, 0.0 ], [ 12.532651593451904, 55.632025597878908, 0.0 ], [ 12.533043425956521, 55.631789599290023, 0.0 ], [ 12.53312104789962, 55.631767309877922, 0.0 ], [ 12.533210013664011, 55.631768611243402, 0.0 ], [ 12.533279444846364, 55.631819480500177, 0.0 ], [ 12.53327899906976, 55.631846288591746, 0.0 ], [ 12.533256417526866, 55.631870857578299, 0.0 ], [ 12.532778873889804, 55.632164626711294, 0.0 ], [ 12.532775257243056, 55.632205643157903, 0.0 ], [ 12.532829332490486, 55.632283660676144, 0.0 ], [ 12.53320414302172, 55.632543234786532, 0.0 ], [ 12.53341781246926, 55.632619617798284, 0.0 ], [ 12.533943693735917, 55.632752906385896, 0.0 ], [ 12.534395758658452, 55.633003595286333, 0.0 ], [ 12.534664660795011, 55.63311605838306, 0.0 ], [ 12.534861437105478, 55.633170716734668, 0.0 ], [ 12.535018874770362, 55.633286214429091, 0.0 ], [ 12.535049919852739, 55.633396096571317, 0.0 ], [ 12.535305861555736, 55.633601007161282, 0.0 ], [ 12.535346388000972, 55.633660891634264, 0.0 ], [ 12.535481903004262, 55.633758857998231, 0.0 ], [ 12.535601582515358, 55.633813401612151, 0.0 ], [ 12.535699946379104, 55.633890679688591, 0.0 ], [ 12.536003708772956, 55.634026501698891, 0.0 ], [ 12.53629978150108, 55.634121093150668, 0.0 ], [ 12.53653675410583, 55.634249489838808, 0.0 ], [ 12.536687434387366, 55.634291718331916, 0.0 ], [ 12.536821057532455, 55.634255851462989, 0.0 ], [ 12.537267342297852, 55.633999744895014, 0.0 ], [ 12.537384612088399, 55.633987008512158, 0.0 ], [ 12.537442176367328, 55.634006657205759, 0.0 ], [ 12.537476089752939, 55.634054862872084, 0.0 ], [ 12.537450730587009, 55.634094439055275, 0.0 ], [ 12.537315790348112, 55.634150935647099, 0.0 ], [ 12.536912746860303, 55.634401838011954, 0.0 ], [ 12.536923970905443, 55.634454025602615, 0.0 ], [ 12.536987851540699, 55.634529600431897, 0.0 ], [ 12.537250292857397, 55.634693587198612, 0.0 ], [ 12.537361541914185, 55.634822014549933, 0.0 ], [ 12.537505977697437, 55.634881326729918, 0.0 ], [ 12.537729530882906, 55.634919022640268, 0.0 ], [ 12.538196860889938, 55.635093457455973, 0.0 ], [ 12.538676117910637, 55.635297848199464, 0.0 ], [ 12.538743193625555, 55.635306611454467, 0.0 ], [ 12.539209463333503, 55.635481522740619, 0.0 ], [ 12.539785204514894, 55.635657586339079, 0.0 ], [ 12.53997999665839, 55.635679474321243, 0.0 ], [ 12.54024846594138, 55.635649419520853, 0.0 ], [ 12.540447478742374, 55.63570220624257, 0.0 ], [ 12.540555425883063, 55.635758702655721, 0.0 ], [ 12.540645871572698, 55.635829102276929, 0.0 ], [ 12.540540473605265, 55.635992739335109, 0.0 ], [ 12.540588397070659, 55.63603055865223, 0.0 ], [ 12.540653241586403, 55.636053322502505, 0.0 ], [ 12.540747361282429, 55.636162639947216, 0.0 ], [ 12.540860469297906, 55.636218177751175, 0.0 ], [ 12.541001566278339, 55.636229836426075, 0.0 ], [ 12.541212296943193, 55.636102539003403, 0.0 ], [ 12.541266986300881, 55.636092056882873, 0.0 ], [ 12.541347493964627, 55.636105196211041, 0.0 ], [ 12.541380616825268, 55.636142813506922, 0.0 ], [ 12.541375847310238, 55.636169207142743, 0.0 ], [ 12.540875963948093, 55.636474263644843, 0.0 ], [ 12.540803961819776, 55.636535959054733, 0.0 ], [ 12.540803166201073, 55.636555314225212, 0.0 ], [ 12.541115918124186, 55.636703992273773, 0.0 ], [ 12.541123651897278, 55.636722741321918, 0.0 ], [ 12.541871555445463, 55.637115016952414, 0.0 ], [ 12.541932501232399, 55.637133307063728, 0.0 ], [ 12.542171967610468, 55.637294171309513, 0.0 ], [ 12.542516656337838, 55.637454870925197, 0.0 ], [ 12.543350511459506, 55.637927197361094, 0.0 ], [ 12.543393406449692, 55.637925147880459, 0.0 ], [ 12.543874403473209, 55.638160400379071, 0.0 ], [ 12.544310632469744, 55.63839802480252, 0.0 ], [ 12.544320632958568, 55.638415449278128, 0.0 ], [ 12.544750055880025, 55.638628721640792, 0.0 ], [ 12.545421074289104, 55.638990920123007, 0.0 ], [ 12.545473192921094, 55.638997684739778, 0.0 ], [ 12.545603639464622, 55.639068991799746, 0.0 ], [ 12.545650939071837, 55.639064656101539, 0.0 ], [ 12.545751488474906, 55.639116506663783, 0.0 ], [ 12.545825955150459, 55.639161199071523, 0.0 ], [ 12.545801550255689, 55.639176112098141, 0.0 ], [ 12.546004723858466, 55.639297466583862, 0.0 ], [ 12.546613395105512, 55.638935020842823, 0.0 ], [ 12.54670449520157, 55.638936880312137, 0.0 ], [ 12.546748027657895, 55.63896295534294, 0.0 ], [ 12.546754740350833, 55.639000256597278, 0.0 ], [ 12.546742828753807, 55.639017955364373, 0.0 ], [ 12.54555524361275, 55.639776692094081, 0.0 ], [ 12.545261708578995, 55.639899019015012, 0.0 ], [ 12.544937905859619, 55.640091007392051, 0.0 ], [ 12.544740274984951, 55.640168117994882, 0.0 ], [ 12.54465621544931, 55.640254711781104, 0.0 ], [ 12.544506134159599, 55.640289804129218, 0.0 ], [ 12.544461621124634, 55.640328497066385, 0.0 ], [ 12.544458071238607, 55.64037715503391, 0.0 ], [ 12.544497858651296, 55.640421592369691, 0.0 ], [ 12.544491525935756, 55.640446502756674, 0.0 ], [ 12.544460217687996, 55.640471236289869, 0.0 ], [ 12.544342114965467, 55.640480226744678, 0.0 ], [ 12.544342159898283, 55.640494792034708, 0.0 ], [ 12.541529289405368, 55.640504533777595, 0.0 ], [ 12.540897123071037, 55.642651227206265, 0.0 ], [ 12.541317391408455, 55.643040924008858, 0.0 ], [ 12.542384948037288, 55.642999912473911, 0.0 ], [ 12.542942807119369, 55.642941526348316, 0.0 ], [ 12.543587235522896, 55.642843588843782, 0.0 ], [ 12.544366406089337, 55.642681506798553, 0.0 ], [ 12.544407260185798, 55.642651551814609, 0.0 ], [ 12.544433180728539, 55.642556658886917, 0.0 ], [ 12.544620297114021, 55.642496757524263, 0.0 ], [ 12.544672756342859, 55.642493172219176, 0.0 ], [ 12.544810629204715, 55.642549788800672, 0.0 ], [ 12.544850767675403, 55.642550606047713, 0.0 ], [ 12.545564444851887, 55.642304359672366, 0.0 ], [ 12.546300559204939, 55.641988133546931, 0.0 ], [ 12.5467738223353, 55.641734719062171, 0.0 ], [ 12.546725557117393, 55.641633520187668, 0.0 ], [ 12.546755415485066, 55.641598037953479, 0.0 ], [ 12.546855137580064, 55.641536975534116, 0.0 ], [ 12.546929731861457, 55.641521508982507, 0.0 ], [ 12.547085009989102, 55.641536796826237, 0.0 ], [ 12.547351572239998, 55.641362285064773, 0.0 ], [ 12.548543166050548, 55.640494884904562, 0.0 ], [ 12.548564572642245, 55.64046441252227, 0.0 ], [ 12.548482488485321, 55.640272387856733, 0.0 ], [ 12.548671022865587, 55.640133491512671, 0.0 ], [ 12.549060760978428, 55.64013092779895, 0.0 ], [ 12.549564978845194, 55.640381401761353, 0.0 ], [ 12.549784682454149, 55.640523581906336, 0.0 ], [ 12.548817106215674, 55.641403120954131, 0.0 ], [ 12.548711552660881, 55.641520911899427, 0.0 ], [ 12.548662148096041, 55.641633750026202, 0.0 ], [ 12.548653022680945, 55.641698035412105, 0.0 ], [ 12.54868010378539, 55.641786449304185, 0.0 ], [ 12.548744498952868, 55.641890147711408, 0.0 ], [ 12.548857096439736, 55.641957292646502, 0.0 ], [ 12.549408854293771, 55.641756264530784, 0.0 ], [ 12.54993730568987, 55.641585851414902, 0.0 ], [ 12.549923071401112, 55.641551555595825, 0.0 ], [ 12.549929759813507, 55.641516563827622, 0.0 ], [ 12.549985306783883, 55.641482135026344, 0.0 ], [ 12.5508921119196, 55.641237815560224, 0.0 ], [ 12.55102284121304, 55.641252370994245, 0.0 ], [ 12.55107640513048, 55.641280311927261, 0.0 ], [ 12.551250546299197, 55.641510849837218, 0.0 ], [ 12.551164495111902, 55.641405082622406, 0.0 ], [ 12.549922550550395, 55.64175649245076, 0.0 ], [ 12.548942941540062, 55.642076644890068, 0.0 ], [ 12.547813724782714, 55.642509380572079, 0.0 ], [ 12.546754574775457, 55.642987554134514, 0.0 ], [ 12.546383168319206, 55.642648253669464, 0.0 ], [ 12.544998040517791, 55.643124334233235, 0.0 ], [ 12.543693765905156, 55.64338891353011, 0.0 ], [ 12.542787636161899, 55.643500980447627, 0.0 ], [ 12.54177215706509, 55.643551909847226, 0.0 ], [ 12.541155672715902, 55.643547513784277, 0.0 ], [ 12.540563027544929, 55.643520126528003, 0.0 ], [ 12.539332856416474, 55.643408463205766, 0.0 ], [ 12.538430995598771, 55.643289647420033, 0.0 ], [ 12.538408783234731, 55.643348285154957, 0.0 ], [ 12.535124200420462, 55.642928383771206, 0.0 ], [ 12.533417145469544, 55.64283832833862, 0.0 ], [ 12.53264616494832, 55.642834207416499, 0.0 ], [ 12.531820589937835, 55.642866452667263, 0.0 ], [ 12.531646670595258, 55.642841881700591, 0.0 ], [ 12.53035464655583, 55.643019105110227, 0.0 ], [ 12.530278630825055, 55.643048899113559, 0.0 ], [ 12.530224302616579, 55.643098839150611, 0.0 ], [ 12.530177380912269, 55.643105675567938, 0.0 ], [ 12.531630100662321, 55.643273869632587, 0.0 ], [ 12.530882490176346, 55.647154904195624, 0.0 ], [ 12.534488856750771, 55.647488047025895, 0.0 ], [ 12.534087680511767, 55.648487890350175, 0.0 ], [ 12.534052462425, 55.648711000235735, 0.0 ], [ 12.534423515503198, 55.649024001710465, 0.0 ], [ 12.53331329049854, 55.649408484187411, 0.0 ], [ 12.533411339490788, 55.64952596637621, 0.0 ], [ 12.535713013438462, 55.651457186461847, 0.0 ], [ 12.533667057634595, 55.6521487492913, 0.0 ], [ 12.533321318810804, 55.652533039088809, 0.0 ], [ 12.533186470960374, 55.652494305490848, 0.0 ], [ 12.533141207268976, 55.652544345020964, 0.0 ] ] ] ] } },
{ "type": "Feature", "properties": { "id": "749", "afstemningsomraadenummer": 18, "afstemningsstedNavn": "Gerbrandskolen", "kommuneLokalId": 389103, "navn": "4. Syd", "opstillingskredsLokalId": 403566, "areaSquareMetres": 970778.59 }, "geometry": { "type": "Polygon", "coordinates": [ [ [ 12.610372220915881, 55.655055796706641, 0.0 ], [ 12.610833999981123, 55.654366359745204, 0.0 ], [ 12.610864551587751, 55.654357906505929, 0.0 ], [ 12.610988222160051, 55.654203648158557, 0.0 ], [ 12.610969375225132, 55.654183791660607, 0.0 ], [ 12.611128634666276, 55.653844509450032, 0.0 ], [ 12.611166199098573, 55.653834500730461, 0.0 ], [ 12.611109112097092, 55.653824223281916, 0.0 ], [ 12.611262807622529, 55.653478091040363, 0.0 ], [ 12.611298094125138, 55.653484784493216, 0.0 ], [ 12.611496308334912, 55.653078173219164, 0.0 ], [ 12.612391592846173, 55.651107280824519, 0.0 ], [ 12.61315879778375, 55.649393549297145, 0.0 ], [ 12.613129314810392, 55.649349728393489, 0.0 ], [ 12.613289723535772, 55.64899053649237, 0.0 ], [ 12.613354497794921, 55.648954907037066, 0.0 ], [ 12.614550917400399, 55.64630458566549, 0.0 ], [ 12.614683451807929, 55.646103752784043, 0.0 ], [ 12.614768362978214, 55.645914125586614, 0.0 ], [ 12.614727732661095, 55.645908040433937, 0.0 ], [ 12.614992018244063, 55.645318644801854, 0.0 ], [ 12.617244496695049, 55.640756734250921, 0.0 ], [ 12.617280595298309, 55.640746496926432, 0.0 ], [ 12.61725063302044, 55.640742255877306, 0.0 ], [ 12.61729986863658, 55.640643509360721, 0.0 ], [ 12.617325992511189, 55.640647504015647, 0.0 ], [ 12.617307098236235, 55.6406288188739, 0.0 ], [ 12.617387773381978, 55.640469347627807, 0.0 ], [ 12.618119283900723, 55.640590275983747, 0.0 ], [ 12.618383447568752, 55.640117590941848, 0.0 ], [ 12.618551376300001, 55.640145633178058, 0.0 ], [ 12.618720686892603, 55.639944068924009, 0.0 ], [ 12.618903754897138, 55.639979396735924, 0.0 ], [ 12.619428588877337, 55.639339223537746, 0.0 ], [ 12.620917967140606, 55.639642946561594, 0.0 ], [ 12.621050203659602, 55.640002315996163, 0.0 ], [ 12.62226986578939, 55.640292681278609, 0.0 ], [ 12.623868353352758, 55.640723528335919, 0.0 ], [ 12.627296707661573, 55.641411061708503, 0.0 ], [ 12.625971389459128, 55.643788204808409, 0.0 ], [ 12.628369880956395, 55.644296933852921, 0.0 ], [ 12.62812799111928, 55.644378818649201, 0.0 ], [ 12.627622404373119, 55.644683237936846, 0.0 ], [ 12.626878773371924, 55.645295122935849, 0.0 ], [ 12.626462333079591, 55.645594021463936, 0.0 ], [ 12.62558718826655, 55.646072031802042, 0.0 ], [ 12.622376933912104, 55.647609182742748, 0.0 ], [ 12.622103224319135, 55.647787580422531, 0.0 ], [ 12.621896213123785, 55.647968502429052, 0.0 ], [ 12.621769839768778, 55.64811350107383, 0.0 ], [ 12.621663927732845, 55.64827515957677, 0.0 ], [ 12.620433213743743, 55.651687471299986, 0.0 ], [ 12.619163166649754, 55.653775599989864, 0.0 ], [ 12.618898354025504, 55.654130149364455, 0.0 ], [ 12.618440648694021, 55.654576265878731, 0.0 ], [ 12.617318129089409, 55.655559759327183, 0.0 ], [ 12.613687394178243, 55.654832847647214, 0.0 ], [ 12.613130258464485, 55.655717444775142, 0.0 ], [ 12.610604165320211, 55.655194544324978, 0.0 ], [ 12.610372220915881, 55.655055796706641, 0.0 ] ] ] } },
{ "type": "Feature", "properties": { "id": "750", "afstemningsomraadenummer": 5, "afstemningsstedNavn": "Nørre Fælled Skole", "kommuneLokalId": 389103, "navn": "1. Vest", "opstillingskredsLokalId": 403564, "areaSquareMetres": 793636.23 }, "geometry": { "type": "Polygon", "coordinates": [ [ [ 12.553143960175193, 55.7114537265998, 0.0 ], [ 12.553215177791138, 55.711350597271739, 0.0 ], [ 12.55426852906719, 55.710714132939067, 0.0 ], [ 12.554611884307695, 55.710473907064639, 0.0 ], [ 12.555022445999272, 55.710125091044738, 0.0 ], [ 12.555310960704086, 55.70982306082594, 0.0 ], [ 12.555494621994431, 55.709548436436066, 0.0 ], [ 12.555574700565398, 55.709400989417958, 0.0 ], [ 12.556382925083337, 55.707798527955603, 0.0 ], [ 12.557664582448597, 55.703852667677687, 0.0 ], [ 12.557843715559041, 55.703621510296429, 0.0 ], [ 12.558011903788517, 55.70349236636563, 0.0 ], [ 12.558842307750213, 55.703163277272793, 0.0 ], [ 12.561912060941184, 55.705898385379243, 0.0 ], [ 12.562548651442411, 55.706297924051036, 0.0 ], [ 12.562696517439452, 55.706361786836077, 0.0 ], [ 12.562986959423577, 55.706441919470166, 0.0 ], [ 12.564910520956914, 55.706780949254203, 0.0 ], [ 12.569413182240305, 55.707608531705546, 0.0 ], [ 12.576806084811551, 55.70905612684701, 0.0 ], [ 12.577528096866246, 55.709177232254852, 0.0 ], [ 12.577573133627363, 55.71028919076744, 0.0 ], [ 12.577520887892447, 55.712033320629395, 0.0 ], [ 12.577524746753751, 55.712923213966107, 0.0 ], [ 12.570742649437555, 55.711752712938747, 0.0 ], [ 12.57044984678874, 55.711680489399789, 0.0 ], [ 12.569597761709899, 55.711420607691061, 0.0 ], [ 12.566273159003208, 55.710690242532088, 0.0 ], [ 12.565962223335456, 55.710663494339052, 0.0 ], [ 12.565139257071081, 55.710746849542183, 0.0 ], [ 12.561024812033297, 55.70995297569074, 0.0 ], [ 12.560013529033785, 55.711957987019844, 0.0 ], [ 12.559947564535634, 55.712167609819673, 0.0 ], [ 12.559869492769474, 55.712585382354682, 0.0 ], [ 12.559674537266355, 55.713055910893601, 0.0 ], [ 12.558933116399254, 55.714422491487248, 0.0 ], [ 12.558586349489676, 55.715118797557473, 0.0 ], [ 12.55903007447783, 55.715447340823374, 0.0 ], [ 12.556944050014762, 55.714018274170826, 0.0 ], [ 12.5544075150849, 55.712250113236763, 0.0 ], [ 12.553681102883507, 55.711771939316755, 0.0 ], [ 12.553143960175193, 55.7114537265998, 0.0 ] ] ] } },
{ "type": "Feature", "properties": { "id": "752", "afstemningsomraadenummer": 29, "afstemningsstedNavn": "Lundehusskolen", "kommuneLokalId": 389103, "navn": "6. Øst", "opstillingskredsLokalId": 403568, "areaSquareMetres": 1456905.6 }, "geometry": { "type": "Polygon", "coordinates": [ [ [ 12.538954316702224, 55.726287632229855, 0.0 ], [ 12.538935850402934, 55.725986945413489, 0.0 ], [ 12.539067660537405, 55.725679586436598, 0.0 ], [ 12.539145683581504, 55.725376476197638, 0.0 ], [ 12.539717681751421, 55.72382177838189, 0.0 ], [ 12.539982040493598, 55.723164506291617, 0.0 ], [ 12.540133673185457, 55.722865115941445, 0.0 ], [ 12.540202417070429, 55.722797403637131, 0.0 ], [ 12.540244877090641, 55.722717411815488, 0.0 ], [ 12.540265358279147, 55.722500302346852, 0.0 ], [ 12.540771269035073, 55.721555249367441, 0.0 ], [ 12.540991375990897, 55.721192378829024, 0.0 ], [ 12.541710885436819, 55.720198176439112, 0.0 ], [ 12.542733286647508, 55.718865859436612, 0.0 ], [ 12.544647406977898, 55.716278253827717, 0.0 ], [ 12.54532088904485, 55.715394965053413, 0.0 ], [ 12.545314525823741, 55.715372220213716, 0.0 ], [ 12.546121858321685, 55.71428265604608, 0.0 ], [ 12.546347649717479, 55.713944786558613, 0.0 ], [ 12.546484637361967, 55.713685013758067, 0.0 ], [ 12.546620332220812, 55.713296877189556, 0.0 ], [ 12.546735988493449, 55.712810771105396, 0.0 ], [ 12.546827144260476, 55.712602406396066, 0.0 ], [ 12.546882967464734, 55.712534793622211, 0.0 ], [ 12.547208635647007, 55.712348241608048, 0.0 ], [ 12.547513576353683, 55.712201851401097, 0.0 ], [ 12.547859420563377, 55.712062190132663, 0.0 ], [ 12.548517215258672, 55.71185874557743, 0.0 ], [ 12.549221909007139, 55.711714094826966, 0.0 ], [ 12.550007278410188, 55.711628338694467, 0.0 ], [ 12.550431559798705, 55.711612463431393, 0.0 ], [ 12.550856601992257, 55.711617245536679, 0.0 ], [ 12.551672521437052, 55.711685521068588, 0.0 ], [ 12.552433535444003, 55.711824347391541, 0.0 ], [ 12.553143960175193, 55.7114537265998, 0.0 ], [ 12.553211150714361, 55.711488556500981, 0.0 ], [ 12.553681102883507, 55.711771939316755, 0.0 ], [ 12.5544075150849, 55.712250113236763, 0.0 ], [ 12.556944050014762, 55.714018274170826, 0.0 ], [ 12.55903007447783, 55.715447340823374, 0.0 ], [ 12.559155219414041, 55.715194819845649, 0.0 ], [ 12.561630172295789, 55.716990572213177, 0.0 ], [ 12.563760056292551, 55.71848464867977, 0.0 ], [ 12.564246520528448, 55.718851226562194, 0.0 ], [ 12.565174096061847, 55.719626517255037, 0.0 ], [ 12.56592430974559, 55.72032045610775, 0.0 ], [ 12.567402236125194, 55.721740176681671, 0.0 ], [ 12.563674540316864, 55.721848506687323, 0.0 ], [ 12.563392872579247, 55.721892114929723, 0.0 ], [ 12.563124134327017, 55.721958725487312, 0.0 ], [ 12.562566538575314, 55.722154391964921, 0.0 ], [ 12.561968340184933, 55.722313649226884, 0.0 ], [ 12.56175488718287, 55.722364624606804, 0.0 ], [ 12.561588451820949, 55.722361633276073, 0.0 ], [ 12.561351466343078, 55.722747063235254, 0.0 ], [ 12.555458866109904, 55.722935495061861, 0.0 ], [ 12.555098483724409, 55.722952861298452, 0.0 ], [ 12.555056983330514, 55.7230360679334, 0.0 ], [ 12.554454358977086, 55.722940411942162, 0.0 ], [ 12.554209247958948, 55.72337218963839, 0.0 ], [ 12.554191676922844, 55.723390951741656, 0.0 ], [ 12.554125600031687, 55.723393135555924, 0.0 ], [ 12.554045631883701, 55.723424764842335, 0.0 ], [ 12.553953906424006, 55.723416451903454, 0.0 ], [ 12.553771360831719, 55.723348457107861, 0.0 ], [ 12.553689323064461, 55.723385361277572, 0.0 ], [ 12.553006827470403, 55.723457368399785, 0.0 ], [ 12.552034797949279, 55.72343938506787, 0.0 ], [ 12.551755745172978, 55.723505009988457, 0.0 ], [ 12.551621065232263, 55.723576256190341, 0.0 ], [ 12.551052439394814, 55.723719766839622, 0.0 ], [ 12.550848897105693, 55.723760814957437, 0.0 ], [ 12.550611961355086, 55.72377801207336, 0.0 ], [ 12.550330931373962, 55.72385699855657, 0.0 ], [ 12.550154311749509, 55.723868223384649, 0.0 ], [ 12.549931469257519, 55.723852911144199, 0.0 ], [ 12.549550574799655, 55.723734001227569, 0.0 ], [ 12.549475804300938, 55.723875535065808, 0.0 ], [ 12.549368722509007, 55.723950745904652, 0.0 ], [ 12.549078344234488, 55.723839106885549, 0.0 ], [ 12.549006391638871, 55.723829229220307, 0.0 ], [ 12.547614282853649, 55.723859147555743, 0.0 ], [ 12.54683177428338, 55.723958109304682, 0.0 ], [ 12.546317584582876, 55.724053896842392, 0.0 ], [ 12.545803047247581, 55.724110758381507, 0.0 ], [ 12.545314822585764, 55.724155617883177, 0.0 ], [ 12.544696505925829, 55.724171414284257, 0.0 ], [ 12.544387556485683, 55.724148239142295, 0.0 ], [ 12.544206954055799, 55.724106789447646, 0.0 ], [ 12.543982613433318, 55.724043314467067, 0.0 ], [ 12.543780703981017, 55.723953115461043, 0.0 ], [ 12.54370771722205, 55.72388086256619, 0.0 ], [ 12.543586360757564, 55.723637097292588, 0.0 ], [ 12.543218800670381, 55.723663267685673, 0.0 ], [ 12.542175059254056, 55.723696011676971, 0.0 ], [ 12.541924837868409, 55.723726613363709, 0.0 ], [ 12.54166175897498, 55.723784110992483, 0.0 ], [ 12.54132985987262, 55.723903208907096, 0.0 ], [ 12.54112344640137, 55.72400411793452, 0.0 ], [ 12.540857952842499, 55.724198536132555, 0.0 ], [ 12.540690767356429, 55.724412416144283, 0.0 ], [ 12.539902488281333, 55.725754862142175, 0.0 ], [ 12.539786791915169, 55.725905842429896, 0.0 ], [ 12.53965398880387, 55.726017483174864, 0.0 ], [ 12.539434476712861, 55.726144572926543, 0.0 ], [ 12.539166921100176, 55.726239059674704, 0.0 ], [ 12.538954316702224, 55.726287632229855, 0.0 ] ] ] } },
{ "type": "Feature", "properties": { "id": "754", "afstemningsomraadenummer": 34, "afstemningsstedNavn": "Bellahøj Skole", "kommuneLokalId": 389103, "navn": "7. Øst", "opstillingskredsLokalId": 403575, "areaSquareMetres": 2685460.33 }, "geometry": { "type": "Polygon", "coordinates": [ [ [ 12.488542242520078, 55.69851310848891, 0.0 ], [ 12.490304475148141, 55.698628329656977, 0.0 ], [ 12.490210296980084, 55.697428129510584, 0.0 ], [ 12.490214922629793, 55.697340780542284, 0.0 ], [ 12.492971904493896, 55.69751567969962, 0.0 ], [ 12.492984040703378, 55.697594549104174, 0.0 ], [ 12.493810461575281, 55.697665602380255, 0.0 ], [ 12.494068559445818, 55.697845902824071, 0.0 ], [ 12.49838582030214, 55.697988452944486, 0.0 ], [ 12.498441282892891, 55.697638360228915, 0.0 ], [ 12.499328961953307, 55.695190185758406, 0.0 ], [ 12.505343892585023, 55.696685909653475, 0.0 ], [ 12.505686750962742, 55.696793540089516, 0.0 ], [ 12.505996415997721, 55.696910930105673, 0.0 ], [ 12.506325714646273, 55.697060846957484, 0.0 ], [ 12.506617199246563, 55.69722047591106, 0.0 ], [ 12.506853242980352, 55.697376114571988, 0.0 ], [ 12.50710891910483, 55.697583791954877, 0.0 ], [ 12.511959341037132, 55.702001477258747, 0.0 ], [ 12.512142142795506, 55.702240993382276, 0.0 ], [ 12.512495542318328, 55.702931585918257, 0.0 ], [ 12.514002810700593, 55.705933946101254, 0.0 ], [ 12.514185275592487, 55.706335946601513, 0.0 ], [ 12.514227996192957, 55.706488838014067, 0.0 ], [ 12.515746977197493, 55.70662109835618, 0.0 ], [ 12.515770094694446, 55.706619626566116, 0.0 ], [ 12.515820396695126, 55.706569810295882, 0.0 ], [ 12.515714332344507, 55.706690189977948, 0.0 ], [ 12.51535187232561, 55.706930941168039, 0.0 ], [ 12.51462166816923, 55.707293543306434, 0.0 ], [ 12.511586785877121, 55.708253715415083, 0.0 ], [ 12.51196580867003, 55.708611968091951, 0.0 ], [ 12.512379686968861, 55.709106432719651, 0.0 ], [ 12.512557573391206, 55.709398959622639, 0.0 ], [ 12.512663020196891, 55.709712982266851, 0.0 ], [ 12.512686914092564, 55.709877922381558, 0.0 ], [ 12.51270281867567, 55.710269498387667, 0.0 ], [ 12.512651848558157, 55.710538905901331, 0.0 ], [ 12.512499862988875, 55.710937267129594, 0.0 ], [ 12.512118875776814, 55.711798684915784, 0.0 ], [ 12.512657074747239, 55.712295524281352, 0.0 ], [ 12.512785899580031, 55.712396317381604, 0.0 ], [ 12.512892392879495, 55.71245063411255, 0.0 ], [ 12.513065483521295, 55.712492793346186, 0.0 ], [ 12.513026057036814, 55.712589322640461, 0.0 ], [ 12.513154065349946, 55.712603010686344, 0.0 ], [ 12.513278717010811, 55.712637834943216, 0.0 ], [ 12.5135667288022, 55.712799706746168, 0.0 ], [ 12.515025080662383, 55.713521583701308, 0.0 ], [ 12.51506096727859, 55.713555802376476, 0.0 ], [ 12.515466379596964, 55.713756656360921, 0.0 ], [ 12.515661565002736, 55.713895647364993, 0.0 ], [ 12.515729589531453, 55.714016252877784, 0.0 ], [ 12.516530051186292, 55.715850247467891, 0.0 ], [ 12.516847528843732, 55.716199370838503, 0.0 ], [ 12.517063878601803, 55.716286591203016, 0.0 ], [ 12.518595489941923, 55.716763646048577, 0.0 ], [ 12.518712250967294, 55.716834477752677, 0.0 ], [ 12.517947238429388, 55.716893371367831, 0.0 ], [ 12.517045952503175, 55.717023963057954, 0.0 ], [ 12.516571988183216, 55.717113347831422, 0.0 ], [ 12.516032834086799, 55.717234181177361, 0.0 ], [ 12.514917390669257, 55.717546588975516, 0.0 ], [ 12.514280516153695, 55.717684420615221, 0.0 ], [ 12.513793906404048, 55.717737830794682, 0.0 ], [ 12.51321174935717, 55.717736609011531, 0.0 ], [ 12.512971881901096, 55.717715603579208, 0.0 ], [ 12.513213801083968, 55.718404621728482, 0.0 ], [ 12.513264426508089, 55.7186719292188, 0.0 ], [ 12.513252136572081, 55.719134266464266, 0.0 ], [ 12.513224163414401, 55.719294487460104, 0.0 ], [ 12.513183728936152, 55.719470260962503, 0.0 ], [ 12.51310616940123, 55.719665440199222, 0.0 ], [ 12.513006892928329, 55.719845865650043, 0.0 ], [ 12.5122266768619, 55.719823155008136, 0.0 ], [ 12.51198128690779, 55.719937628135924, 0.0 ], [ 12.511347872292092, 55.720073726233096, 0.0 ], [ 12.510768644919086, 55.72009308898793, 0.0 ], [ 12.510654103926214, 55.720112551162764, 0.0 ], [ 12.510213243904142, 55.720125884038943, 0.0 ], [ 12.510162292518034, 55.720111966206176, 0.0 ], [ 12.508897322860353, 55.72019571437373, 0.0 ], [ 12.508642481857603, 55.720242295172802, 0.0 ], [ 12.508051945152394, 55.720275905292574, 0.0 ], [ 12.507631619257371, 55.720212753312815, 0.0 ], [ 12.507322772279805, 55.720124384028082, 0.0 ], [ 12.507048957065564, 55.72001631030048, 0.0 ], [ 12.506711494324326, 55.719926779323885, 0.0 ], [ 12.506315794066445, 55.71990544895781, 0.0 ], [ 12.505892236640401, 55.719838157452656, 0.0 ], [ 12.505458041047527, 55.719987953790692, 0.0 ], [ 12.505038968881848, 55.719983112109126, 0.0 ], [ 12.504849094556619, 55.719901498332248, 0.0 ], [ 12.504568033888837, 55.719852880200548, 0.0 ], [ 12.504357068294683, 55.719854050503763, 0.0 ], [ 12.504057739872811, 55.719967710177869, 0.0 ], [ 12.503699301783087, 55.720052845599149, 0.0 ], [ 12.503537146618521, 55.720113403193146, 0.0 ], [ 12.503533410615148, 55.720126817301079, 0.0 ], [ 12.502683335152392, 55.720519110283853, 0.0 ], [ 12.502206560306712, 55.720553040997046, 0.0 ], [ 12.501944491642904, 55.720549281791911, 0.0 ], [ 12.501412795406367, 55.720514283604423, 0.0 ], [ 12.500985311392325, 55.720444030119438, 0.0 ], [ 12.500188706713764, 55.720672393205916, 0.0 ], [ 12.499080754420048, 55.721042434707805, 0.0 ], [ 12.498600274359555, 55.721257545443464, 0.0 ], [ 12.496464086839719, 55.722052682374276, 0.0 ], [ 12.49414059240685, 55.722975758406278, 0.0 ], [ 12.492313597129582, 55.722690232580803, 0.0 ], [ 12.49841359807402, 55.718958170367117, 0.0 ], [ 12.498411008865409, 55.718932798284385, 0.0 ], [ 12.498780365732369, 55.71866708761678, 0.0 ], [ 12.499097994920989, 55.718371650527743, 0.0 ], [ 12.499715255894609, 55.717480251801533, 0.0 ], [ 12.499983648196091, 55.717170571388266, 0.0 ], [ 12.500631881332721, 55.716597032374274, 0.0 ], [ 12.501468153881888, 55.715893051399064, 0.0 ], [ 12.502626107282367, 55.714788660401062, 0.0 ], [ 12.504739341830087, 55.712845846710636, 0.0 ], [ 12.504377326943567, 55.712693081995702, 0.0 ], [ 12.504369211108417, 55.712657617509471, 0.0 ], [ 12.504313955725998, 55.712618644117562, 0.0 ], [ 12.503842487455042, 55.712513422355229, 0.0 ], [ 12.503611887935131, 55.712401679852384, 0.0 ], [ 12.503505788653884, 55.712308950248428, 0.0 ], [ 12.503447082325907, 55.712219003250311, 0.0 ], [ 12.503398075713053, 55.711913792191091, 0.0 ], [ 12.503312748303655, 55.711757798423264, 0.0 ], [ 12.503207625103427, 55.711661713860053, 0.0 ], [ 12.503108851498403, 55.711599166068872, 0.0 ], [ 12.502820945756657, 55.711491216498182, 0.0 ], [ 12.502631627415127, 55.71145795836253, 0.0 ], [ 12.502435833960972, 55.711446644250735, 0.0 ], [ 12.501472681846764, 55.711518645740306, 0.0 ], [ 12.50087825498961, 55.711541184811225, 0.0 ], [ 12.500209383634017, 55.711538061254821, 0.0 ], [ 12.499422012064072, 55.711504596166066, 0.0 ], [ 12.499408793683031, 55.711383587990568, 0.0 ], [ 12.499299678916238, 55.711030996738174, 0.0 ], [ 12.499522016047763, 55.711034635188334, 0.0 ], [ 12.49960768533292, 55.710885000541673, 0.0 ], [ 12.499697469611421, 55.710498412326039, 0.0 ], [ 12.499769151876341, 55.710393594554041, 0.0 ], [ 12.499771372315111, 55.710236899271706, 0.0 ], [ 12.499802964352655, 55.710002668565245, 0.0 ], [ 12.49897773226798, 55.710051204668837, 0.0 ], [ 12.498917265291269, 55.709731393306562, 0.0 ], [ 12.499852609657939, 55.709674770847933, 0.0 ], [ 12.499859651628912, 55.709628893121042, 0.0 ], [ 12.49996542099016, 55.70959890107796, 0.0 ], [ 12.499492345893547, 55.709439580292859, 0.0 ], [ 12.499073929373187, 55.707215958744833, 0.0 ], [ 12.498443771968889, 55.707222871877043, 0.0 ], [ 12.498145293828395, 55.705696534857637, 0.0 ], [ 12.498159520735653, 55.705476376915229, 0.0 ], [ 12.49829787672379, 55.705039940229597, 0.0 ], [ 12.498649059128473, 55.704513722587542, 0.0 ], [ 12.49771589989637, 55.704714499078442, 0.0 ], [ 12.496828160782472, 55.704853460809595, 0.0 ], [ 12.494016850394271, 55.705137045233919, 0.0 ], [ 12.492454963254579, 55.705403612024512, 0.0 ], [ 12.490957078559051, 55.704232308830896, 0.0 ], [ 12.490834412459005, 55.704097870420647, 0.0 ], [ 12.490781382184108, 55.704001462353162, 0.0 ], [ 12.489966007089896, 55.701737411875477, 0.0 ], [ 12.488542242520078, 55.69851310848891, 0.0 ] ] ] } },
{ "type": "Feature", "properties": { "id": "755", "afstemningsomraadenummer": 20, "afstemningsstedNavn": "Guldberg Skole", "kommuneLokalId": 389103, "navn": "5. Nørrebro", "opstillingskredsLokalId": 403567, "areaSquareMetres": 436049.65 }, "geometry": { "type": "Polygon", "coordinates": [ [ [ 12.548840330388682, 55.694340078813092, 0.0 ], [ 12.549438915972306, 55.693959312905285, 0.0 ], [ 12.555054301501825, 55.690222736150155, 0.0 ], [ 12.557516320592184, 55.691866513906469, 0.0 ], [ 12.561246608552517, 55.694243926451982, 0.0 ], [ 12.561482626428903, 55.696152941564087, 0.0 ], [ 12.561557773643496, 55.69611973794072, 0.0 ], [ 12.561596772363488, 55.696354009021448, 0.0 ], [ 12.558653268708513, 55.697317311230336, 0.0 ], [ 12.556666066612181, 55.698039440148378, 0.0 ], [ 12.555175551258197, 55.698663517114305, 0.0 ], [ 12.554279013030005, 55.699117415552664, 0.0 ], [ 12.554096098704683, 55.698988020178433, 0.0 ], [ 12.549689823144114, 55.695054432677324, 0.0 ], [ 12.548840330388682, 55.694340078813092, 0.0 ] ] ] } },
{ "type": "Feature", "properties": { "id": "756", "afstemningsomraadenummer": 9, "afstemningsstedNavn": "Ørestad Gymnasium", "kommuneLokalId": 389103, "navn": "2. Ørestad", "opstillingskredsLokalId": 403565, "areaSquareMetres": 8971831.73 }, "geometry": { "type": "Polygon", "coordinates": [ [ [ 12.504745100500285, 55.614149539760099, 0.0 ], [ 12.505562194391013, 55.614092983873299, 0.0 ], [ 12.505517264147619, 55.613926126354265, 0.0 ], [ 12.505508477871002, 55.613829538114693, 0.0 ], [ 12.505519717248271, 55.613752608006649, 0.0 ], [ 12.50577024395362, 55.613380829624049, 0.0 ], [ 12.505987731573372, 55.613110522352819, 0.0 ], [ 12.506024246767767, 55.613035566338354, 0.0 ], [ 12.506043674045177, 55.613027187677659, 0.0 ], [ 12.506089211463676, 55.613030110561922, 0.0 ], [ 12.506105759790884, 55.613058859725193, 0.0 ], [ 12.505978575194186, 55.613329909969792, 0.0 ], [ 12.506085803068485, 55.61340452893463, 0.0 ], [ 12.506221896856529, 55.613432374566813, 0.0 ], [ 12.506379937454859, 55.613435584326076, 0.0 ], [ 12.507119371527491, 55.613407945480915, 0.0 ], [ 12.508140695214831, 55.613286810326876, 0.0 ], [ 12.508785933584464, 55.613154498596721, 0.0 ], [ 12.508931873250722, 55.613096998497284, 0.0 ], [ 12.509028119047429, 55.613032739175758, 0.0 ], [ 12.50905333786142, 55.612994971371613, 0.0 ], [ 12.509044902438518, 55.612975251576195, 0.0 ], [ 12.508834694256047, 55.612871844140862, 0.0 ], [ 12.508862112469412, 55.612853345373757, 0.0 ], [ 12.508962228540829, 55.61287502507993, 0.0 ], [ 12.509917184203072, 55.613285652182562, 0.0 ], [ 12.510175012917623, 55.613422311221569, 0.0 ], [ 12.510391260399171, 55.613571850285275, 0.0 ], [ 12.510662380665325, 55.613794896717707, 0.0 ], [ 12.51182402856988, 55.613775451335918, 0.0 ], [ 12.513337666740687, 55.613781957906177, 0.0 ], [ 12.513522917707991, 55.613778533595394, 0.0 ], [ 12.51300281860502, 55.61336715459764, 0.0 ], [ 12.513351704934792, 55.613342493667588, 0.0 ], [ 12.514087544494894, 55.613343958694834, 0.0 ], [ 12.516172659889801, 55.613471609042733, 0.0 ], [ 12.515981319977548, 55.612883921414479, 0.0 ], [ 12.516085647948017, 55.612874543208733, 0.0 ], [ 12.516262877916088, 55.613354376224969, 0.0 ], [ 12.51634251749225, 55.613432925385169, 0.0 ], [ 12.516484194869202, 55.613478672672954, 0.0 ], [ 12.517588093302971, 55.613676449767908, 0.0 ], [ 12.519039077672229, 55.613965763861749, 0.0 ], [ 12.519787756349508, 55.614168688771358, 0.0 ], [ 12.520573435655006, 55.614358946732445, 0.0 ], [ 12.521281358790628, 55.614587311360985, 0.0 ], [ 12.522733772672929, 55.615116619032662, 0.0 ], [ 12.52326296550857, 55.615334106332611, 0.0 ], [ 12.523530029889832, 55.615488006286597, 0.0 ], [ 12.565218999523978, 55.615497532079623, 0.0 ], [ 12.571845172124227, 55.631591256674582, 0.0 ], [ 12.573716242393733, 55.631315504249649, 0.0 ], [ 12.57431427555947, 55.631276391447038, 0.0 ], [ 12.574914098001983, 55.63126563771457, 0.0 ], [ 12.57613695951876, 55.631366272446613, 0.0 ], [ 12.576523272071222, 55.631415962496447, 0.0 ], [ 12.576941282389564, 55.631436761438536, 0.0 ], [ 12.577791955813279, 55.631440341311688, 0.0 ], [ 12.578240036435007, 55.631403968874089, 0.0 ], [ 12.578770495412503, 55.631347205222198, 0.0 ], [ 12.579183775256849, 55.63128307172812, 0.0 ], [ 12.580023752888181, 55.631098119449888, 0.0 ], [ 12.581547899486287, 55.630627007025019, 0.0 ], [ 12.582159473782893, 55.630530990901455, 0.0 ], [ 12.582849232131467, 55.630464426967194, 0.0 ], [ 12.582287833644731, 55.62861269018115, 0.0 ], [ 12.582178653233541, 55.628207291585895, 0.0 ], [ 12.581994971701947, 55.627640418847164, 0.0 ], [ 12.581105339816338, 55.624686877780555, 0.0 ], [ 12.579000098747088, 55.618209687204875, 0.0 ], [ 12.591908609147819, 55.622864147745126, 0.0 ], [ 12.592356550955566, 55.626225228179131, 0.0 ], [ 12.592407250538816, 55.626697255487962, 0.0 ], [ 12.592808808466057, 55.62948843850225, 0.0 ], [ 12.592917453869534, 55.630410699675579, 0.0 ], [ 12.592911965132179, 55.630510400989671, 0.0 ], [ 12.592955790472594, 55.630768442473794, 0.0 ], [ 12.593005262034097, 55.6309042083329, 0.0 ], [ 12.593046268018936, 55.63113319869128, 0.0 ], [ 12.593123082217026, 55.63175822151689, 0.0 ], [ 12.593165101572867, 55.631760586155913, 0.0 ], [ 12.593432663274486, 55.633738692038754, 0.0 ], [ 12.593327667817681, 55.633985811142381, 0.0 ], [ 12.593198212263859, 55.634449992504599, 0.0 ], [ 12.592627980024723, 55.636824567139811, 0.0 ], [ 12.592209345213037, 55.638361055442331, 0.0 ], [ 12.592134450410772, 55.638581214277799, 0.0 ], [ 12.588815875535385, 55.638501212355322, 0.0 ], [ 12.588764743947898, 55.638218746080739, 0.0 ], [ 12.585156784172266, 55.63805072679078, 0.0 ], [ 12.586102183971322, 55.641241795839285, 0.0 ], [ 12.585243825481117, 55.641007044567196, 0.0 ], [ 12.584533034792488, 55.640876862838901, 0.0 ], [ 12.583514829613796, 55.640761151382655, 0.0 ], [ 12.582706273219069, 55.640721398569319, 0.0 ], [ 12.582251814911579, 55.640718677735563, 0.0 ], [ 12.575705870168688, 55.640970804966543, 0.0 ], [ 12.570029989158794, 55.641277266239342, 0.0 ], [ 12.565424545257436, 55.641479672742648, 0.0 ], [ 12.563539283409899, 55.641481003189668, 0.0 ], [ 12.562228937055668, 55.641417939046391, 0.0 ], [ 12.561029282099513, 55.64131324982349, 0.0 ], [ 12.559974207715525, 55.641182948883056, 0.0 ], [ 12.558871628897062, 55.641024885084221, 0.0 ], [ 12.558230118904087, 55.640954583360603, 0.0 ], [ 12.557502012138432, 55.640897042643203, 0.0 ], [ 12.556728526932334, 55.640861495632535, 0.0 ], [ 12.555911780433602, 55.64085201623319, 0.0 ], [ 12.554769971738001, 55.640886938241515, 0.0 ], [ 12.554121451313154, 55.640932092787033, 0.0 ], [ 12.553397508941133, 55.641004607580911, 0.0 ], [ 12.55255490648717, 55.64112209958865, 0.0 ], [ 12.551417522269155, 55.641341102787393, 0.0 ], [ 12.551332670347449, 55.641236290028026, 0.0 ], [ 12.551343054694708, 55.641184196664405, 0.0 ], [ 12.551399343429862, 55.641156219757086, 0.0 ], [ 12.551553182206305, 55.641122268874241, 0.0 ], [ 12.551542797354966, 55.641083096044895, 0.0 ], [ 12.551558366383826, 55.641067179069623, 0.0 ], [ 12.552014503614949, 55.640874394691295, 0.0 ], [ 12.55204299200933, 55.640816831084955, 0.0 ], [ 12.552062285788711, 55.640727972919514, 0.0 ], [ 12.552063230015774, 55.640533094349365, 0.0 ], [ 12.552026879898408, 55.640396843874747, 0.0 ], [ 12.551900192794378, 55.640123299949316, 0.0 ], [ 12.538957438577105, 55.633261374927116, 0.0 ], [ 12.535885736381909, 55.631598640144915, 0.0 ], [ 12.535274539191294, 55.631243478491605, 0.0 ], [ 12.534804569631307, 55.630935043294542, 0.0 ], [ 12.534195967147532, 55.630477925787581, 0.0 ], [ 12.530720826110677, 55.627730795941531, 0.0 ], [ 12.513821164521783, 55.614336273413578, 0.0 ], [ 12.513645401881233, 55.614298424149901, 0.0 ], [ 12.513529957239029, 55.614251112031518, 0.0 ], [ 12.513361254017019, 55.614118198145796, 0.0 ], [ 12.512591857479402, 55.614107620003416, 0.0 ], [ 12.511053205548746, 55.614119983957217, 0.0 ], [ 12.511068040922257, 55.614136642899204, 0.0 ], [ 12.511132533733599, 55.614614228304035, 0.0 ], [ 12.511121714503108, 55.614709939548227, 0.0 ], [ 12.511143089464957, 55.615082029984606, 0.0 ], [ 12.51110140887387, 55.615108041370107, 0.0 ], [ 12.511044288626527, 55.615101765677807, 0.0 ], [ 12.511028203161423, 55.615072913939386, 0.0 ], [ 12.510982622573151, 55.614877753080982, 0.0 ], [ 12.510750931961184, 55.61477946016204, 0.0 ], [ 12.51039966121642, 55.614710129362798, 0.0 ], [ 12.510178995440434, 55.61471375428971, 0.0 ], [ 12.510028262089092, 55.614753230056884, 0.0 ], [ 12.509744721152225, 55.614696883058379, 0.0 ], [ 12.509628518224478, 55.614692568998876, 0.0 ], [ 12.509318313339381, 55.614751987696174, 0.0 ], [ 12.509240918408933, 55.614790800441774, 0.0 ], [ 12.509040548028244, 55.61482774039883, 0.0 ], [ 12.508704974624303, 55.614921512753618, 0.0 ], [ 12.50845000046654, 55.614957228080343, 0.0 ], [ 12.507798555630897, 55.614933351025208, 0.0 ], [ 12.507716906435146, 55.614921032366837, 0.0 ], [ 12.507574274720973, 55.614852103964239, 0.0 ], [ 12.507143198715463, 55.614817688197704, 0.0 ], [ 12.506700676271109, 55.614872076020575, 0.0 ], [ 12.506560751848356, 55.614916992710931, 0.0 ], [ 12.506361313665364, 55.615033747065759, 0.0 ], [ 12.506371322433276, 55.615074642204064, 0.0 ], [ 12.506546673907838, 55.615211061697828, 0.0 ], [ 12.506559389051851, 55.61523245748252, 0.0 ], [ 12.506550607632846, 55.615246196232086, 0.0 ], [ 12.506509051763022, 55.61525763602264, 0.0 ], [ 12.506464981414354, 55.615242712423864, 0.0 ], [ 12.5061103681989, 55.614988327760535, 0.0 ], [ 12.505849582895362, 55.614782959023522, 0.0 ], [ 12.505713234369354, 55.614645602394233, 0.0 ], [ 12.505647204263969, 55.614423960349527, 0.0 ], [ 12.504940638531611, 55.614474747207915, 0.0 ], [ 12.504745100500285, 55.614149539760099, 0.0 ] ] ] } },
{ "type": "Feature", "properties": { "id": "757", "afstemningsomraadenummer": 41, "afstemningsstedNavn": "Vanløsehallerne", "kommuneLokalId": 389103, "navn": "7. Vanløse", "opstillingskredsLokalId": 403575, "areaSquareMetres": 2501731.69 }, "geometry": { "type": "Polygon", "coordinates": [ [ [ 12.466016782073963, 55.690287776669763, 0.0 ], [ 12.46602529337498, 55.689992078691809, 0.0 ], [ 12.466067276765919, 55.689890997754802, 0.0 ], [ 12.466174804104456, 55.689374370024964, 0.0 ], [ 12.466215715799649, 55.689291751678383, 0.0 ], [ 12.466412592698813, 55.688570921213142, 0.0 ], [ 12.466592817200421, 55.687994603273815, 0.0 ], [ 12.466651110262783, 55.687887216643574, 0.0 ], [ 12.466996835377648, 55.686667380247457, 0.0 ], [ 12.467143248618484, 55.685950312340466, 0.0 ], [ 12.467238201982342, 55.685315351952909, 0.0 ], [ 12.467493982938864, 55.684523259977347, 0.0 ], [ 12.467513876332651, 55.68434898342673, 0.0 ], [ 12.467485922761661, 55.684096305893526, 0.0 ], [ 12.467518607405479, 55.683872394725419, 0.0 ], [ 12.467807283651027, 55.683175130188076, 0.0 ], [ 12.467835934569079, 55.683049429268266, 0.0 ], [ 12.467923359033579, 55.68280571742131, 0.0 ], [ 12.467925806306724, 55.682747114105382, 0.0 ], [ 12.46779462555696, 55.682392695587218, 0.0 ], [ 12.467812186598541, 55.682344814246044, 0.0 ], [ 12.467937039394393, 55.682246963680853, 0.0 ], [ 12.468781880710006, 55.681725574475593, 0.0 ], [ 12.469290169042683, 55.681341199058814, 0.0 ], [ 12.469402547719882, 55.681196045246949, 0.0 ], [ 12.469421263272114, 55.680575826967718, 0.0 ], [ 12.469406259868315, 55.680305969285513, 0.0 ], [ 12.469423004163119, 55.680223763532339, 0.0 ], [ 12.470397403614554, 55.678794968291697, 0.0 ], [ 12.471302044453328, 55.678188247218856, 0.0 ], [ 12.47200190076151, 55.677626789804393, 0.0 ], [ 12.472164005112331, 55.676874472187514, 0.0 ], [ 12.472226661533035, 55.676753831251375, 0.0 ], [ 12.472509143047237, 55.676409822192703, 0.0 ], [ 12.472730989230103, 55.676069327913922, 0.0 ], [ 12.472792696434004, 55.675749643071164, 0.0 ], [ 12.472837652447691, 55.675251862615021, 0.0 ], [ 12.472920875518515, 55.67483751782148, 0.0 ], [ 12.472993302528897, 55.674563385516066, 0.0 ], [ 12.473074446924111, 55.674423428272384, 0.0 ], [ 12.47361061994374, 55.67396388352136, 0.0 ], [ 12.473642670076192, 55.673921614950338, 0.0 ], [ 12.473687714225401, 55.673652753547891, 0.0 ], [ 12.47371474484628, 55.673593363578348, 0.0 ], [ 12.473841420766702, 55.673394570608536, 0.0 ], [ 12.473990446920427, 55.673218162362666, 0.0 ], [ 12.474157862027159, 55.672926232304327, 0.0 ], [ 12.474265024413842, 55.672873383383916, 0.0 ], [ 12.474304151874248, 55.672638317297533, 0.0 ], [ 12.474524106449172, 55.672651686132632, 0.0 ], [ 12.478491895024851, 55.672567961602489, 0.0 ], [ 12.478460776688728, 55.672760362508505, 0.0 ], [ 12.480289997248823, 55.672738757773352, 0.0 ], [ 12.480895082825151, 55.672780026387969, 0.0 ], [ 12.481357505310575, 55.672852317044438, 0.0 ], [ 12.481932349029879, 55.672995413445165, 0.0 ], [ 12.482610102761358, 55.673363518259997, 0.0 ], [ 12.482753120302915, 55.673425903164073, 0.0 ], [ 12.483709955829015, 55.673724123681595, 0.0 ], [ 12.483866321058152, 55.6738291972908, 0.0 ], [ 12.483959898683239, 55.673929580848807, 0.0 ], [ 12.48400675419543, 55.674066358651103, 0.0 ], [ 12.484342323217835, 55.675670344527916, 0.0 ], [ 12.484394038562174, 55.675790170049858, 0.0 ], [ 12.48454368030475, 55.675934007423514, 0.0 ], [ 12.484707122949983, 55.676045173019993, 0.0 ], [ 12.485667677707905, 55.676604116574957, 0.0 ], [ 12.485819199931175, 55.676674258797767, 0.0 ], [ 12.486315235817173, 55.676841065572042, 0.0 ], [ 12.486532397697252, 55.676935326108115, 0.0 ], [ 12.486643162508857, 55.677019484019141, 0.0 ], [ 12.487337735235966, 55.677453623032108, 0.0 ], [ 12.48813955090338, 55.677649939970721, 0.0 ], [ 12.489446700302242, 55.67812589473256, 0.0 ], [ 12.490285778155744, 55.678491796243662, 0.0 ], [ 12.491098439183084, 55.678980638781475, 0.0 ], [ 12.491514512384917, 55.679174518247386, 0.0 ], [ 12.491611646871652, 55.679492839011779, 0.0 ], [ 12.491704800929892, 55.679734395722022, 0.0 ], [ 12.492097825954808, 55.680395858306284, 0.0 ], [ 12.492372311275732, 55.680914673748603, 0.0 ], [ 12.49304983691597, 55.682122896649453, 0.0 ], [ 12.493672079308489, 55.682787896002061, 0.0 ], [ 12.493958466853851, 55.683061620481894, 0.0 ], [ 12.494323256095875, 55.682962030911774, 0.0 ], [ 12.494488486472164, 55.683124654640828, 0.0 ], [ 12.494588458849634, 55.683146352652855, 0.0 ], [ 12.494765631443769, 55.683301892093695, 0.0 ], [ 12.495169467707619, 55.683739418993177, 0.0 ], [ 12.495478817457849, 55.684318197044313, 0.0 ], [ 12.495666463028531, 55.684426950678812, 0.0 ], [ 12.495678616031903, 55.684536300684357, 0.0 ], [ 12.49585320574338, 55.684605773644989, 0.0 ], [ 12.495849104584014, 55.68455985401873, 0.0 ], [ 12.495870466733528, 55.684522829447957, 0.0 ], [ 12.495976870617922, 55.684541645598301, 0.0 ], [ 12.495904928958607, 55.684263610860143, 0.0 ], [ 12.495826501100417, 55.684110742986469, 0.0 ], [ 12.495918165116649, 55.684062543011109, 0.0 ], [ 12.496769396823215, 55.684556994586181, 0.0 ], [ 12.498029956537383, 55.685211233929941, 0.0 ], [ 12.497844828761748, 55.685319557089407, 0.0 ], [ 12.498040580526729, 55.685426277740468, 0.0 ], [ 12.49801835332971, 55.685489222954104, 0.0 ], [ 12.497601337988371, 55.685722308235199, 0.0 ], [ 12.497120180945988, 55.685948319491715, 0.0 ], [ 12.496717091262992, 55.686091538947124, 0.0 ], [ 12.496272282317141, 55.686193596390055, 0.0 ], [ 12.494975783847281, 55.686427375285888, 0.0 ], [ 12.493818766633193, 55.686588831255285, 0.0 ], [ 12.493454637804742, 55.686705124129226, 0.0 ], [ 12.491177295573273, 55.687134669372256, 0.0 ], [ 12.49094299600981, 55.687188094672912, 0.0 ], [ 12.490949782142421, 55.687198151805745, 0.0 ], [ 12.490059324616798, 55.687386331252981, 0.0 ], [ 12.490029154017428, 55.687342502139252, 0.0 ], [ 12.489946041693196, 55.687356466289508, 0.0 ], [ 12.489389488081365, 55.687476603933725, 0.0 ], [ 12.489215853247565, 55.687549969285612, 0.0 ], [ 12.488995548124485, 55.687560462910724, 0.0 ], [ 12.488228707801596, 55.687728567630728, 0.0 ], [ 12.485706381558819, 55.688182330554625, 0.0 ], [ 12.485667383793411, 55.68821805609786, 0.0 ], [ 12.485195251948598, 55.688290907446699, 0.0 ], [ 12.485115644347838, 55.688319244932003, 0.0 ], [ 12.484650715759701, 55.688387213890181, 0.0 ], [ 12.484558967467965, 55.688381098978034, 0.0 ], [ 12.483950041371088, 55.688481839231869, 0.0 ], [ 12.483886054678079, 55.688508653174253, 0.0 ], [ 12.483579302598894, 55.688556569392489, 0.0 ], [ 12.483571833331601, 55.688542395208458, 0.0 ], [ 12.482575133723058, 55.688739381332809, 0.0 ], [ 12.48209986995197, 55.688675189754846, 0.0 ], [ 12.482004902134941, 55.68895491287747, 0.0 ], [ 12.481567643791614, 55.689062096322175, 0.0 ], [ 12.481600599851177, 55.688961985009129, 0.0 ], [ 12.481092126192531, 55.689095285463779, 0.0 ], [ 12.480956784292733, 55.689141296806973, 0.0 ], [ 12.480912202371554, 55.6892001973672, 0.0 ], [ 12.480743686925015, 55.689252634783493, 0.0 ], [ 12.480656886691106, 55.689218053420895, 0.0 ], [ 12.479343396473075, 55.689629817099515, 0.0 ], [ 12.478823260886774, 55.689807586718182, 0.0 ], [ 12.477892628801136, 55.690168282237018, 0.0 ], [ 12.477892571721174, 55.690208835261785, 0.0 ], [ 12.477705625745198, 55.69029577865048, 0.0 ], [ 12.477665181045889, 55.690261589107607, 0.0 ], [ 12.477435789497058, 55.690361694232145, 0.0 ], [ 12.477224333030877, 55.690468393660645, 0.0 ], [ 12.4771455154824, 55.690539772402488, 0.0 ], [ 12.476790395440061, 55.690675989714755, 0.0 ], [ 12.47687613911979, 55.690732722699472, 0.0 ], [ 12.47657924501857, 55.690881135538021, 0.0 ], [ 12.475855644109437, 55.690883212194812, 0.0 ], [ 12.474600200156519, 55.690944141052803, 0.0 ], [ 12.473711783555029, 55.69101183599917, 0.0 ], [ 12.4719376820498, 55.691199638992543, 0.0 ], [ 12.471256407508449, 55.691257226060245, 0.0 ], [ 12.467774418059307, 55.691509478204971, 0.0 ], [ 12.467224265154362, 55.691503812197517, 0.0 ], [ 12.467219160300182, 55.691408467795043, 0.0 ], [ 12.466721839013676, 55.691447521836068, 0.0 ], [ 12.466430633060172, 55.691103559302192, 0.0 ], [ 12.466441636648103, 55.691103787791036, 0.0 ], [ 12.466220020004373, 55.69087690413452, 0.0 ], [ 12.466109974399929, 55.690682203304725, 0.0 ], [ 12.466078380593416, 55.690596868623523, 0.0 ], [ 12.466016782073963, 55.690287776669763, 0.0 ] ] ] } },
{ "type": "Feature", "properties": { "id": "758", "afstemningsomraadenummer": 6, "afstemningsstedNavn": "Kildevældsskolen", "kommuneLokalId": 389103, "navn": "1. Nordvest", "opstillingskredsLokalId": 403564, "areaSquareMetres": 1382764.53 }, "geometry": { "type": "Polygon", "coordinates": [ [ [ 12.558586349489676, 55.715118797557473, 0.0 ], [ 12.558933116399254, 55.714422491487248, 0.0 ], [ 12.559674537266355, 55.713055910893601, 0.0 ], [ 12.559869492769474, 55.712585382354682, 0.0 ], [ 12.559947564535634, 55.712167609819673, 0.0 ], [ 12.560013529033785, 55.711957987019844, 0.0 ], [ 12.561024812033297, 55.70995297569074, 0.0 ], [ 12.565139257071081, 55.710746849542183, 0.0 ], [ 12.565962223335456, 55.710663494339052, 0.0 ], [ 12.566273159003208, 55.710690242532088, 0.0 ], [ 12.569597761709899, 55.711420607691061, 0.0 ], [ 12.57044984678874, 55.711680489399789, 0.0 ], [ 12.570742649437555, 55.711752712938747, 0.0 ], [ 12.577524746753751, 55.712923213966107, 0.0 ], [ 12.577528112421097, 55.713731116632637, 0.0 ], [ 12.577570834075965, 55.714800251475197, 0.0 ], [ 12.577493728010134, 55.715633879278059, 0.0 ], [ 12.577385501152653, 55.716466885790396, 0.0 ], [ 12.576578970228175, 55.716732729553414, 0.0 ], [ 12.575904374858574, 55.717002635063565, 0.0 ], [ 12.575132756924823, 55.717347388099491, 0.0 ], [ 12.574663861594553, 55.717597174916378, 0.0 ], [ 12.574131315969224, 55.717929650059951, 0.0 ], [ 12.573477039394776, 55.718430936928129, 0.0 ], [ 12.573054958130042, 55.71883760848668, 0.0 ], [ 12.572764402368344, 55.719158353671624, 0.0 ], [ 12.572413914873991, 55.719660048766059, 0.0 ], [ 12.571593160714912, 55.72103702263707, 0.0 ], [ 12.570929162261752, 55.722083207287255, 0.0 ], [ 12.570465814061601, 55.722945692185263, 0.0 ], [ 12.57020919012094, 55.723373343797498, 0.0 ], [ 12.570185145736151, 55.723436266278775, 0.0 ], [ 12.570169013884387, 55.723441051719391, 0.0 ], [ 12.569507080219307, 55.724639756843132, 0.0 ], [ 12.569263782696638, 55.725180404135209, 0.0 ], [ 12.569174013008224, 55.725434334439761, 0.0 ], [ 12.568623145916421, 55.727307329559586, 0.0 ], [ 12.567687470393393, 55.72739379448943, 0.0 ], [ 12.56760138597023, 55.727628913404345, 0.0 ], [ 12.567545464793925, 55.727639441128005, 0.0 ], [ 12.567275148529886, 55.728533884222841, 0.0 ], [ 12.566810989546431, 55.728875935035084, 0.0 ], [ 12.566080186945022, 55.731291490725383, 0.0 ], [ 12.564671429950746, 55.73147889812239, 0.0 ], [ 12.564145507333897, 55.731520071100384, 0.0 ], [ 12.563635566558368, 55.731537309313495, 0.0 ], [ 12.562566497472147, 55.728176680616919, 0.0 ], [ 12.561708832440916, 55.725409834458539, 0.0 ], [ 12.561494911715778, 55.724450604508469, 0.0 ], [ 12.56140867897213, 55.723866218855569, 0.0 ], [ 12.561377033220056, 55.723457745000943, 0.0 ], [ 12.561351466343078, 55.722747063235254, 0.0 ], [ 12.561588451820949, 55.722361633276073, 0.0 ], [ 12.56175488718287, 55.722364624606804, 0.0 ], [ 12.561968340184933, 55.722313649226884, 0.0 ], [ 12.562566538575314, 55.722154391964921, 0.0 ], [ 12.563124134327017, 55.721958725487312, 0.0 ], [ 12.563392872579247, 55.721892114929723, 0.0 ], [ 12.563674540316864, 55.721848506687323, 0.0 ], [ 12.567402236125194, 55.721740176681671, 0.0 ], [ 12.56592430974559, 55.72032045610775, 0.0 ], [ 12.565174096061847, 55.719626517255037, 0.0 ], [ 12.564246520528448, 55.718851226562194, 0.0 ], [ 12.563760056292551, 55.71848464867977, 0.0 ], [ 12.561630172295789, 55.716990572213177, 0.0 ], [ 12.559155219414041, 55.715194819845649, 0.0 ], [ 12.55903007447783, 55.715447340823374, 0.0 ], [ 12.558586349489676, 55.715118797557473, 0.0 ] ] ] } },
{ "type": "Feature", "properties": { "id": "759", "afstemningsomraadenummer": 7, "afstemningsstedNavn": "Sundby Idrætspark", "kommuneLokalId": 389103, "navn": "2. Sundbyvester", "opstillingskredsLokalId": 403565, "areaSquareMetres": 1569968.05 }, "geometry": { "type": "Polygon", "coordinates": [ [ [ 12.593580334853069, 55.653302162938104, 0.0 ], [ 12.594832026673178, 55.653145508046762, 0.0 ], [ 12.594849186956665, 55.653190413816631, 0.0 ], [ 12.596282888338378, 55.653010422024259, 0.0 ], [ 12.596231291513453, 55.652877956612194, 0.0 ], [ 12.597364533886751, 55.652735720760852, 0.0 ], [ 12.597550555510947, 55.653211597529562, 0.0 ], [ 12.598702293054862, 55.653068087184842, 0.0 ], [ 12.598441999847639, 55.652400077370636, 0.0 ], [ 12.597846275795943, 55.652474573708531, 0.0 ], [ 12.597539863176081, 55.651692010358545, 0.0 ], [ 12.597416624280667, 55.651707676589332, 0.0 ], [ 12.597165267354574, 55.651060443223017, 0.0 ], [ 12.596566489902242, 55.65113439380216, 0.0 ], [ 12.595967473352527, 55.649600956926065, 0.0 ], [ 12.596145760651384, 55.649578731397284, 0.0 ], [ 12.596088718887662, 55.649433657217564, 0.0 ], [ 12.598626254247817, 55.649119456008044, 0.0 ], [ 12.598111567965159, 55.648486070154014, 0.0 ], [ 12.598001464606817, 55.648274036137771, 0.0 ], [ 12.597941038953667, 55.64805577802629, 0.0 ], [ 12.597929657989793, 55.647862516377629, 0.0 ], [ 12.598097868942425, 55.646121510738794, 0.0 ], [ 12.605511329551923, 55.645919650660439, 0.0 ], [ 12.606226866815824, 55.644264223959681, 0.0 ], [ 12.606682280758141, 55.643108666256254, 0.0 ], [ 12.606735824273864, 55.642885349217337, 0.0 ], [ 12.608225093768308, 55.639176662874242, 0.0 ], [ 12.612280161532363, 55.639734476420522, 0.0 ], [ 12.617007195194017, 55.640404148939226, 0.0 ], [ 12.617387773381978, 55.640469347627807, 0.0 ], [ 12.617307098236235, 55.6406288188739, 0.0 ], [ 12.617325992511189, 55.640647504015647, 0.0 ], [ 12.61729986863658, 55.640643509360721, 0.0 ], [ 12.61725063302044, 55.640742255877306, 0.0 ], [ 12.617280595298309, 55.640746496926432, 0.0 ], [ 12.617244496695049, 55.640756734250921, 0.0 ], [ 12.614992018244063, 55.645318644801854, 0.0 ], [ 12.614727732661095, 55.645908040433937, 0.0 ], [ 12.614768362978214, 55.645914125586614, 0.0 ], [ 12.614683451807929, 55.646103752784043, 0.0 ], [ 12.614550917400399, 55.64630458566549, 0.0 ], [ 12.613354497794921, 55.648954907037066, 0.0 ], [ 12.613289723535772, 55.64899053649237, 0.0 ], [ 12.613129314810392, 55.649349728393489, 0.0 ], [ 12.61315879778375, 55.649393549297145, 0.0 ], [ 12.611496308334912, 55.653078173219164, 0.0 ], [ 12.611298094125138, 55.653484784493216, 0.0 ], [ 12.611262807622529, 55.653478091040363, 0.0 ], [ 12.611109112097092, 55.653824223281916, 0.0 ], [ 12.611166199098573, 55.653834500730461, 0.0 ], [ 12.611128634666276, 55.653844509450032, 0.0 ], [ 12.610969375225132, 55.654183791660607, 0.0 ], [ 12.610988222160051, 55.654203648158557, 0.0 ], [ 12.610864551587751, 55.654357906505929, 0.0 ], [ 12.610833999981123, 55.654366359745204, 0.0 ], [ 12.609765671217204, 55.655965931106017, 0.0 ], [ 12.609734214241552, 55.655959394165791, 0.0 ], [ 12.609338356744269, 55.656544736781129, 0.0 ], [ 12.609352511657933, 55.656548186519636, 0.0 ], [ 12.609211800696205, 55.656750691897997, 0.0 ], [ 12.609230651363458, 55.656767131620128, 0.0 ], [ 12.608730962520296, 55.657494544486958, 0.0 ], [ 12.608133843855384, 55.658015670444819, 0.0 ], [ 12.607949439810142, 55.658146265910204, 0.0 ], [ 12.60772757319554, 55.658187864495083, 0.0 ], [ 12.607263588435817, 55.658006214596, 0.0 ], [ 12.60539174487378, 55.657094202768384, 0.0 ], [ 12.602812158230774, 55.658165183444886, 0.0 ], [ 12.602378252939832, 55.657725732351359, 0.0 ], [ 12.60102604108479, 55.656604877722678, 0.0 ], [ 12.599243962709076, 55.654612548153523, 0.0 ], [ 12.598353852814546, 55.654786058869931, 0.0 ], [ 12.597212181275433, 55.654909847198773, 0.0 ], [ 12.595956031075007, 55.654956056174534, 0.0 ], [ 12.594214576048074, 55.654987619401702, 0.0 ], [ 12.593580334853069, 55.653302162938104, 0.0 ] ] ] } },
{ "type": "Feature", "properties": { "id": "760", "afstemningsomraadenummer": 40, "afstemningsstedNavn": "Kirkebjerg Skole", "kommuneLokalId": 389103, "navn": "7. Kirkebjerg", "opstillingskredsLokalId": 403575, "areaSquareMetres": 2065220.59 }, "geometry": { "type": "Polygon", "coordinates": [ [ [ 12.463769350424151, 55.700807443848277, 0.0 ], [ 12.463895902695386, 55.700220958823252, 0.0 ], [ 12.46407616674216, 55.699230592222897, 0.0 ], [ 12.464079856954539, 55.699024135696497, 0.0 ], [ 12.464030606186288, 55.698750210318579, 0.0 ], [ 12.463455191813024, 55.696854350936341, 0.0 ], [ 12.463442592008741, 55.696679644421138, 0.0 ], [ 12.463468861331993, 55.696276807860606, 0.0 ], [ 12.463571742660497, 55.696108191511264, 0.0 ], [ 12.463687104836975, 55.695974468856619, 0.0 ], [ 12.46411306287054, 55.695542271978425, 0.0 ], [ 12.46468923237326, 55.695008723455494, 0.0 ], [ 12.465230482837297, 55.694467526751573, 0.0 ], [ 12.46528996632833, 55.694432757881913, 0.0 ], [ 12.46548704565445, 55.694206271167225, 0.0 ], [ 12.466377410105428, 55.693408480536746, 0.0 ], [ 12.466654649213622, 55.693039370495391, 0.0 ], [ 12.466821863739165, 55.692734691055556, 0.0 ], [ 12.466997563366476, 55.691825099646074, 0.0 ], [ 12.46692515614008, 55.691701356660232, 0.0 ], [ 12.467112282148795, 55.691687974792302, 0.0 ], [ 12.467224265154362, 55.691503812197517, 0.0 ], [ 12.467774418059307, 55.691509478204971, 0.0 ], [ 12.471256407508449, 55.691257226060245, 0.0 ], [ 12.4719376820498, 55.691199638992543, 0.0 ], [ 12.473711783555029, 55.69101183599917, 0.0 ], [ 12.474600200156519, 55.690944141052803, 0.0 ], [ 12.475855644109437, 55.690883212194812, 0.0 ], [ 12.47657924501857, 55.690881135538021, 0.0 ], [ 12.47687613911979, 55.690732722699472, 0.0 ], [ 12.476790395440061, 55.690675989714755, 0.0 ], [ 12.4771455154824, 55.690539772402488, 0.0 ], [ 12.477224333030877, 55.690468393660645, 0.0 ], [ 12.477435789497058, 55.690361694232145, 0.0 ], [ 12.477665181045889, 55.690261589107607, 0.0 ], [ 12.477705625745198, 55.69029577865048, 0.0 ], [ 12.477892571721174, 55.690208835261785, 0.0 ], [ 12.477892628801136, 55.690168282237018, 0.0 ], [ 12.478823260886774, 55.689807586718182, 0.0 ], [ 12.479343396473075, 55.689629817099515, 0.0 ], [ 12.480656886691106, 55.689218053420895, 0.0 ], [ 12.480743686925015, 55.689252634783493, 0.0 ], [ 12.480912202371554, 55.6892001973672, 0.0 ], [ 12.480956784292733, 55.689141296806973, 0.0 ], [ 12.481092126192531, 55.689095285463779, 0.0 ], [ 12.481600599851177, 55.688961985009129, 0.0 ], [ 12.481567643791614, 55.689062096322175, 0.0 ], [ 12.482004902134941, 55.68895491287747, 0.0 ], [ 12.48209986995197, 55.688675189754846, 0.0 ], [ 12.482575133723058, 55.688739381332809, 0.0 ], [ 12.483571833331601, 55.688542395208458, 0.0 ], [ 12.483579302598894, 55.688556569392489, 0.0 ], [ 12.483886054678079, 55.688508653174253, 0.0 ], [ 12.483950041371088, 55.688481839231869, 0.0 ], [ 12.484558967467965, 55.688381098978034, 0.0 ], [ 12.484650715759701, 55.688387213890181, 0.0 ], [ 12.485115644347838, 55.688319244932003, 0.0 ], [ 12.485195251948598, 55.688290907446699, 0.0 ], [ 12.485667383793411, 55.68821805609786, 0.0 ], [ 12.485706381558819, 55.688182330554625, 0.0 ], [ 12.488228707801596, 55.687728567630728, 0.0 ], [ 12.488995548124485, 55.687560462910724, 0.0 ], [ 12.489215853247565, 55.687549969285612, 0.0 ], [ 12.489389488081365, 55.687476603933725, 0.0 ], [ 12.489946041693196, 55.687356466289508, 0.0 ], [ 12.490029154017428, 55.687342502139252, 0.0 ], [ 12.490059324616798, 55.687386331252981, 0.0 ], [ 12.490949782142421, 55.687198151805745, 0.0 ], [ 12.49094299600981, 55.687188094672912, 0.0 ], [ 12.491177295573273, 55.687134669372256, 0.0 ], [ 12.493454637804742, 55.686705124129226, 0.0 ], [ 12.493818766633193, 55.686588831255285, 0.0 ], [ 12.494975783847281, 55.686427375285888, 0.0 ], [ 12.496272282317141, 55.686193596390055, 0.0 ], [ 12.496717091262992, 55.686091538947124, 0.0 ], [ 12.497120180945988, 55.685948319491715, 0.0 ], [ 12.497601337988371, 55.685722308235199, 0.0 ], [ 12.49801835332971, 55.685489222954104, 0.0 ], [ 12.498032273917687, 55.685431280179074, 0.0 ], [ 12.499664863155818, 55.686294014711137, 0.0 ], [ 12.499677557141275, 55.686286459249786, 0.0 ], [ 12.50008996348433, 55.686496690570145, 0.0 ], [ 12.50037109729525, 55.686607624568722, 0.0 ], [ 12.500420191663942, 55.68664758431035, 0.0 ], [ 12.500443289227157, 55.686713642157088, 0.0 ], [ 12.500836765182958, 55.686849152336222, 0.0 ], [ 12.501412181588796, 55.687087994661731, 0.0 ], [ 12.502124302751874, 55.68757379436925, 0.0 ], [ 12.501264853409911, 55.688029837285612, 0.0 ], [ 12.499168152187144, 55.690125447531038, 0.0 ], [ 12.495914679514282, 55.693169960039818, 0.0 ], [ 12.495867301800963, 55.693263293519351, 0.0 ], [ 12.49586053733041, 55.693360414722413, 0.0 ], [ 12.495894508726975, 55.693455565603443, 0.0 ], [ 12.495944215171097, 55.693520146443134, 0.0 ], [ 12.494559460589025, 55.693800490913198, 0.0 ], [ 12.493075690359264, 55.694309325838994, 0.0 ], [ 12.491757523120876, 55.69479940108944, 0.0 ], [ 12.491884725824336, 55.694920761412369, 0.0 ], [ 12.491886195197445, 55.69496576693011, 0.0 ], [ 12.490981908049648, 55.697388187982469, 0.0 ], [ 12.490214922629793, 55.697340780542284, 0.0 ], [ 12.490210296980084, 55.697428129510584, 0.0 ], [ 12.490304475148141, 55.698628329656977, 0.0 ], [ 12.481656551526255, 55.698055071160617, 0.0 ], [ 12.480747990820369, 55.697987525860377, 0.0 ], [ 12.48075574542918, 55.697961949928981, 0.0 ], [ 12.480690200006803, 55.697932070121176, 0.0 ], [ 12.480175974106935, 55.697942974690534, 0.0 ], [ 12.477912229932006, 55.69775704053211, 0.0 ], [ 12.477396068342355, 55.697792714785543, 0.0 ], [ 12.477164266357512, 55.697823203373865, 0.0 ], [ 12.475691245710498, 55.698157892599689, 0.0 ], [ 12.46935263210109, 55.699652691535682, 0.0 ], [ 12.464738476998452, 55.700789065676531, 0.0 ], [ 12.46419819295625, 55.700894508629098, 0.0 ], [ 12.464289401056037, 55.70071983767447, 0.0 ], [ 12.463769350424151, 55.700807443848277, 0.0 ] ] ] } },
{ "type": "Feature", "properties": { "id": "761", "afstemningsomraadenummer": 27, "afstemningsstedNavn": "Tagensbo Skole", "kommuneLokalId": 389103, "navn": "6. Bispebjerg", "opstillingskredsLokalId": 403568, "areaSquareMetres": 904154.84 }, "geometry": { "type": "Polygon", "coordinates": [ [ [ 12.521620982279495, 55.706043671069622, 0.0 ], [ 12.522426700813121, 55.705915785699602, 0.0 ], [ 12.524326264659461, 55.705432865794904, 0.0 ], [ 12.526456806535887, 55.704561042809509, 0.0 ], [ 12.530280640945151, 55.70303568408351, 0.0 ], [ 12.530399054502135, 55.70300332305905, 0.0 ], [ 12.533283819933146, 55.701871298950813, 0.0 ], [ 12.533590253746416, 55.701766441093014, 0.0 ], [ 12.534690530946277, 55.701562280126176, 0.0 ], [ 12.537794801112332, 55.701028868046677, 0.0 ], [ 12.537765404318543, 55.700865798260608, 0.0 ], [ 12.537945746427864, 55.701565811271109, 0.0 ], [ 12.538292498019409, 55.702325763769018, 0.0 ], [ 12.538255891696403, 55.702331225613719, 0.0 ], [ 12.538406402038925, 55.702725933115865, 0.0 ], [ 12.538473228530112, 55.702813382313977, 0.0 ], [ 12.538596849134745, 55.70306922507833, 0.0 ], [ 12.539206351586545, 55.704101774870757, 0.0 ], [ 12.539474469132513, 55.704430416142664, 0.0 ], [ 12.54012993493237, 55.7051381161466, 0.0 ], [ 12.541156330623153, 55.70614333931438, 0.0 ], [ 12.54163304335875, 55.70657870973271, 0.0 ], [ 12.541407367525551, 55.706724415898471, 0.0 ], [ 12.541450906233987, 55.706744469155517, 0.0 ], [ 12.541632044959602, 55.706627473311052, 0.0 ], [ 12.541899086154299, 55.706808408000185, 0.0 ], [ 12.54203625381888, 55.706749238640818, 0.0 ], [ 12.542108602164925, 55.706802538160026, 0.0 ], [ 12.540792277831896, 55.707365562775003, 0.0 ], [ 12.540320757378849, 55.707740456364093, 0.0 ], [ 12.539703238073848, 55.70833401159382, 0.0 ], [ 12.536525630955396, 55.711855697730492, 0.0 ], [ 12.535101921339551, 55.713472693533276, 0.0 ], [ 12.534860917119683, 55.713091919215643, 0.0 ], [ 12.534626030538222, 55.712835142511445, 0.0 ], [ 12.534273503428777, 55.712563141911296, 0.0 ], [ 12.533905037797343, 55.712356159319036, 0.0 ], [ 12.533565511979685, 55.712210294360901, 0.0 ], [ 12.533254339063088, 55.712104973351174, 0.0 ], [ 12.53166526891747, 55.711788817305788, 0.0 ], [ 12.526148776399578, 55.709103011251841, 0.0 ], [ 12.522439329886367, 55.707330788257686, 0.0 ], [ 12.522013780549269, 55.706962573090735, 0.0 ], [ 12.521620982279495, 55.706043671069622, 0.0 ] ] ] } },
{ "type": "Feature", "properties": { "id": "762", "afstemningsomraadenummer": 42, "afstemningsstedNavn": "Ålholm Skole", "kommuneLokalId": 389103, "navn": "8. Valby", "opstillingskredsLokalId": 403576, "areaSquareMetres": 1685800.66 }, "geometry": { "type": "Polygon", "coordinates": [ [ [ 12.474523445958912, 55.672644241947296, 0.0 ], [ 12.474509431601573, 55.672482703096527, 0.0 ], [ 12.47473283147314, 55.672161941613112, 0.0 ], [ 12.478528067625888, 55.672081396500133, 0.0 ], [ 12.478549226754071, 55.672047347989853, 0.0 ], [ 12.478571857722994, 55.671911654198851, 0.0 ], [ 12.47857206428724, 55.671258418598214, 0.0 ], [ 12.478508469773519, 55.671022488489221, 0.0 ], [ 12.47849209859714, 55.670859667969346, 0.0 ], [ 12.478482827565173, 55.670577958708463, 0.0 ], [ 12.478504360192217, 55.670524837691097, 0.0 ], [ 12.478476205409013, 55.670360103596458, 0.0 ], [ 12.478481869034432, 55.670058459156131, 0.0 ], [ 12.47845257698047, 55.669701789570546, 0.0 ], [ 12.478450880704584, 55.669340560675117, 0.0 ], [ 12.478428608818442, 55.669227720245651, 0.0 ], [ 12.478396040692299, 55.668662181941713, 0.0 ], [ 12.478402161727869, 55.668188337928726, 0.0 ], [ 12.478395904619974, 55.668082056496374, 0.0 ], [ 12.478322819853142, 55.667800089499785, 0.0 ], [ 12.478312167685184, 55.667694472235965, 0.0 ], [ 12.478310447852865, 55.667583746175865, 0.0 ], [ 12.478332714381004, 55.667429630174425, 0.0 ], [ 12.478291552447665, 55.667059270561175, 0.0 ], [ 12.47831901491819, 55.666809607691256, 0.0 ], [ 12.478237221253599, 55.666572845049487, 0.0 ], [ 12.478123567333132, 55.666009517000184, 0.0 ], [ 12.478126080023555, 55.665978694905313, 0.0 ], [ 12.47820805772924, 55.665943460532162, 0.0 ], [ 12.478268116400756, 55.665892483469143, 0.0 ], [ 12.478363914089655, 55.665668935256022, 0.0 ], [ 12.478343013647663, 55.665544636731404, 0.0 ], [ 12.478228456447656, 55.665521092137034, 0.0 ], [ 12.478195498662323, 55.664999443066911, 0.0 ], [ 12.478323316809838, 55.664991411059376, 0.0 ], [ 12.478303396809931, 55.664573603200722, 0.0 ], [ 12.478584409238211, 55.664578218491272, 0.0 ], [ 12.4785661214858, 55.664207479605707, 0.0 ], [ 12.483099578514883, 55.664228387280318, 0.0 ], [ 12.494029012349541, 55.664119434987199, 0.0 ], [ 12.501755356320402, 55.664012019846076, 0.0 ], [ 12.50752502685855, 55.663972969862321, 0.0 ], [ 12.507419903790693, 55.664269911772848, 0.0 ], [ 12.507313520384583, 55.664348484393827, 0.0 ], [ 12.507323245828893, 55.66438426236445, 0.0 ], [ 12.50695426576503, 55.664527173394646, 0.0 ], [ 12.506492348104414, 55.664737210932948, 0.0 ], [ 12.505814179382643, 55.665117166961998, 0.0 ], [ 12.505370155466357, 55.665427753534871, 0.0 ], [ 12.505123082502493, 55.665630114148691, 0.0 ], [ 12.504630844929814, 55.666093583993458, 0.0 ], [ 12.504441523628573, 55.666312095533854, 0.0 ], [ 12.504237513682481, 55.666601160714038, 0.0 ], [ 12.504108101653951, 55.666815441703349, 0.0 ], [ 12.504003554687589, 55.666927137574831, 0.0 ], [ 12.503662216716432, 55.667692452696528, 0.0 ], [ 12.503595473329748, 55.667981370354134, 0.0 ], [ 12.50356419729308, 55.668271971924469, 0.0 ], [ 12.503572568638045, 55.668570072424878, 0.0 ], [ 12.503626796649728, 55.668863265914005, 0.0 ], [ 12.503719581872712, 55.669142859302639, 0.0 ], [ 12.503072211220969, 55.669110554886153, 0.0 ], [ 12.502630896312922, 55.669361439010892, 0.0 ], [ 12.501056052008606, 55.669288628957716, 0.0 ], [ 12.501027128862514, 55.669123470960244, 0.0 ], [ 12.496533178239298, 55.668928195406039, 0.0 ], [ 12.496366607122145, 55.669370113560021, 0.0 ], [ 12.495799248520759, 55.671283952242263, 0.0 ], [ 12.495448911377354, 55.672328504562223, 0.0 ], [ 12.495289470165778, 55.672319382631116, 0.0 ], [ 12.495235106595761, 55.672503550088038, 0.0 ], [ 12.495216148478017, 55.672522882778118, 0.0 ], [ 12.493365598593726, 55.672562132529507, 0.0 ], [ 12.493296924234521, 55.672602033258087, 0.0 ], [ 12.492971612878922, 55.674705693483993, 0.0 ], [ 12.492909902162921, 55.674987806645433, 0.0 ], [ 12.492622464985518, 55.676956322597334, 0.0 ], [ 12.492601253408981, 55.677235843278872, 0.0 ], [ 12.492597447749914, 55.677617731011189, 0.0 ], [ 12.492444009730294, 55.677809933706889, 0.0 ], [ 12.49131566922758, 55.679082532006113, 0.0 ], [ 12.491098439183084, 55.678980638781475, 0.0 ], [ 12.490285778155744, 55.678491796243662, 0.0 ], [ 12.489446700302242, 55.67812589473256, 0.0 ], [ 12.48813955090338, 55.677649939970721, 0.0 ], [ 12.487337735235966, 55.677453623032108, 0.0 ], [ 12.486643162508857, 55.677019484019141, 0.0 ], [ 12.486532397697252, 55.676935326108115, 0.0 ], [ 12.486315235817173, 55.676841065572042, 0.0 ], [ 12.485819199931175, 55.676674258797767, 0.0 ], [ 12.485667677707905, 55.676604116574957, 0.0 ], [ 12.484628475308154, 55.675994628043796, 0.0 ], [ 12.484429175717729, 55.675830981969327, 0.0 ], [ 12.48436685760883, 55.675742208602344, 0.0 ], [ 12.484342323217835, 55.675670344527916, 0.0 ], [ 12.48400675419543, 55.674066358651103, 0.0 ], [ 12.483959898683239, 55.673929580848807, 0.0 ], [ 12.483914383929221, 55.673872249610277, 0.0 ], [ 12.483709955829015, 55.673724123681595, 0.0 ], [ 12.482874824123511, 55.673472259081549, 0.0 ], [ 12.482668281603779, 55.673389739410823, 0.0 ], [ 12.481932349029879, 55.672995413445165, 0.0 ], [ 12.481657925806225, 55.672917067581636, 0.0 ], [ 12.481190159281715, 55.672820472962293, 0.0 ], [ 12.48044161096028, 55.67274218701602, 0.0 ], [ 12.478460776688728, 55.672760362508505, 0.0 ], [ 12.478491895024851, 55.672567961602489, 0.0 ], [ 12.474523445958912, 55.672644241947296, 0.0 ] ] ] } },
{ "type": "Feature", "properties": { "id": "763", "afstemningsomraadenummer": 1, "afstemningsstedNavn": "Idrætshuset", "kommuneLokalId": 389103, "navn": "1. Østerbro", "opstillingskredsLokalId": 403564, "areaSquareMetres": 809616.91 }, "geometry": { "type": "Polygon", "coordinates": [ [ [ 12.562280506414178, 55.704959020536975, 0.0 ], [ 12.562637514672176, 55.705212379532995, 0.0 ], [ 12.562750149095573, 55.705508352867611, 0.0 ], [ 12.563030953065994, 55.705486259526879, 0.0 ], [ 12.563450037656061, 55.705525967985956, 0.0 ], [ 12.564081703335969, 55.705668658205006, 0.0 ], [ 12.564251464566757, 55.705686204937514, 0.0 ], [ 12.564507583343305, 55.705669321357171, 0.0 ], [ 12.564737198506791, 55.705602763822256, 0.0 ], [ 12.575773631555647, 55.699701600295469, 0.0 ], [ 12.576644364226613, 55.699156037720535, 0.0 ], [ 12.577572301364235, 55.699674956179976, 0.0 ], [ 12.577858691336447, 55.699388935990697, 0.0 ], [ 12.582114516549828, 55.700477801205125, 0.0 ], [ 12.582257287728387, 55.700529380680337, 0.0 ], [ 12.585379888717727, 55.701313315158366, 0.0 ], [ 12.584155472466664, 55.702827353484736, 0.0 ], [ 12.583812101187801, 55.703933667471183, 0.0 ], [ 12.587419017980112, 55.704291308184807, 0.0 ], [ 12.586528223857163, 55.705935704398335, 0.0 ], [ 12.58139082013105, 55.705426799135367, 0.0 ], [ 12.577566658167806, 55.704987376928734, 0.0 ], [ 12.577428719155961, 55.704986993994652, 0.0 ], [ 12.577408530428229, 55.70611722019656, 0.0 ], [ 12.577409927721995, 55.708496584024786, 0.0 ], [ 12.577429389676292, 55.70899829716052, 0.0 ], [ 12.577528096866246, 55.709177232254852, 0.0 ], [ 12.576806084811551, 55.70905612684701, 0.0 ], [ 12.569413182240305, 55.707608531705546, 0.0 ], [ 12.562845669578556, 55.706406549631076, 0.0 ], [ 12.562624357900292, 55.706337087256806, 0.0 ], [ 12.562548651442411, 55.706297924051036, 0.0 ], [ 12.562386107765406, 55.705910335620295, 0.0 ], [ 12.562280506414178, 55.704959020536975, 0.0 ] ] ] } },
{ "type": "Feature", "properties": { "id": "764", "afstemningsomraadenummer": 14, "afstemningsstedNavn": "Nyboder Skole", "kommuneLokalId": 389103, "navn": "3. Øst", "opstillingskredsLokalId": 403573, "areaSquareMetres": 1230150.15 }, "geometry": { "type": "MultiPolygon", "coordinates": [ [ [ [ 12.578403822610992, 55.687482372971147, 0.0 ], [ 12.581923350949632, 55.686525131108112, 0.0 ], [ 12.582490175930316, 55.687165335655408, 0.0 ], [ 12.58567350545769, 55.686316715268923, 0.0 ], [ 12.584076984561367, 55.684461346347213, 0.0 ], [ 12.587142433517894, 55.683621254251285, 0.0 ], [ 12.586035936541869, 55.682328311245783, 0.0 ], [ 12.586595840635731, 55.682177328213569, 0.0 ], [ 12.587826930777467, 55.681398408189487, 0.0 ], [ 12.587378920103971, 55.680877310714415, 0.0 ], [ 12.59402824686693, 55.679072065442412, 0.0 ], [ 12.594535403308251, 55.679701016756397, 0.0 ], [ 12.594585739473775, 55.679687671887621, 0.0 ], [ 12.594578009008835, 55.679678007455514, 0.0 ], [ 12.594639374961465, 55.679661731582115, 0.0 ], [ 12.594647422864409, 55.679671386704605, 0.0 ], [ 12.594694341375719, 55.679658951248967, 0.0 ], [ 12.594686293464024, 55.679649296129661, 0.0 ], [ 12.59503924471937, 55.679557212399054, 0.0 ], [ 12.595605113796685, 55.680249899016587, 0.0 ], [ 12.595102717374916, 55.680388717692004, 0.0 ], [ 12.596978256807189, 55.682647502697208, 0.0 ], [ 12.596983297694701, 55.682671183289678, 0.0 ], [ 12.596950953645875, 55.682696769782062, 0.0 ], [ 12.596389084480304, 55.68285028609192, 0.0 ], [ 12.5962975483689, 55.68283444744312, 0.0 ], [ 12.594855019315016, 55.681089792106235, 0.0 ], [ 12.593899779292459, 55.68134411818459, 0.0 ], [ 12.595936838210692, 55.683796904880616, 0.0 ], [ 12.597547245246028, 55.685766276776221, 0.0 ], [ 12.597569868608293, 55.685759588518998, 0.0 ], [ 12.597663299683784, 55.685870414813117, 0.0 ], [ 12.598581221533701, 55.687000915490792, 0.0 ], [ 12.59941531643871, 55.688193756345456, 0.0 ], [ 12.599385477497774, 55.688274300168949, 0.0 ], [ 12.59942799916273, 55.688277997639034, 0.0 ], [ 12.599334496646881, 55.688772237912062, 0.0 ], [ 12.598909363311783, 55.689044310378549, 0.0 ], [ 12.598895092564526, 55.689100298952759, 0.0 ], [ 12.599250896835683, 55.68943127821742, 0.0 ], [ 12.599755566402354, 55.689397402625815, 0.0 ], [ 12.599748726087125, 55.689338616709129, 0.0 ], [ 12.599799233342919, 55.689032849047379, 0.0 ], [ 12.599933148061501, 55.689017768102119, 0.0 ], [ 12.599955392034584, 55.689029433995067, 0.0 ], [ 12.600398258436851, 55.691062624305751, 0.0 ], [ 12.599661452974166, 55.69111185839413, 0.0 ], [ 12.599709256617704, 55.691138330055509, 0.0 ], [ 12.599308064675188, 55.69125558004815, 0.0 ], [ 12.59915542839201, 55.691366613382449, 0.0 ], [ 12.599102634949547, 55.691474536586476, 0.0 ], [ 12.599036943484162, 55.691495886884837, 0.0 ], [ 12.5989874026571, 55.691559564489751, 0.0 ], [ 12.598884813889956, 55.691754371658334, 0.0 ], [ 12.598866666604605, 55.691885915748266, 0.0 ], [ 12.598980744273307, 55.692264272950993, 0.0 ], [ 12.599069279636499, 55.692643559489369, 0.0 ], [ 12.599106808967065, 55.692710616500385, 0.0 ], [ 12.599271332114879, 55.69287411596072, 0.0 ], [ 12.599272820082213, 55.692943939127353, 0.0 ], [ 12.600323378300596, 55.693478871341448, 0.0 ], [ 12.600370966508269, 55.693542755311846, 0.0 ], [ 12.600463879620923, 55.693756641886011, 0.0 ], [ 12.600610082400062, 55.693961410721435, 0.0 ], [ 12.600591154434483, 55.694013489862137, 0.0 ], [ 12.600493158001331, 55.694054042808837, 0.0 ], [ 12.600296832222373, 55.694039844371893, 0.0 ], [ 12.600214744827817, 55.693973016689398, 0.0 ], [ 12.600194647334328, 55.69398124975168, 0.0 ], [ 12.599589413193494, 55.693497178766464, 0.0 ], [ 12.598222798038474, 55.693752637253262, 0.0 ], [ 12.598239682392069, 55.694244356624999, 0.0 ], [ 12.599771209824937, 55.694874432945831, 0.0 ], [ 12.60000289877259, 55.694835171651398, 0.0 ], [ 12.60028555095507, 55.69429959109015, 0.0 ], [ 12.600341333879211, 55.694308923602939, 0.0 ], [ 12.60038754846464, 55.694217738083836, 0.0 ], [ 12.600508963683392, 55.694187737550976, 0.0 ], [ 12.600593329592227, 55.694199737641398, 0.0 ], [ 12.600632373056655, 55.694239954000544, 0.0 ], [ 12.600624860856238, 55.69426903846643, 0.0 ], [ 12.600666681747315, 55.694306565630662, 0.0 ], [ 12.600538227837211, 55.694628559266349, 0.0 ], [ 12.600551571252781, 55.694825449241456, 0.0 ], [ 12.600541640605559, 55.694900912847217, 0.0 ], [ 12.600477821265125, 55.695011857848016, 0.0 ], [ 12.600250278924122, 55.695193069888525, 0.0 ], [ 12.600192070607804, 55.695292340407569, 0.0 ], [ 12.600133522924947, 55.695323912061468, 0.0 ], [ 12.599497943403883, 55.695484459084803, 0.0 ], [ 12.599264981670052, 55.695226125857694, 0.0 ], [ 12.599150998412492, 55.695172552369961, 0.0 ], [ 12.599197246757484, 55.695140532871498, 0.0 ], [ 12.599182881682729, 55.695084755260297, 0.0 ], [ 12.59912870571406, 55.695044443022702, 0.0 ], [ 12.599016090950087, 55.695035159168597, 0.0 ], [ 12.598935353483744, 55.694915508759372, 0.0 ], [ 12.598656414826099, 55.694712834520949, 0.0 ], [ 12.597591296638594, 55.694320925971176, 0.0 ], [ 12.597117933022268, 55.694096885992188, 0.0 ], [ 12.596953791550018, 55.693965203715585, 0.0 ], [ 12.596853874944534, 55.693827321566687, 0.0 ], [ 12.596830658175218, 55.693663091733214, 0.0 ], [ 12.596848597867702, 55.69349630608, 0.0 ], [ 12.596287959338818, 55.693453580856314, 0.0 ], [ 12.595791073761445, 55.693453223834375, 0.0 ], [ 12.595549387175677, 55.693530895809474, 0.0 ], [ 12.595405590125004, 55.69366036805561, 0.0 ], [ 12.595159954787924, 55.694031199547254, 0.0 ], [ 12.595005832417614, 55.694207731587419, 0.0 ], [ 12.594754434850179, 55.694384237256948, 0.0 ], [ 12.594604067953279, 55.694459590237706, 0.0 ], [ 12.594359421992888, 55.694538065808231, 0.0 ], [ 12.59380846214348, 55.694685762520734, 0.0 ], [ 12.593814199880041, 55.694744760758056, 0.0 ], [ 12.5934729335948, 55.694837305522739, 0.0 ], [ 12.592777342720501, 55.69433067228838, 0.0 ], [ 12.589752980363505, 55.692390314284324, 0.0 ], [ 12.588255114574405, 55.691515093393853, 0.0 ], [ 12.587205834338409, 55.692066506245759, 0.0 ], [ 12.586669664530612, 55.69173114708947, 0.0 ], [ 12.586692467967451, 55.69171942023921, 0.0 ], [ 12.586200963474131, 55.691419709274832, 0.0 ], [ 12.586210729748878, 55.691415107613473, 0.0 ], [ 12.584564562581772, 55.690412359846654, 0.0 ], [ 12.584709738841745, 55.690335912087065, 0.0 ], [ 12.584492358601281, 55.690202802834584, 0.0 ], [ 12.584463484340882, 55.690217763938882, 0.0 ], [ 12.584341463029137, 55.690143820861692, 0.0 ], [ 12.584274131648634, 55.690178608895302, 0.0 ], [ 12.583989501929908, 55.690093322523559, 0.0 ], [ 12.584054188530295, 55.690024443030978, 0.0 ], [ 12.582290311188427, 55.689341258547891, 0.0 ], [ 12.578916854000118, 55.687686262212864, 0.0 ], [ 12.578403822610992, 55.687482372971147, 0.0 ] ] ], [ [ [ 12.601643938327173, 55.687062694898955, 0.0 ], [ 12.601673792903199, 55.687044643567567, 0.0 ], [ 12.601705754954709, 55.687061598681595, 0.0 ], [ 12.60167590038116, 55.687079650020706, 0.0 ], [ 12.601643938327173, 55.687062694898955, 0.0 ] ] ] ] } },
{ "type": "Feature", "properties": { "id": "765", "afstemningsomraadenummer": 16, "afstemningsstedNavn": "Lergravsparkens Skole", "kommuneLokalId": 389103, "navn": "4. Sundbyøster", "opstillingskredsLokalId": 403566, "areaSquareMetres": 706583.25 }, "geometry": { "type": "Polygon", "coordinates": [ [ [ 12.605206747491136, 55.660428094030195, 0.0 ], [ 12.605780252931149, 55.65991747943945, 0.0 ], [ 12.607949439810142, 55.658146265910204, 0.0 ], [ 12.608133843855384, 55.658015670444819, 0.0 ], [ 12.608730962520296, 55.657494544486958, 0.0 ], [ 12.609230651363458, 55.656767131620128, 0.0 ], [ 12.609211800696205, 55.656750691897997, 0.0 ], [ 12.609352511657933, 55.656548186519636, 0.0 ], [ 12.609338356744269, 55.656544736781129, 0.0 ], [ 12.609734214241552, 55.655959394165791, 0.0 ], [ 12.609765671217204, 55.655965931106017, 0.0 ], [ 12.610372220915881, 55.655055796706641, 0.0 ], [ 12.610604165320211, 55.655194544324978, 0.0 ], [ 12.613130258464485, 55.655717444775142, 0.0 ], [ 12.613687394178243, 55.654832847647214, 0.0 ], [ 12.617318129089409, 55.655559759327183, 0.0 ], [ 12.618440648694021, 55.654576265878731, 0.0 ], [ 12.618898354025504, 55.654130149364455, 0.0 ], [ 12.622518460273156, 55.654832852880205, 0.0 ], [ 12.622757569784762, 55.654898980861304, 0.0 ], [ 12.619704942732625, 55.65842140273066, 0.0 ], [ 12.6185176486812, 55.660042460621561, 0.0 ], [ 12.617877831371169, 55.661040660766005, 0.0 ], [ 12.619637387234988, 55.661236536619413, 0.0 ], [ 12.622153164727926, 55.661406538029141, 0.0 ], [ 12.624662463792811, 55.661507980836838, 0.0 ], [ 12.622933455780004, 55.663725621356157, 0.0 ], [ 12.620230285700249, 55.663194115404806, 0.0 ], [ 12.620206712293793, 55.663235095602623, 0.0 ], [ 12.619350718631557, 55.663073158498364, 0.0 ], [ 12.618630459536371, 55.662921955718069, 0.0 ], [ 12.618234491256789, 55.662785545845189, 0.0 ], [ 12.617963040676672, 55.662714158482558, 0.0 ], [ 12.616900550651268, 55.662515586970827, 0.0 ], [ 12.613206379157964, 55.661778743718024, 0.0 ], [ 12.612621023296716, 55.662612014674409, 0.0 ], [ 12.61214223835537, 55.663260864680851, 0.0 ], [ 12.612016196323955, 55.66331547290013, 0.0 ], [ 12.611022108755515, 55.663406623589943, 0.0 ], [ 12.610409092763765, 55.662965460940626, 0.0 ], [ 12.610324425208779, 55.662961570213341, 0.0 ], [ 12.609427704572123, 55.662583249008563, 0.0 ], [ 12.607738777487882, 55.661629196271271, 0.0 ], [ 12.605206747491136, 55.660428094030195, 0.0 ] ] ] } },
{ "type": "Feature", "properties": { "id": "767", "afstemningsomraadenummer": 36, "afstemningsstedNavn": "Husum Skole", "kommuneLokalId": 389103, "navn": "7. Nordvest", "opstillingskredsLokalId": 403575, "areaSquareMetres": 2896651.29 }, "geometry": { "type": "Polygon", "coordinates": [ [ [ 12.452997602873323, 55.712215531950058, 0.0 ], [ 12.453093182735167, 55.712103956736861, 0.0 ], [ 12.453284007851238, 55.710776949006501, 0.0 ], [ 12.453309224159266, 55.710474579827846, 0.0 ], [ 12.453329426593207, 55.710461693029316, 0.0 ], [ 12.453404595604781, 55.709938708865053, 0.0 ], [ 12.453446717043215, 55.709557279432879, 0.0 ], [ 12.453441130996625, 55.709407461135683, 0.0 ], [ 12.453640942794658, 55.707690154717426, 0.0 ], [ 12.453673896190544, 55.707206751583222, 0.0 ], [ 12.453716815839298, 55.707113921497964, 0.0 ], [ 12.45399155261358, 55.707071120310658, 0.0 ], [ 12.45410364049655, 55.70701500538955, 0.0 ], [ 12.454481348678623, 55.706656045286309, 0.0 ], [ 12.454585955083884, 55.706484601767222, 0.0 ], [ 12.454781254822546, 55.706339376388463, 0.0 ], [ 12.454893346633064, 55.706286947033881, 0.0 ], [ 12.4550848784613, 55.706109907964631, 0.0 ], [ 12.455268502207311, 55.70576045740043, 0.0 ], [ 12.45579604969266, 55.705014240767902, 0.0 ], [ 12.455974666254459, 55.704918216394155, 0.0 ], [ 12.456565319200184, 55.704529602620319, 0.0 ], [ 12.456776805468667, 55.704418174746131, 0.0 ], [ 12.45711642289135, 55.704309789195335, 0.0 ], [ 12.458154770783576, 55.704026965921862, 0.0 ], [ 12.458551954518903, 55.70394842321582, 0.0 ], [ 12.460734138490771, 55.703263688131734, 0.0 ], [ 12.46092622365282, 55.703226529382462, 0.0 ], [ 12.461443920893345, 55.703173079591458, 0.0 ], [ 12.463107810954684, 55.70307010102205, 0.0 ], [ 12.463386963602691, 55.703011058931537, 0.0 ], [ 12.463678773891944, 55.702898969298509, 0.0 ], [ 12.463969231480316, 55.702705095562351, 0.0 ], [ 12.464139366550274, 55.702549595521447, 0.0 ], [ 12.464229522992978, 55.702415145887372, 0.0 ], [ 12.464239074050838, 55.702282073421877, 0.0 ], [ 12.464273070313727, 55.702245237714827, 0.0 ], [ 12.464292905487609, 55.702125811449953, 0.0 ], [ 12.464130090583643, 55.701473948507889, 0.0 ], [ 12.464115194580522, 55.701025249527547, 0.0 ], [ 12.4641664615233, 55.700969493762081, 0.0 ], [ 12.46419819295625, 55.700894508629098, 0.0 ], [ 12.464738476998452, 55.700789065676531, 0.0 ], [ 12.46935263210109, 55.699652691535682, 0.0 ], [ 12.475691245710498, 55.698157892599689, 0.0 ], [ 12.477164266357512, 55.697823203373865, 0.0 ], [ 12.477912229932006, 55.69775704053211, 0.0 ], [ 12.480175974106935, 55.697942974690534, 0.0 ], [ 12.480690200006803, 55.697932070121176, 0.0 ], [ 12.48075574542918, 55.697961949928981, 0.0 ], [ 12.480747990820369, 55.697987525860377, 0.0 ], [ 12.482329488228501, 55.698102954467551, 0.0 ], [ 12.488542242520078, 55.69851310848891, 0.0 ], [ 12.489966007089896, 55.701737411875477, 0.0 ], [ 12.490804994955694, 55.704050153598949, 0.0 ], [ 12.490869761524813, 55.704144249546111, 0.0 ], [ 12.490957078559051, 55.704232308830896, 0.0 ], [ 12.492454963254579, 55.705403612024512, 0.0 ], [ 12.491600402935113, 55.705577466730183, 0.0 ], [ 12.489963151140717, 55.705961686696007, 0.0 ], [ 12.482385782318595, 55.708856474239141, 0.0 ], [ 12.477618792647341, 55.710476093467072, 0.0 ], [ 12.473618622820227, 55.71158144249668, 0.0 ], [ 12.468080618900611, 55.713029192233911, 0.0 ], [ 12.461608555940634, 55.715394446570457, 0.0 ], [ 12.458722199987916, 55.716513360687834, 0.0 ], [ 12.458701487238272, 55.716239618454289, 0.0 ], [ 12.458568282999137, 55.715918605819212, 0.0 ], [ 12.457981040349644, 55.714643820605772, 0.0 ], [ 12.457926421476914, 55.714557514524707, 0.0 ], [ 12.45782538076215, 55.714457770952215, 0.0 ], [ 12.457308327291374, 55.714105944849926, 0.0 ], [ 12.457111009739871, 55.714014308535887, 0.0 ], [ 12.455635687206399, 55.713630580680544, 0.0 ], [ 12.454858944169182, 55.713333353316742, 0.0 ], [ 12.454009565219486, 55.712846560721545, 0.0 ], [ 12.452997602873323, 55.712215531950058, 0.0 ] ] ] } },
{ "type": "Feature", "properties": { "id": "768", "afstemningsomraadenummer": 46, "afstemningsstedNavn": "Lykkebo Hallen", "kommuneLokalId": 389103, "navn": "8. Vest", "opstillingskredsLokalId": 403576, "areaSquareMetres": 1946342.45 }, "geometry": { "type": "Polygon", "coordinates": [ [ [ 12.477321390706321, 55.659351071865188, 0.0 ], [ 12.477306899035998, 55.659044424227559, 0.0 ], [ 12.477341785249532, 55.658523547896664, 0.0 ], [ 12.477425897561222, 55.658075274991837, 0.0 ], [ 12.477533273666152, 55.657729654071559, 0.0 ], [ 12.477631587876886, 55.657505944702088, 0.0 ], [ 12.477803827274613, 55.657201282837519, 0.0 ], [ 12.477802585367632, 55.657112032740848, 0.0 ], [ 12.477842664213121, 55.657029612808437, 0.0 ], [ 12.478014726463456, 55.656900379263419, 0.0 ], [ 12.478372217124406, 55.656486159439325, 0.0 ], [ 12.478484903813213, 55.656379649937485, 0.0 ], [ 12.478866686664645, 55.656076143611841, 0.0 ], [ 12.480699990885709, 55.654750369960929, 0.0 ], [ 12.481650467386533, 55.654094603737647, 0.0 ], [ 12.482309395741959, 55.654111493461869, 0.0 ], [ 12.482888581941134, 55.653970147144761, 0.0 ], [ 12.483120748016074, 55.653887662393586, 0.0 ], [ 12.483363791142088, 55.653779062512292, 0.0 ], [ 12.483669894144736, 55.653598086821759, 0.0 ], [ 12.484166881380441, 55.653220975326967, 0.0 ], [ 12.485250617134373, 55.652467880266485, 0.0 ], [ 12.486019834048195, 55.65202835203101, 0.0 ], [ 12.487071656054045, 55.651458854800815, 0.0 ], [ 12.487321450836372, 55.651287024077952, 0.0 ], [ 12.487481272280551, 55.651138792788402, 0.0 ], [ 12.487674119997198, 55.650925691939243, 0.0 ], [ 12.487767186457264, 55.650738538079437, 0.0 ], [ 12.487870759125309, 55.650605124188388, 0.0 ], [ 12.488035971022704, 55.650294172116347, 0.0 ], [ 12.488158094739521, 55.649972577125794, 0.0 ], [ 12.488333930617872, 55.649829283763516, 0.0 ], [ 12.488637610278159, 55.649366209891966, 0.0 ], [ 12.488532306190907, 55.649158535628452, 0.0 ], [ 12.48875415382602, 55.648940920930819, 0.0 ], [ 12.489228223569569, 55.648625491776798, 0.0 ], [ 12.489644445222222, 55.648133675431893, 0.0 ], [ 12.490136448264602, 55.647505546174074, 0.0 ], [ 12.490202427881885, 55.647366187039019, 0.0 ], [ 12.490281863819328, 55.647136889091186, 0.0 ], [ 12.490281494337774, 55.647002386383065, 0.0 ], [ 12.490320866510094, 55.64678564844381, 0.0 ], [ 12.490475859593069, 55.646471027132797, 0.0 ], [ 12.49254124848313, 55.647218644213865, 0.0 ], [ 12.493936997791055, 55.647704151942513, 0.0 ], [ 12.498069471562843, 55.648924049551752, 0.0 ], [ 12.497786888118641, 55.649547405420726, 0.0 ], [ 12.497634347236925, 55.649805229947845, 0.0 ], [ 12.497433123499059, 55.650089529721534, 0.0 ], [ 12.497053274012773, 55.650583572907308, 0.0 ], [ 12.496098705981666, 55.651540887420602, 0.0 ], [ 12.49583514344714, 55.65192164308187, 0.0 ], [ 12.495759191996758, 55.652154082449556, 0.0 ], [ 12.497212811650417, 55.651904555077095, 0.0 ], [ 12.499078372438017, 55.651552796825385, 0.0 ], [ 12.500395515993409, 55.651353163468649, 0.0 ], [ 12.503123060541951, 55.65104586968215, 0.0 ], [ 12.502865324540975, 55.651715194249611, 0.0 ], [ 12.502548283826638, 55.652473700565302, 0.0 ], [ 12.500612700697474, 55.656317853001006, 0.0 ], [ 12.5003317135287, 55.656934244993309, 0.0 ], [ 12.499827289468069, 55.657908854638926, 0.0 ], [ 12.499697973605384, 55.658067201051857, 0.0 ], [ 12.499545998784528, 55.658185552351277, 0.0 ], [ 12.499072262855353, 55.658414242696885, 0.0 ], [ 12.497933857108713, 55.658863848153153, 0.0 ], [ 12.497790832890249, 55.658938242857126, 0.0 ], [ 12.497565057224575, 55.659110128816685, 0.0 ], [ 12.497249331325444, 55.659475290947206, 0.0 ], [ 12.496775482844065, 55.659669177897747, 0.0 ], [ 12.497161626705443, 55.659697276347231, 0.0 ], [ 12.497563426023493, 55.65974929401365, 0.0 ], [ 12.4988432337143, 55.659992231836803, 0.0 ], [ 12.498175911071867, 55.660265556307507, 0.0 ], [ 12.497302152247295, 55.660597996149086, 0.0 ], [ 12.497075287098811, 55.660702565465485, 0.0 ], [ 12.495033485500054, 55.661685120902867, 0.0 ], [ 12.494736855796662, 55.661899303124876, 0.0 ], [ 12.494478227901793, 55.662131193680722, 0.0 ], [ 12.494276004103963, 55.662376671705957, 0.0 ], [ 12.494111000572765, 55.662632867461575, 0.0 ], [ 12.493982865948427, 55.66289583484906, 0.0 ], [ 12.493915456466377, 55.663165523532768, 0.0 ], [ 12.493894457563842, 55.663436586998337, 0.0 ], [ 12.4939371487873, 55.663708353012055, 0.0 ], [ 12.494011458061152, 55.663983264115856, 0.0 ], [ 12.494029012349541, 55.664119434987199, 0.0 ], [ 12.483099578514883, 55.664228387280318, 0.0 ], [ 12.4785661214858, 55.664207479605707, 0.0 ], [ 12.478542060705481, 55.664027883314915, 0.0 ], [ 12.478246884564054, 55.663697099680682, 0.0 ], [ 12.478174923140044, 55.663540531724195, 0.0 ], [ 12.478150861106519, 55.662848511604921, 0.0 ], [ 12.47812590491788, 55.662639088973563, 0.0 ], [ 12.478129592702656, 55.662395765107583, 0.0 ], [ 12.478096776936507, 55.661734114686539, 0.0 ], [ 12.478063405064429, 55.661524840870648, 0.0 ], [ 12.477712781059747, 55.66085763991223, 0.0 ], [ 12.477551862612994, 55.660456779248918, 0.0 ], [ 12.477497326976328, 55.660363825848542, 0.0 ], [ 12.477506583100551, 55.660333711616218, 0.0 ], [ 12.477387890399504, 55.659994593292964, 0.0 ], [ 12.477321390706321, 55.659351071865188, 0.0 ] ] ] } },
{ "type": "Feature", "properties": { "id": "769", "afstemningsomraadenummer": 2, "afstemningsstedNavn": "Strandvejsskolen", "kommuneLokalId": 389103, "navn": "1. Nord", "opstillingskredsLokalId": 403564, "areaSquareMetres": 1493484.71 }, "geometry": { "type": "MultiPolygon", "coordinates": [ [ [ [ 12.587449203938124, 55.718582190337607, 0.0 ], [ 12.587458455275399, 55.718551077925596, 0.0 ], [ 12.587530477207682, 55.718535664018503, 0.0 ], [ 12.587807781357895, 55.718609919755124, 0.0 ], [ 12.588108812881911, 55.718663249372192, 0.0 ], [ 12.588378619563631, 55.71869051612871, 0.0 ], [ 12.588696150624877, 55.71869624465144, 0.0 ], [ 12.588722841727094, 55.718730172282697, 0.0 ], [ 12.588676157479732, 55.718761300749094, 0.0 ], [ 12.588439164544681, 55.718760050290058, 0.0 ], [ 12.588011413224903, 55.718719779025491, 0.0 ], [ 12.587708098787187, 55.718660671250767, 0.0 ], [ 12.587449203938124, 55.718582190337607, 0.0 ] ] ], [ [ [ 12.565791331585306, 55.732711494282576, 0.0 ], [ 12.565819105117658, 55.732149784056631, 0.0 ], [ 12.566810989546431, 55.728875935035084, 0.0 ], [ 12.567275148529886, 55.728533884222841, 0.0 ], [ 12.567545464793925, 55.727639441128005, 0.0 ], [ 12.56760138597023, 55.727628913404345, 0.0 ], [ 12.567687470393393, 55.72739379448943, 0.0 ], [ 12.568623145916421, 55.727307329559586, 0.0 ], [ 12.569174013008224, 55.725434334439761, 0.0 ], [ 12.569263782696638, 55.725180404135209, 0.0 ], [ 12.569507080219307, 55.724639756843132, 0.0 ], [ 12.570169013884387, 55.723441051719391, 0.0 ], [ 12.570185145736151, 55.723436266278775, 0.0 ], [ 12.57020919012094, 55.723373343797498, 0.0 ], [ 12.570465814061601, 55.722945692185263, 0.0 ], [ 12.570929162261752, 55.722083207287255, 0.0 ], [ 12.571593160714912, 55.72103702263707, 0.0 ], [ 12.572559454602441, 55.719434523887131, 0.0 ], [ 12.572764402368344, 55.719158353671624, 0.0 ], [ 12.572906897001834, 55.718995409663222, 0.0 ], [ 12.573477039394776, 55.718430936928129, 0.0 ], [ 12.574131315969224, 55.717929650059951, 0.0 ], [ 12.574524341985839, 55.717679288506169, 0.0 ], [ 12.575132756924823, 55.717347388099491, 0.0 ], [ 12.575743631584432, 55.717070352487973, 0.0 ], [ 12.576578970228175, 55.716732729553414, 0.0 ], [ 12.577385501152653, 55.716466885790396, 0.0 ], [ 12.577493728010134, 55.715633879278059, 0.0 ], [ 12.577570834075965, 55.714800251475197, 0.0 ], [ 12.577528112421097, 55.713731116632637, 0.0 ], [ 12.577520887892447, 55.712033320629395, 0.0 ], [ 12.577573133627363, 55.71028919076744, 0.0 ], [ 12.577528096866246, 55.709177232254852, 0.0 ], [ 12.577429389676292, 55.70899829716052, 0.0 ], [ 12.577409490574377, 55.707952144600618, 0.0 ], [ 12.583565396649064, 55.707989434321171, 0.0 ], [ 12.586613292845607, 55.707978045135626, 0.0 ], [ 12.587036709785028, 55.708081748569974, 0.0 ], [ 12.589131930211911, 55.708994995499502, 0.0 ], [ 12.589297072083598, 55.709033054514038, 0.0 ], [ 12.589794086235536, 55.709095121114849, 0.0 ], [ 12.58961129372266, 55.709425164918187, 0.0 ], [ 12.589319581894641, 55.709873400796162, 0.0 ], [ 12.589100180431405, 55.710170795539398, 0.0 ], [ 12.588897383191172, 55.710406200019058, 0.0 ], [ 12.588295083483372, 55.711000194969827, 0.0 ], [ 12.587305534260311, 55.712090170118181, 0.0 ], [ 12.586931440858601, 55.712576685793486, 0.0 ], [ 12.58838419011925, 55.714615894261797, 0.0 ], [ 12.588443820333213, 55.714607855768627, 0.0 ], [ 12.588338430564431, 55.714629281768225, 0.0 ], [ 12.588265007829145, 55.714606791802055, 0.0 ], [ 12.587974508373508, 55.714185389942358, 0.0 ], [ 12.587983652485406, 55.714123618514783, 0.0 ], [ 12.587410239864219, 55.714191281616593, 0.0 ], [ 12.587431779953482, 55.714222932319366, 0.0 ], [ 12.586860360276935, 55.714348801437986, 0.0 ], [ 12.58702840636561, 55.714557173642802, 0.0 ], [ 12.585579239796319, 55.716060975241376, 0.0 ], [ 12.584742393446676, 55.715721083185414, 0.0 ], [ 12.584654909989235, 55.715718963706273, 0.0 ], [ 12.584572727842499, 55.715738179662139, 0.0 ], [ 12.5845045266972, 55.715777848030669, 0.0 ], [ 12.584490521910528, 55.715772772229315, 0.0 ], [ 12.584472253817092, 55.71578895171438, 0.0 ], [ 12.584485798468176, 55.715794220798095, 0.0 ], [ 12.584409041264628, 55.715846547780949, 0.0 ], [ 12.584319170637594, 55.71596606688928, 0.0 ], [ 12.584061014622417, 55.716941306027458, 0.0 ], [ 12.584135485774713, 55.716963048565383, 0.0 ], [ 12.584119035462065, 55.717025122948527, 0.0 ], [ 12.590716122065885, 55.717900891093329, 0.0 ], [ 12.591077702888436, 55.717905863595142, 0.0 ], [ 12.591453465801209, 55.717860605179553, 0.0 ], [ 12.591759048734135, 55.71775023135298, 0.0 ], [ 12.591880998422216, 55.717667982559895, 0.0 ], [ 12.591981065356745, 55.717555622303578, 0.0 ], [ 12.592044237795337, 55.717546219552631, 0.0 ], [ 12.592082292538546, 55.717568573992644, 0.0 ], [ 12.592067181182747, 55.717601746678511, 0.0 ], [ 12.591996809579559, 55.717629883376674, 0.0 ], [ 12.591906996398974, 55.717715147804832, 0.0 ], [ 12.591759267756464, 55.717804625459713, 0.0 ], [ 12.591438170415397, 55.717905652366518, 0.0 ], [ 12.591455819402361, 55.717931301904031, 0.0 ], [ 12.591099533424829, 55.718009979277603, 0.0 ], [ 12.591337413844522, 55.718362508927164, 0.0 ], [ 12.591856885951485, 55.718242906239155, 0.0 ], [ 12.591847531079162, 55.718229512556476, 0.0 ], [ 12.59191325346859, 55.718214909897348, 0.0 ], [ 12.591922400047752, 55.718227770164454, 0.0 ], [ 12.59240988539433, 55.718115485771563, 0.0 ], [ 12.592215101358256, 55.717841993170829, 0.0 ], [ 12.592231897027578, 55.717818482318158, 0.0 ], [ 12.592317201484175, 55.717796831939673, 0.0 ], [ 12.592304687077501, 55.71782012752643, 0.0 ], [ 12.592343053546475, 55.717828535437441, 0.0 ], [ 12.592275245620836, 55.717846436463148, 0.0 ], [ 12.592452689857684, 55.71809418060041, 0.0 ], [ 12.592492648652316, 55.718125111319551, 0.0 ], [ 12.592649564063368, 55.718357450893237, 0.0 ], [ 12.592627591930761, 55.718413034362626, 0.0 ], [ 12.592339679638021, 55.718544113590596, 0.0 ], [ 12.5918104575873, 55.71866858955822, 0.0 ], [ 12.591532897360352, 55.718709535461365, 0.0 ], [ 12.590997833649016, 55.718694176251844, 0.0 ], [ 12.588498488636349, 55.718358179598525, 0.0 ], [ 12.588307926213073, 55.718317805234058, 0.0 ], [ 12.588087852928842, 55.718245743329732, 0.0 ], [ 12.588045435167007, 55.718286907520906, 0.0 ], [ 12.587995334080937, 55.718275604410152, 0.0 ], [ 12.587756916794611, 55.718180699710871, 0.0 ], [ 12.587749003111302, 55.71816042981856, 0.0 ], [ 12.587769082769212, 55.718134485716448, 0.0 ], [ 12.587754646408618, 55.718109101407592, 0.0 ], [ 12.587447910419208, 55.717951902608334, 0.0 ], [ 12.586803470147615, 55.717556852558552, 0.0 ], [ 12.584440814346411, 55.717244113485862, 0.0 ], [ 12.584286252070161, 55.717281808980594, 0.0 ], [ 12.584149045383377, 55.717336800990473, 0.0 ], [ 12.584035200930739, 55.717406845982644, 0.0 ], [ 12.583949673606199, 55.717488652146713, 0.0 ], [ 12.583886453279181, 55.717796399787872, 0.0 ], [ 12.583758247728484, 55.71821196899792, 0.0 ], [ 12.583588185598471, 55.718909484349844, 0.0 ], [ 12.583487970774501, 55.719580051955091, 0.0 ], [ 12.583922794052787, 55.719711309259395, 0.0 ], [ 12.584364222359389, 55.719806854514353, 0.0 ], [ 12.584882284943612, 55.719876420668591, 0.0 ], [ 12.585448063923232, 55.719905206123244, 0.0 ], [ 12.585447209147667, 55.719934094770629, 0.0 ], [ 12.584766911201095, 55.719903799890496, 0.0 ], [ 12.584229314684956, 55.719834893837358, 0.0 ], [ 12.584218906627882, 55.719855159680648, 0.0 ], [ 12.584156795616515, 55.719844925192326, 0.0 ], [ 12.584168167833862, 55.719823012665323, 0.0 ], [ 12.584121690048987, 55.719814749235674, 0.0 ], [ 12.584011462696266, 55.720038987547127, 0.0 ], [ 12.584024814562209, 55.720099471932343, 0.0 ], [ 12.584008271667987, 55.720144914148463, 0.0 ], [ 12.583963913152859, 55.720177141722417, 0.0 ], [ 12.583861193522734, 55.720314749437868, 0.0 ], [ 12.583423203970016, 55.720706816494136, 0.0 ], [ 12.58333166490576, 55.720745726988191, 0.0 ], [ 12.583307268455311, 55.720823678985006, 0.0 ], [ 12.583215019183264, 55.721480435843915, 0.0 ], [ 12.583175123036138, 55.721491851658556, 0.0 ], [ 12.583129762080548, 55.721841608155721, 0.0 ], [ 12.581113843545035, 55.722039928080967, 0.0 ], [ 12.580494550499578, 55.722114201060037, 0.0 ], [ 12.578894521502583, 55.722082296052761, 0.0 ], [ 12.578046965550106, 55.72208561580733, 0.0 ], [ 12.577958464380902, 55.722093411955576, 0.0 ], [ 12.577842314531637, 55.722230776419565, 0.0 ], [ 12.577742606311256, 55.722234493250994, 0.0 ], [ 12.577968993898221, 55.722942826905751, 0.0 ], [ 12.577916913548711, 55.722967364582942, 0.0 ], [ 12.577864604772746, 55.723248713747402, 0.0 ], [ 12.577043225656004, 55.725623649379898, 0.0 ], [ 12.576532979696937, 55.726675992820297, 0.0 ], [ 12.576126212140272, 55.727459521451792, 0.0 ], [ 12.576072632125371, 55.727615741237379, 0.0 ], [ 12.576071894638675, 55.727774826892137, 0.0 ], [ 12.576100774342946, 55.727879728252368, 0.0 ], [ 12.576518151521404, 55.728949451382597, 0.0 ], [ 12.576063160960063, 55.728999129065414, 0.0 ], [ 12.575117836186946, 55.729133677747342, 0.0 ], [ 12.575104685033162, 55.729197183013262, 0.0 ], [ 12.574051568995124, 55.729252589411402, 0.0 ], [ 12.573745379191024, 55.729324719519255, 0.0 ], [ 12.568195733393324, 55.730080849108546, 0.0 ], [ 12.568054262117577, 55.730629052160126, 0.0 ], [ 12.568030305211837, 55.730638920332005, 0.0 ], [ 12.567855007161436, 55.730624775174071, 0.0 ], [ 12.567670152505544, 55.731254625053666, 0.0 ], [ 12.567693344469301, 55.731606336356869, 0.0 ], [ 12.567735591392486, 55.731795013215155, 0.0 ], [ 12.567226104187109, 55.731857391583709, 0.0 ], [ 12.567062260080919, 55.732471433428117, 0.0 ], [ 12.565791331585306, 55.732711494282576, 0.0 ] ] ] ] } },
{ "type": "Feature", "properties": { "id": "770", "afstemningsomraadenummer": 11, "afstemningsstedNavn": "Rådhushallen", "kommuneLokalId": 389103, "navn": "3. Indre By", "opstillingskredsLokalId": 403573, "areaSquareMetres": 1273089.73 }, "geometry": { "type": "Polygon", "coordinates": [ [ [ 12.555177094960289, 55.673545106014636, 0.0 ], [ 12.555947314192581, 55.67368300340322, 0.0 ], [ 12.556904359785387, 55.673807114123136, 0.0 ], [ 12.560244593768221, 55.674482021614395, 0.0 ], [ 12.560302992172616, 55.674466298787486, 0.0 ], [ 12.560870183080924, 55.673566298583196, 0.0 ], [ 12.56113936666328, 55.673728604590856, 0.0 ], [ 12.564058960077633, 55.674726830250329, 0.0 ], [ 12.564477019707482, 55.67461208152983, 0.0 ], [ 12.565853846700628, 55.675059131944003, 0.0 ], [ 12.567992491632014, 55.675802040266504, 0.0 ], [ 12.569220889076655, 55.676361993813487, 0.0 ], [ 12.568453504975649, 55.676698052340292, 0.0 ], [ 12.569227771190619, 55.677099029310945, 0.0 ], [ 12.569913314856963, 55.677559952302047, 0.0 ], [ 12.570943197037655, 55.677978563642043, 0.0 ], [ 12.57219540839499, 55.678358768962617, 0.0 ], [ 12.572280805506272, 55.678443591335061, 0.0 ], [ 12.573363024476508, 55.678826579411158, 0.0 ], [ 12.573865609714511, 55.679074492338565, 0.0 ], [ 12.574236811497752, 55.679352668934371, 0.0 ], [ 12.574924581949807, 55.679951884119838, 0.0 ], [ 12.575605911669879, 55.680489060311281, 0.0 ], [ 12.575858247295752, 55.680683477952876, 0.0 ], [ 12.576128603692878, 55.680845178918112, 0.0 ], [ 12.57644304588103, 55.681066108314198, 0.0 ], [ 12.575229399484524, 55.681431948361748, 0.0 ], [ 12.575486369234357, 55.681509787952344, 0.0 ], [ 12.576046056694331, 55.68176726734481, 0.0 ], [ 12.576773996299631, 55.682253173912017, 0.0 ], [ 12.57763664945238, 55.682786669186008, 0.0 ], [ 12.577678582974139, 55.682773576572416, 0.0 ], [ 12.578449828284759, 55.683374114622154, 0.0 ], [ 12.573770616522564, 55.684569086063171, 0.0 ], [ 12.565901003515668, 55.68661469212639, 0.0 ], [ 12.56536038217158, 55.686122736595806, 0.0 ], [ 12.563376577281954, 55.686883461775636, 0.0 ], [ 12.563048305923745, 55.687151962257545, 0.0 ], [ 12.562773554615237, 55.686931374520469, 0.0 ], [ 12.562655961647271, 55.686865284614633, 0.0 ], [ 12.562459599326667, 55.686808136744588, 0.0 ], [ 12.562225034064952, 55.686792920800713, 0.0 ], [ 12.561723941293524, 55.686311580859211, 0.0 ], [ 12.557341088932414, 55.681748891668718, 0.0 ], [ 12.55692015558618, 55.680269014560075, 0.0 ], [ 12.555177094960289, 55.673545106014636, 0.0 ] ] ] } },
{ "type": "Feature", "properties": { "id": "771", "afstemningsomraadenummer": 35, "afstemningsstedNavn": "EnergiCenter Voldparken", "kommuneLokalId": 389103, "navn": "7. Vest", "opstillingskredsLokalId": 403575, "areaSquareMetres": 2158721.04 }, "geometry": { "type": "Polygon", "coordinates": [ [ [ 12.458637170603993, 55.716819755218744, 0.0 ], [ 12.458723384151762, 55.716656379702883, 0.0 ], [ 12.458722199987916, 55.716513360687834, 0.0 ], [ 12.45881980820802, 55.716466191782018, 0.0 ], [ 12.461608555940634, 55.715394446570457, 0.0 ], [ 12.468080618900611, 55.713029192233911, 0.0 ], [ 12.473618622820227, 55.71158144249668, 0.0 ], [ 12.477618792647341, 55.710476093467072, 0.0 ], [ 12.482385782318595, 55.708856474239141, 0.0 ], [ 12.489963151140717, 55.705961686696007, 0.0 ], [ 12.491600402935113, 55.705577466730183, 0.0 ], [ 12.492454963254579, 55.705403612024512, 0.0 ], [ 12.494016850394271, 55.705137045233919, 0.0 ], [ 12.496828160782472, 55.704853460809595, 0.0 ], [ 12.49771589989637, 55.704714499078442, 0.0 ], [ 12.498649059128473, 55.704513722587542, 0.0 ], [ 12.49829787672379, 55.705039940229597, 0.0 ], [ 12.498159520735653, 55.705476376915229, 0.0 ], [ 12.498145293828395, 55.705696534857637, 0.0 ], [ 12.498443771968889, 55.707222871877043, 0.0 ], [ 12.499073929373187, 55.707215958744833, 0.0 ], [ 12.499492345893547, 55.709439580292859, 0.0 ], [ 12.49996542099016, 55.70959890107796, 0.0 ], [ 12.499859651628912, 55.709628893121042, 0.0 ], [ 12.499852609657939, 55.709674770847933, 0.0 ], [ 12.498917265291269, 55.709731393306562, 0.0 ], [ 12.49897773226798, 55.710051204668837, 0.0 ], [ 12.499802964352655, 55.710002668565245, 0.0 ], [ 12.499771372315111, 55.710236899271706, 0.0 ], [ 12.499769151876341, 55.710393594554041, 0.0 ], [ 12.499697469611421, 55.710498412326039, 0.0 ], [ 12.49960768533292, 55.710885000541673, 0.0 ], [ 12.499522016047763, 55.711034635188334, 0.0 ], [ 12.499299678916238, 55.711030996738174, 0.0 ], [ 12.499408793683031, 55.711383587990568, 0.0 ], [ 12.499422012064072, 55.711504596166066, 0.0 ], [ 12.500209383634017, 55.711538061254821, 0.0 ], [ 12.50087825498961, 55.711541184811225, 0.0 ], [ 12.501472681846764, 55.711518645740306, 0.0 ], [ 12.502435833960972, 55.711446644250735, 0.0 ], [ 12.502631627415127, 55.71145795836253, 0.0 ], [ 12.502820945756657, 55.711491216498182, 0.0 ], [ 12.503108851498403, 55.711599166068872, 0.0 ], [ 12.503207625103427, 55.711661713860053, 0.0 ], [ 12.503312748303655, 55.711757798423264, 0.0 ], [ 12.503398075713053, 55.711913792191091, 0.0 ], [ 12.503447082325907, 55.712219003250311, 0.0 ], [ 12.503505788653884, 55.712308950248428, 0.0 ], [ 12.503611887935131, 55.712401679852384, 0.0 ], [ 12.503842487455042, 55.712513422355229, 0.0 ], [ 12.504313955725998, 55.712618644117562, 0.0 ], [ 12.504369211108417, 55.712657617509471, 0.0 ], [ 12.504377326943567, 55.712693081995702, 0.0 ], [ 12.504739341830087, 55.712845846710636, 0.0 ], [ 12.502626107282367, 55.714788660401062, 0.0 ], [ 12.501468153881888, 55.715893051399064, 0.0 ], [ 12.500105855090478, 55.717053522542486, 0.0 ], [ 12.499871437487128, 55.717290751716043, 0.0 ], [ 12.499715255894609, 55.717480251801533, 0.0 ], [ 12.499174388690317, 55.718276589704899, 0.0 ], [ 12.499011143034913, 55.718463772610811, 0.0 ], [ 12.498780365732369, 55.71866708761678, 0.0 ], [ 12.498411008865409, 55.718932798284385, 0.0 ], [ 12.49841359807402, 55.718958170367117, 0.0 ], [ 12.498177514538687, 55.719098695027398, 0.0 ], [ 12.497742957555337, 55.718673198791464, 0.0 ], [ 12.497412246426741, 55.718420164864277, 0.0 ], [ 12.497004106647635, 55.718215013757074, 0.0 ], [ 12.496284668797903, 55.717909576062027, 0.0 ], [ 12.495358303475991, 55.717600318852774, 0.0 ], [ 12.493489254222844, 55.717189052584978, 0.0 ], [ 12.492668934101955, 55.717055416534279, 0.0 ], [ 12.491767941927501, 55.716960126808253, 0.0 ], [ 12.490800106292861, 55.716902878060303, 0.0 ], [ 12.489877330657203, 55.71691141629659, 0.0 ], [ 12.488878522770207, 55.716960413287147, 0.0 ], [ 12.487104797848041, 55.714634398239731, 0.0 ], [ 12.486293679725645, 55.714835300647543, 0.0 ], [ 12.485250737290087, 55.715139081696123, 0.0 ], [ 12.485150234062534, 55.715158750695636, 0.0 ], [ 12.48458397120492, 55.715194166593747, 0.0 ], [ 12.483226004576075, 55.715655865032211, 0.0 ], [ 12.483021618364122, 55.71549640491876, 0.0 ], [ 12.482559219078036, 55.715680458319497, 0.0 ], [ 12.481454167999685, 55.716058260296194, 0.0 ], [ 12.480723000114372, 55.716129088026562, 0.0 ], [ 12.479267252357822, 55.716658073780039, 0.0 ], [ 12.478645371823793, 55.716723901471042, 0.0 ], [ 12.47720525249256, 55.717201707246701, 0.0 ], [ 12.476469281928511, 55.717392590700406, 0.0 ], [ 12.475796149474347, 55.717285242700399, 0.0 ], [ 12.473196222529886, 55.716766425862936, 0.0 ], [ 12.472815922058196, 55.716483891460243, 0.0 ], [ 12.469737778378226, 55.715875406596091, 0.0 ], [ 12.469401001849963, 55.715621662433911, 0.0 ], [ 12.469212801267366, 55.715584724650917, 0.0 ], [ 12.470328964139238, 55.718146455762437, 0.0 ], [ 12.470791586130963, 55.718861043231946, 0.0 ], [ 12.466224254573737, 55.718845486626186, 0.0 ], [ 12.466210854132211, 55.718872209923994, 0.0 ], [ 12.465276537229645, 55.718339517677144, 0.0 ], [ 12.464679542112204, 55.718068383552072, 0.0 ], [ 12.464319179221024, 55.717923997387416, 0.0 ], [ 12.463914083729437, 55.717790673694672, 0.0 ], [ 12.463063614655894, 55.717543951230454, 0.0 ], [ 12.46202426082165, 55.717338788082152, 0.0 ], [ 12.458637170603993, 55.716819755218744, 0.0 ] ] ] } },
{ "type": "Feature", "properties": { "id": "772", "afstemningsomraadenummer": 10, "afstemningsstedNavn": "Skolen på Islands Brygge", "kommuneLokalId": 389103, "navn": "2. Vest", "opstillingskredsLokalId": 403565, "areaSquareMetres": 3390419.76 }, "geometry": { "type": "Polygon", "coordinates": [ [ [ 12.551332670347449, 55.641236290028026, 0.0 ], [ 12.551417522269155, 55.641341102787393, 0.0 ], [ 12.552074316708413, 55.641206434852919, 0.0 ], [ 12.552966119378423, 55.64105991520703, 0.0 ], [ 12.553798684486596, 55.640961504151285, 0.0 ], [ 12.554404670238972, 55.640910121774368, 0.0 ], [ 12.555217871997995, 55.640866482851266, 0.0 ], [ 12.555911780433602, 55.64085201623319, 0.0 ], [ 12.556728526932334, 55.640861495632535, 0.0 ], [ 12.557502012138432, 55.640897042643203, 0.0 ], [ 12.558230118904087, 55.640954583360603, 0.0 ], [ 12.558871628897062, 55.641024885084221, 0.0 ], [ 12.559974207715525, 55.641182948883056, 0.0 ], [ 12.561029282099513, 55.64131324982349, 0.0 ], [ 12.562228937055668, 55.641417939046391, 0.0 ], [ 12.563539283409899, 55.641481003189668, 0.0 ], [ 12.565424545257436, 55.641479672742648, 0.0 ], [ 12.570029989158794, 55.641277266239342, 0.0 ], [ 12.575705870168688, 55.640970804966543, 0.0 ], [ 12.575934477904292, 55.641528462278103, 0.0 ], [ 12.576176948552648, 55.641537392688726, 0.0 ], [ 12.576391771624637, 55.641670227647019, 0.0 ], [ 12.576513029457546, 55.641809119744849, 0.0 ], [ 12.576711111644236, 55.642099979680317, 0.0 ], [ 12.57685725715004, 55.642257207834902, 0.0 ], [ 12.576900629441976, 55.642375353576611, 0.0 ], [ 12.576900679302691, 55.642656436908325, 0.0 ], [ 12.577340944243915, 55.643357089034389, 0.0 ], [ 12.577419288484853, 55.643562243910218, 0.0 ], [ 12.577379012083393, 55.643864825902433, 0.0 ], [ 12.577930244404371, 55.645460431752149, 0.0 ], [ 12.577509671535461, 55.645472438960695, 0.0 ], [ 12.584421632424258, 55.662768182785278, 0.0 ], [ 12.584812210845076, 55.6639507892029, 0.0 ], [ 12.584885252765739, 55.664088386585583, 0.0 ], [ 12.583923863567804, 55.664339493591193, 0.0 ], [ 12.586559338092771, 55.665966014985038, 0.0 ], [ 12.586915520066963, 55.666238657766357, 0.0 ], [ 12.587081554422381, 55.666408331655227, 0.0 ], [ 12.587194956278109, 55.666552210154101, 0.0 ], [ 12.587738742372704, 55.667690042296272, 0.0 ], [ 12.587975740421882, 55.668021200194254, 0.0 ], [ 12.586971487345885, 55.66807612326906, 0.0 ], [ 12.586824781245989, 55.667980336184883, 0.0 ], [ 12.582332812583752, 55.668743888481764, 0.0 ], [ 12.579817458860285, 55.67001030483096, 0.0 ], [ 12.579452494099103, 55.669787622927096, 0.0 ], [ 12.579404701879866, 55.669748644961764, 0.0 ], [ 12.579429981853112, 55.669713648072715, 0.0 ], [ 12.579343451490487, 55.669649455019183, 0.0 ], [ 12.579336290949938, 55.669680775765478, 0.0 ], [ 12.579244457434104, 55.669650816465136, 0.0 ], [ 12.579259599070696, 55.669635448001166, 0.0 ], [ 12.579278754216222, 55.669641362895447, 0.0 ], [ 12.579298906191557, 55.669616406742911, 0.0 ], [ 12.579235078300584, 55.669569084882227, 0.0 ], [ 12.579142981568582, 55.669590206729097, 0.0 ], [ 12.57908822230406, 55.669548105063939, 0.0 ], [ 12.579156071211299, 55.669510606672951, 0.0 ], [ 12.570154137778507, 55.662714334573671, 0.0 ], [ 12.570102857561643, 55.66269622584965, 0.0 ], [ 12.568340771644122, 55.661366569609015, 0.0 ], [ 12.568332945582192, 55.661334786643721, 0.0 ], [ 12.568168780734398, 55.661191470288273, 0.0 ], [ 12.567502078344672, 55.660303422915867, 0.0 ], [ 12.568374374614635, 55.660088757470348, 0.0 ], [ 12.568056794962308, 55.659677275622826, 0.0 ], [ 12.56718469722326, 55.659892292824502, 0.0 ], [ 12.563442057520421, 55.655037773497774, 0.0 ], [ 12.563629108789396, 55.654994300475408, 0.0 ], [ 12.558716496319922, 55.648904470849949, 0.0 ], [ 12.554908288664105, 55.643981485922744, 0.0 ], [ 12.554892264011759, 55.643936272596193, 0.0 ], [ 12.554663158508651, 55.643769736359566, 0.0 ], [ 12.554577706969139, 55.643658468986793, 0.0 ], [ 12.554401111835951, 55.643674740328208, 0.0 ], [ 12.554283311332634, 55.643666107654226, 0.0 ], [ 12.55422071552311, 55.643615770746344, 0.0 ], [ 12.554259468638747, 55.643617074690624, 0.0 ], [ 12.554265832071769, 55.643601334416893, 0.0 ], [ 12.554253396900247, 55.643287073551392, 0.0 ], [ 12.554211143290399, 55.643287489638986, 0.0 ], [ 12.55420425698836, 55.64314490027958, 0.0 ], [ 12.554127943011702, 55.643143156959432, 0.0 ], [ 12.554111091511768, 55.642994112762892, 0.0 ], [ 12.554124126928945, 55.642994094419507, 0.0 ], [ 12.554124948838636, 55.642947043709924, 0.0 ], [ 12.554146465803074, 55.642945880231437, 0.0 ], [ 12.554123015500791, 55.642785428030834, 0.0 ], [ 12.55410712587428, 55.642785529144298, 0.0 ], [ 12.554105760993444, 55.642689806539515, 0.0 ], [ 12.554140402571084, 55.642689611221932, 0.0 ], [ 12.554141663746366, 55.642629869397901, 0.0 ], [ 12.554175361978832, 55.642629791343502, 0.0 ], [ 12.554177234095832, 55.642475078869062, 0.0 ], [ 12.554195966784542, 55.642374817062553, 0.0 ], [ 12.554115564356351, 55.642349004501682, 0.0 ], [ 12.553117222793956, 55.64271136565818, 0.0 ], [ 12.552984032353933, 55.642594287850059, 0.0 ], [ 12.552569961066455, 55.642740897494477, 0.0 ], [ 12.552486158833615, 55.642658264647814, 0.0 ], [ 12.552479489771752, 55.642675901947946, 0.0 ], [ 12.552009140379171, 55.642257570904121, 0.0 ], [ 12.552035267624936, 55.642258162443454, 0.0 ], [ 12.551983435059302, 55.642210749549491, 0.0 ], [ 12.551952124783652, 55.642196820591018, 0.0 ], [ 12.551970690866005, 55.6421771300936, 0.0 ], [ 12.551993121505504, 55.642187809614754, 0.0 ], [ 12.553709170427556, 55.641564748964903, 0.0 ], [ 12.553722847595285, 55.64157181553437, 0.0 ], [ 12.553990815077857, 55.641400844818882, 0.0 ], [ 12.553621615802999, 55.641179383417359, 0.0 ], [ 12.553493052813076, 55.641169443648259, 0.0 ], [ 12.551616533360557, 55.64150393102819, 0.0 ], [ 12.55150388941161, 55.641467901364145, 0.0 ], [ 12.551332670347449, 55.641236290028026, 0.0 ] ] ] } }
]
}
